scan_date,scan_timestamp,coin_id,symbol,name,current_price_usd,market_cap_usd,volume_24h_usd,change_24h_pct,change_7d_pct,rsi,macd_hist,ma_short,ma_long,ma_bullish,volume_surge_ratio,price_momentum_pct,score,signal,confidence,atr,atr_percent,bollinger_percent_b,bollinger_squeeze,liquidity_score,liquidity_is_real,liquidity_spread,liquidity_imbalance,sweep_detected,sweep_type,orderflow_buy_pressure,orderflow_sell_pressure,orderflow_is_real,large_swap_count,large_buys,large_sells,mtf_confluence_score,mtf_aligned_count,data_sources,telegram_message_id
2026-09-14 11:58:44,1789387124,shiba-inu,SHIB,Shiba Inu,5.23e-06,3084078925,61647065,0.5836,-3.9,55.71,,0.0,0.0,False,0.39,-3.7,0.4133,نگه‌داری,0.1733,0.0,5.7,0.472,False,0.7,True,0.019,-0.009,False,none,0.413,0.587,True,0,0,0,0.3,2,2 واقعی + 2 پروکسی,41
2026-09-14 11:58:44,1789387124,memecore,M,MemeCore,1.12,2535025104,1579542,-2.947,-1.3,48.43,,1.1731,1.1257,True,0.93,-3.41,0.5156,نگه‌داری,0.0311,,,0.465,False,0.7,False,0.3,,,,0.624,0.376,False,0,0,0,,,0 واقعی + 3 پروکسی,32
2026-09-14 11:58:44,1789387124,pump-fun,PUMP,Pump.fun,0.00361693,1695056480,101435831,-2.6717,-12.1,50.93,,0.0038,0.0042,False,0.18,-16.95,0.4467,نگه‌داری,0.1067,0.000519,14.32,0.171,False,0.7,True,0.055,-0.015,True,low_sweep,0.56,0.44,True,0,0,0,0.3,2,2 واقعی + 2 پروکسی,34
2026-09-14 11:58:44,1789387124,pepe,PEPE,Pepe,3.44e-06,1448254817,156396635,0.8468,-3.6,57.14,,0.0,0.0,False,0.41,-5.0,0.43,نگه‌داری,0.14,0.0,8.13,0.341,False,0.7,True,0.029,0.037,False,none,0.474,0.526,True,0,0,0,0.5,1,2 واقعی + 2 پروکسی,37
2026-09-14 11:58:44,1789387124,official-trump,TRUMP,Official Trump,1.99,543708058,134931836,0.7704,-12.1,52.54,,2.013,2.2624,False,0.32,-13.54,0.43,نگه‌داری,0.14,0.259615,13.03,0.201,False,0.8,True,0.05,0.203,False,none,0.493,0.507,True,0,0,0,0.3,2,2 واقعی + 2 پروکسی,38
2026-09-14 11:58:44,1789387124,spx6900,SPX,SPX6900,0.499314,465024006,6389346,3.8773,-8.0,55.94,,0.492,0.5407,False,0.36,-8.72,0.43,نگه‌داری,0.14,0.0495,9.92,0.26,False,0.6,True,0.12,-0.018,False,none,0.249,0.751,True,0,0,0,0.5,1,2 واقعی + 2 پروکسی,39
2026-09-14 11:58:44,1789387124,pudgy-penguins,PENGU,Pudgy Penguins,0.00711814,447803985,104466214,-0.9002,-17.9,48.38,,0.0074,0.0084,False,0.37,-15.81,0.4467,نگه‌داری,0.1067,0.000651,9.14,0.124,False,0.9,True,0.042,0.316,True,low_sweep,0.524,0.476,True,0,0,0,0.3,2,2 واقعی + 2 پروکسی,35
2026-09-14 11:58:44,1789387124,artificial-inu-3,AI,Artificial Inu,0.245717,243591393,19992035,-0.4871,10.5,43.35,,0.0195,0.0197,False,0.12,-5.86,0.4767,نگه‌داری,0.0467,0.000977,5.07,0.263,True,0.6,True,0.104,0.014,False,none,0.396,0.604,True,0,0,0,0.3,2,2 واقعی + 2 پروکسی,33
2026-09-14 11:58:44,1789387124,bonk,BONK,Bonk,2.74e-06,241509645,21466736,-0.4369,-12.5,50.48,,0.0,0.0,False,0.2,-12.52,0.43,نگه‌داری,0.14,0.0,9.13,0.21,False,0.8,True,0.073,0.11,False,none,0.478,0.522,True,0,0,0,0.3,2,2 واقعی + 2 پروکسی,40
2026-09-14 11:58:44,1789387124,floki,FLOKI,FLOKI,2.48e-05,239155069,13073020,1.2764,-4.3,56.5,,0.0,0.0,False,0.18,-5.56,0.4133,نگه‌داری,0.1733,2e-06,6.92,0.41,False,0.8,True,0.04,0.173,False,none,0.845,0.155,True,0,0,0,0.3,2,2 واقعی + 2 پروکسی,42
2026-09-14 11:58:44,1789387124,useless-3,USELESS,Useless Coin,0.199249,197863178,42216066,-8.5484,-9.5,57.42,,0.2284,0.1662,True,0.2,-14.41,0.44,نگه‌داری,0.12,0.042263,21.44,0.584,False,0.6,True,0.112,0.023,False,none,0.159,0.841,True,0,0,0,0.5,1,2 واقعی + 2 پروکسی,36
2026-09-14 17:31:18,1789407078,shiba-inu,SHIB,Shiba Inu,5.29e-06,3121647633,60187765,0.6867,-2.0,56.7,,0.0,0.0,False,0.69,-2.76,0.4133,نگه‌داری,0.1733,0.0,5.69,0.551,False,0.9,True,0.019,0.658,False,none,0.745,0.255,True,0,0,0,0.5,1,2 واقعی + 2 پروکسی,52
2026-09-14 17:31:18,1789407078,memecore,M,MemeCore,1.099,2495686522,2224333,-3.7196,-2.0,46.62,,1.1707,1.1249,True,1.3,-4.89,0.5556,نگه‌داری,0.1111,,,0.388,False,0.7,False,0.3,,,,0.619,0.381,False,0,0,0,,,0 واقعی + 3 پروکسی,44
2026-09-14 17:31:18,1789407078,pump-fun,PUMP,Pump.fun,0.00373942,1752807603,115452678,3.1532,-10.3,52.38,,0.0038,0.0042,False,0.35,-14.4,0.43,نگه‌داری,0.14,0.000528,14.15,0.226,False,0.6,True,0.134,0.054,True,low_sweep,0.196,0.804,True,0,0,0,0.3,2,2 واقعی + 2 پروکسی,48
2026-09-14 17:31:18,1789407078,pepe,PEPE,Pepe,3.51e-06,1475000122,183914145,2.569,-1.7,58.48,,0.0,0.0,False,0.76,-3.37,0.4133,نگه‌داری,0.1733,0.0,8.07,0.423,False,0.7,True,0.029,0.049,False,none,0.373,0.627,True,0,0,0,0.5,1,2 واقعی + 2 پروکسی,53
2026-09-14 17:31:18,1789407078,official-trump,TRUMP,Official Trump,2.04,556257809,180848248,2.6291,-9.5,53.76,,2.0193,2.2645,False,0.6,-11.63,0.43,نگه‌داری,0.14,0.263187,12.92,0.244,False,0.8,True,0.049,0.155,False,none,0.474,0.526,True,0,0,0,0.5,1,2 واقعی + 2 پروکسی,49
2026-09-14 17:31:18,1789407078,spx6900,SPX,SPX6900,0.515098,479036052,6522994,4.6621,-6.5,57.75,,0.4942,0.5414,False,0.71,-6.0,0.43,نگه‌داری,0.14,0.050128,9.75,0.337,False,0.6,True,0.175,0.071,False,none,0.507,0.493,True,0,0,0,0.5,1,2 واقعی + 2 پروکسی,50
2026-09-14 17:31:18,1789407078,pudgy-penguins,PENGU,Pudgy Penguins,0.00720974,453275061,123085426,-1.4387,-15.8,49.23,,0.0074,0.0084,False,0.57,-14.93,0.4467,نگه‌داری,0.1067,0.000653,9.07,0.144,False,0.8,True,0.056,0.157,True,low_sweep,0.374,0.626,True,0,0,0,0.3,2,2 واقعی + 2 پروکسی,46
2026-09-14 17:31:18,1789407078,artificial-inu-3,AI,Artificial Inu,0.308081,305421163,30427573,14.7033,46.1,42.94,,0.0195,0.0197,False,0.38,-6.1,0.4767,نگه‌داری,0.0467,0.000988,5.14,0.238,True,0.55,True,0.052,-0.115,True,low_sweep,0.303,0.697,True,0,0,0,0.3,2,2 واقعی + 2 پروکسی,45
2026-09-14 17:31:18,1789407078,bonk,BONK,Bonk,2.78e-06,244367731,23975819,0.4712,-11.4,51.42,,0.0,0.0,False,0.29,-11.47,0.43,نگه‌داری,0.14,0.0,9.07,0.248,False,0.8,True,0.072,0.239,False,none,0.444,0.556,True,0,0,0,0.3,2,2 واقعی + 2 پروکسی,51
2026-09-14 17:31:18,1789407078,floki,FLOKI,FLOKI,2.499e-05,240986387,14562076,1.2911,-4.1,57.29,,0.0,0.0,False,0.33,-4.76,0.4133,نگه‌داری,0.1733,2e-06,6.89,0.458,False,0.8,True,0.08,0.14,False,none,0.896,0.104,True,0,0,0,0.5,1,2 واقعی + 2 پروکسی,54
2026-09-14 17:31:18,1789407078,useless-3,USELESS,Useless Coin,0.210236,210196102,46748302,-3.1894,-11.7,60.19,,0.2303,0.1668,True,0.34,-8.66,0.4467,نگه‌داری,0.1067,0.042517,20.21,0.624,False,0.6,True,0.128,-0.066,True,low_sweep,0.499,0.501,True,0,0,0,0.5,1,2 واقعی + 2 پروکسی,47
2026-09-14 21:22:07,1789420927,shiba-inu,SHIB,Shiba Inu,5.31e-06,3126971091,75110442,1.0407,-2.4,57.25,,0.0,0.0,False,0.92,-2.23,0.4367,نگه‌داری,0.1267,0.0,5.77,0.596,False,0.7,True,0.019,-0.085,False,none,0.553,0.447,True,0,0,0,0.5,1,2 واقعی + 2 پروکسی,61
2026-09-14 21:22:07,1789420927,memecore,M,MemeCore,1.096,2491934137,2482494,-4.3977,-4.2,46.31,,1.1702,1.1247,True,1.46,-5.15,0.5556,نگه‌داری,0.1111,,,0.374,False,0.7,False,0.3,,,,0.617,0.383,False,0,0,0,,,0 واقعی + 3 پروکسی,56
2026-09-14 21:22:07,1789420927,pump-fun,PUMP,Pump.fun,0.00367406,1720273904,125222811,1.0705,-16.5,51.86,,0.0038,0.0042,False,0.44,-15.34,0.43,نگه‌داری,0.14,0.000528,14.3,0.206,False,0.8,True,0.054,0.186,True,low_sweep,0.83,0.17,True,0,0,0,0.3,2,2 واقعی + 2 پروکسی,63
2026-09-14 21:22:07,1789420927,pepe,PEPE,Pepe,3.51e-06,1478070999,216594392,2.6043,-2.4,58.93,,0.0,0.0,False,0.98,-2.79,0.4367,نگه‌داری,0.1267,0.0,8.17,0.453,False,0.7,True,0.028,0.061,True,high_sweep,0.66,0.34,True,0,0,0,0.5,1,2 واقعی + 2 پروکسی,62
2026-09-14 21:22:07,1789420927,official-trump,TRUMP,Official Trump,2.03,553347146,208191209,1.9656,-10.1,53.54,,2.0181,2.2641,False,0.72,-11.97,0.43,نگه‌داری,0.14,0.263187,12.97,0.236,False,0.8,True,0.049,0.163,False,none,0.52,0.48,True,0,0,0,0.5,1,2 واقعی + 2 پروکسی,64
2026-09-14 21:22:07,1789420927,spx6900,SPX,SPX6900,0.510009,474726052,7187633,2.8854,-6.8,57.34,,0.4937,0.5412,False,1.04,-6.64,0.4533,نگه‌داری,0.0933,0.05065,9.92,0.319,False,0.9,True,0.098,0.327,False,none,0.248,0.752,True,0,0,0,0.5,1,2 واقعی + 2 پروکسی,58
2026-09-14 21:22:07,1789420927,pudgy-penguins,PENGU,Pudgy Penguins,0.00719817,452438730,134764008,-0.6946,-15.6,49.4,,0.0074,0.0084,False,0.68,-14.75,0.4467,نگه‌داری,0.1067,0.000662,9.17,0.148,False,0.7,True,0.055,0.054,True,low_sweep,0.633,0.367,True,0,0,0,0.3,2,2 واقعی + 2 پروکسی,59
2026-09-14 21:22:07,1789420927,artificial-inu-3,AI,Artificial Inu,0.31624,313604579,43677201,16.2336,54.2,43.77,,0.0195,0.0197,False,0.43,-5.62,0.4767,نگه‌داری,0.0467,0.000988,5.11,0.29,True,0.8,True,0.052,0.103,True,low_sweep,0.345,0.655,True,0,0,0,0.3,2,2 واقعی + 2 پروکسی,57
2026-09-14 21:22:07,1789420927,bonk,BONK,Bonk,2.76e-06,243114511,26857039,0.1178,-11.7,51.0,,0.0,0.0,False,0.37,-11.95,0.43,نگه‌داری,0.14,0.0,9.23,0.231,False,0.8,True,0.036,0.252,False,none,0.351,0.649,True,0,0,0,0.3,2,2 واقعی + 2 پروکسی,65
2026-09-14 21:22:07,1789420927,floki,FLOKI,FLOKI,2.482e-05,239404334,17494018,0.8268,-5.6,56.5,,0.0,0.0,False,0.6,-5.56,0.4133,نگه‌داری,0.1733,2e-06,7.03,0.41,False,0.7,True,0.08,0.053,False,none,0.124,0.876,True,0,0,0,0.3,2,2 واقعی + 2 پروکسی,66
2026-09-14 21:22:07,1789420927,useless-3,USELESS,Useless Coin,0.20636,206342013,50788200,-9.9347,-7.9,59.68,,0.23,0.1667,True,0.43,-9.66,0.4467,نگه‌داری,0.1067,0.042823,20.58,0.617,False,0.6,True,0.14,-0.022,True,low_sweep,0.259,0.741,True,0,0,0,0.5,1,2 واقعی + 2 پروکسی,60
2026-09-15 03:04:27,1789441467,shiba-inu,SHIB,Shiba Inu,5.22e-06,3075525644,69435823,-0.0275,-5.0,54.72,,0.0,0.0,False,0.04,-3.7,0.4367,نگه‌داری,0.1267,0.0,5.66,0.433,False,0.55,True,0.019,-0.103,False,none,0.495,0.505,True,0,0,0,0.5,1,2 واقعی + 2 پروکسی,76
2026-09-15 03:04:27,1789441467,memecore,M,MemeCore,1.1,2501013789,2385402,-2.9009,-6.0,45.47,,1.1516,1.1211,True,1.34,-10.5,0.5156,نگه‌داری,0.0311,,,0.406,False,0.7,False,0.3,,,,0.607,0.393,False,0,0,0,,,0 واقعی + 3 پروکسی,68
2026-09-15 03:04:27,1789441467,pump-fun,PUMP,Pump.fun,0.00370687,1736812643,117221628,2.1484,-17.9,51.99,,0.0037,0.0042,False,0.07,-14.47,0.43,نگه‌داری,0.14,0.000503,13.65,0.229,False,0.7,True,0.081,0.045,False,none,0.369,0.631,True,0,0,0,0.5,1,2 واقعی + 2 پروکسی,77
2026-09-15 03:04:27,1789441467,pepe,PEPE,Pepe,3.47e-06,1461400622,193623795,1.0142,-4.8,57.75,,0.0,0.0,False,0.08,-5.33,0.43,نگه‌داری,0.14,0.0,8.01,0.387,False,0.7,True,0.029,-0.057,False,none,0.497,0.503,True,0,0,0,0.5,1,2 واقعی + 2 پروکسی,78
2026-09-15 03:04:27,1789441467,official-trump,TRUMP,Official Trump,2.0,545113399,188704647,0.9506,-13.8,53.04,,1.9809,2.2542,False,0.06,-10.56,0.43,نگه‌داری,0.14,0.256686,12.89,0.225,False,0.8,True,0.05,0.244,False,none,0.51,0.49,True,0,0,0,0.5,1,2 واقعی + 2 پروکسی,79
2026-09-15 03:04:27,1789441467,spx6900,SPX,SPX6900,0.48898,455234308,6908292,-1.7545,-10.4,54.52,,0.4864,0.5395,False,0.34,-7.65,0.4533,نگه‌داری,0.0933,0.049052,10.05,0.223,False,0.55,True,0.062,-0.166,False,none,0.32,0.68,True,0,0,0,0.5,1,2 واقعی + 2 پروکسی,71
2026-09-15 03:04:27,1789441467,pudgy-penguins,PENGU,Pudgy Penguins,0.00711995,447562742,123851592,-0.4405,-17.0,48.53,,0.0072,0.0083,False,0.06,-12.11,0.4467,نگه‌داری,0.1067,0.000638,8.99,0.15,False,0.8,True,0.07,0.222,False,none,0.822,0.178,True,0,0,0,0.3,2,2 واقعی + 2 پروکسی,73
2026-09-15 03:04:27,1789441467,artificial-inu-3,AI,Artificial Inu,0.281909,279461070,33936508,11.6005,3.7,42.81,,0.0193,0.0197,False,0.18,-4.7,0.4767,نگه‌داری,0.0467,0.000938,4.92,0.176,True,0.7,True,0.052,0.002,False,none,0.549,0.451,True,0,0,0,0.3,2,2 واقعی + 2 پروکسی,69
2026-09-15 03:04:27,1789441467,bonk,BONK,Bonk,2.71e-06,238852517,26056391,-1.3927,-14.2,49.54,,0.0,0.0,False,0.07,-10.92,0.4467,نگه‌داری,0.1067,0.0,9.03,0.199,False,0.8,True,0.037,0.218,False,none,0.38,0.62,True,0,0,0,0.3,2,2 واقعی + 2 پروکسی,74
2026-09-15 03:04:27,1789441467,floki,FLOKI,FLOKI,2.452e-05,236458401,15814895,-0.3813,-7.3,54.91,,0.0,0.0,False,0.01,-6.78,0.4533,نگه‌داری,0.0933,2e-06,6.88,0.345,False,0.8,True,0.082,0.128,False,none,0.442,0.558,True,0,0,0,0.5,1,2 واقعی + 2 پروکسی,72
2026-09-15 03:04:27,1789441467,ribbita-by-virtuals,TIBBIR,Ribbita by Virtuals,0.225159,225139780,3398830,4.6987,-2.2,54.7,,0.2064,0.2345,False,1.18,5.54,0.4611,نگه‌داری,0.0778,,,0.423,False,0.7,False,0.3,,,,0.473,0.527,False,0,0,0,,,0 واقعی + 3 پروکسی,70
2026-09-15 03:04:27,1789441467,useless-3,USELESS,Useless Coin,0.200486,200474438,48766615,-4.73,-11.7,57.81,,0.2162,0.1727,True,0.02,-29.68,0.44,نگه‌داری,0.12,0.040637,20.31,0.575,False,0.45,True,0.105,-0.119,False,none,0.538,0.462,True,0,0,0,0.5,1,2 واقعی + 2 پروکسی,75
2026-09-15 16:07:27,1789488447,shiba-inu,SHIB,Shiba Inu,5.11e-06,3010218791,71852467,-2.6339,-6.2,52.19,,0.0,0.0,False,0.44,-5.64,0.4533,نگه‌داری,0.0933,0.0,6.0,0.273,False,0.7,True,0.02,-0.072,False,none,0.338,0.662,True,0,0,0,0.3,2,2 واقعی + 2 پروکسی,99
2026-09-15 16:07:27,1789488447,memecore,M,MemeCore,1.11,2515562635,2449079,1.6291,-5.5,46.26,,1.1525,1.1214,True,1.38,-9.98,0.5389,نگه‌داری,0.0778,,,0.435,False,0.7,False,0.3,,,,0.607,0.393,False,0,0,0,,,0 واقعی + 3 پروکسی,95
2026-09-15 16:07:27,1789488447,pump-fun,PUMP,Pump.fun,0.00354327,1661097787,126618944,-2.2468,-18.8,49.82,,0.0037,0.0042,False,0.45,-18.05,0.4467,نگه‌داری,0.1067,0.000517,14.62,0.151,False,0.7,True,0.057,0.06,False,none,0.129,0.871,True,0,0,0,0.3,2,2 واقعی + 2 پروکسی,101
2026-09-15 16:07:27,1789488447,pepe,PEPE,Pepe,3.39e-06,1424817650,210692780,-2.4197,-7.1,55.24,,0.0,0.0,False,0.74,-7.58,0.43,نگه‌داری,0.14,0.0,8.48,0.265,False,0.7,True,0.03,0.016,False,none,0.641,0.359,True,0,0,0,0.5,1,2 واقعی + 2 پروکسی,105
2026-09-15 16:07:27,1789488447,official-trump,TRUMP,Official Trump,1.98,539423809,159174947,-2.5198,-12.5,52.43,,1.9781,2.2533,False,0.35,-11.41,0.43,نگه‌داری,0.14,0.260829,13.23,0.207,False,0.8,True,0.051,0.229,False,none,0.471,0.529,True,0,0,0,0.3,2,2 واقعی + 2 پروکسی,106
2026-09-15 16:07:27,1789488447,spx6900,SPX,SPX6900,0.470708,438391943,7360933,-4.93,-13.4,51.86,,0.4839,0.5387,False,1.52,-11.01,0.4933,نگه‌داری,0.0133,0.051031,10.85,0.135,False,0.6,True,0.106,0.056,True,low_sweep,0.363,0.637,True,0,0,0,0.3,2,2 واقعی + 2 پروکسی,96
2026-09-15 16:07:27,1789488447,pudgy-penguins,PENGU,Pudgy Penguins,0.00695856,437425918,91132422,-1.9237,-15.1,47.0,,0.0072,0.0083,False,0.52,-13.85,0.4467,نگه‌داری,0.1067,0.000658,9.45,0.112,False,0.7,True,0.101,0.207,True,low_sweep,0.57,0.43,True,0,0,0,0.3,2,2 واقعی + 2 پروکسی,102
2026-09-15 16:07:27,1789488447,artificial-inu-3,AI,Artificial Inu,0.300366,297563913,36620547,8.8736,33.1,49.31,,0.0194,0.0197,False,1.71,-1.4,0.4833,نگه‌داری,0.0333,0.001001,5.08,0.524,True,0.55,True,0.051,-0.27,True,low_sweep,0.391,0.609,True,0,0,0,0.3,2,2 واقعی + 2 پروکسی,97
2026-09-15 16:07:27,1789488447,bonk,BONK,Bonk,2.65e-06,233083267,25416395,-3.5871,-14.7,47.85,,0.0,0.0,False,0.38,-12.82,0.4467,نگه‌داری,0.1067,0.0,9.5,0.138,False,0.7,True,0.038,0.014,True,low_sweep,0.354,0.646,True,0,0,0,0.3,2,2 واقعی + 2 پروکسی,103
2026-09-15 16:07:27,1789488447,floki,FLOKI,FLOKI,2.399e-05,231406465,18547027,-2.8446,-8.5,52.87,,0.0,0.0,False,0.28,-8.38,0.4533,نگه‌داری,0.0933,2e-06,7.25,0.243,False,0.7,True,0.042,0.066,True,low_sweep,0.858,0.142,True,0,0,0,0.3,2,2 واقعی + 2 پروکسی,100
2026-09-15 16:07:27,1789488447,binance-peg-dogecoin,DOGE,Binance-Peg Dogecoin,0.081424,208849278,1844625,-2.0749,-8.3,51.45,,0.0837,0.0855,False,0.57,-9.47,0.47,نگه‌داری,0.06,0.005134,6.3,0.192,False,0.8,True,0.012,0.28,False,none,0.278,0.722,True,0,0,0,0.3,2,2 واقعی + 2 پروکسی,98
2026-09-15 16:07:27,1789488447,useless-3,USELESS,Useless Coin,0.203944,203474905,40795767,1.3573,-30.7,58.48,,0.2168,0.1729,True,0.1,-28.14,0.44,نگه‌داری,0.12,0.041186,20.15,0.589,False,0.6,True,0.142,0.099,False,none,0.447,0.553,True,0,0,0,0.5,1,2 واقعی + 2 پروکسی,104
2026-09-15 20:49:17,1789505357,shiba-inu,SHIB,Shiba Inu,4.96e-06,2920104807,81487072,-7.6421,-7.3,49.31,,0.0,0.0,False,0.9,-8.08,0.4933,نگه‌داری,0.0133,0.0,6.34,0.092,False,0.7,True,0.04,0.096,False,none,0.512,0.488,True,0,0,0,0.3,2,2 واقعی + 2 پروکسی,111
2026-09-15 20:49:17,1789505357,pump-fun,PUMP,Pump.fun,0.00351993,1648802892,129914138,-5.9143,-18.2,49.82,,0.0037,0.0042,False,0.98,-18.05,0.47,نگه‌داری,0.06,0.000518,14.67,0.151,False,0.7,True,0.057,0.049,True,low_sweep,0.78,0.22,True,0,0,0,0.3,2,2 واقعی + 2 پروکسی,112
2026-09-15 20:49:17,1789505357,pepe,PEPE,Pepe,3.32e-06,1398251344,229884217,-6.8963,-6.9,53.98,,0.0,0.0,False,1.32,-8.75,0.5,نگه‌داری,0.0,0.0,8.72,0.205,False,0.8,True,0.06,0.123,False,none,0.63,0.37,True,0,0,0,0.3,2,2 واقعی + 2 پروکسی,110
2026-09-15 20:49:17,1789505357,official-trump,TRUMP,Official Trump,1.87,511726949,185071135,-8.6062,-15.0,49.74,,1.9653,2.249,False,0.7,-15.45,0.4467,نگه‌داری,0.1067,0.266329,14.15,0.126,False,0.8,True,0.053,0.12,False,none,0.504,0.496,True,0,0,0,0.3,2,2 واقعی + 2 پروکسی,114
2026-09-15 20:49:17,1789505357,bianrensheng,币安人生,币安人生 (BinanceLife),0.475327,475326586,3713227,-0.4305,-3.9,47.64,,0.474,0.4944,False,0.62,-6.06,0.4311,نگه‌داری,0.1378,,,0.312,False,0.8,True,0.084,0.235,,,0.648,0.352,True,2,2,0,0.3,2,2 واقعی + 1 پروکسی,118
2026-09-15 20:49:17,1789505357,spx6900,SPX,SPX6900,0.462362,430453419,7794779,-10.9415,-13.0,50.92,,0.4829,0.5384,False,2.18,-12.28,0.5167,نگه‌داری,0.0333,0.051502,11.11,0.104,False,0.7,True,0.086,-0.095,False,none,0.369,0.631,True,0,0,0,0.3,2,2 واقعی + 2 پروکسی,109
2026-09-15 20:49:17,1789505357,pudgy-penguins,PENGU,Pudgy Penguins,0.00680884,428006427,139730832,-6.6491,-15.3,45.68,,0.0072,0.0082,False,0.8,-15.43,0.4467,نگه‌داری,0.1067,0.000668,9.78,0.079,False,0.7,True,0.073,0.053,False,none,0.489,0.511,True,0,0,0,0.3,2,2 واقعی + 2 پروکسی,115
2026-09-15 20:49:17,1789505357,artificial-inu-3,AI,Artificial Inu,0.289568,287053160,21995399,-11.0523,17.1,43.32,,0.0194,0.0197,False,2.26,-4.4,0.5467,نگه‌داری,0.0933,0.001029,5.39,0.205,True,0.7,True,0.052,0.097,True,high_sweep,0.24,0.76,True,0,0,0,0.3,2,2 واقعی + 2 پروکسی,108
2026-09-15 20:49:17,1789505357,bonk,BONK,Bonk,2.57e-06,226485307,30318871,-8.6583,-14.8,45.94,,0.0,0.0,False,0.61,-15.13,0.4467,نگه‌داری,0.1067,0.0,9.96,0.07,False,0.7,True,0.077,0.024,False,none,0.417,0.583,True,0,0,0,0.3,2,2 واقعی + 2 پروکسی,116
2026-09-15 20:49:17,1789505357,floki,FLOKI,FLOKI,2.338e-05,225486229,18905859,-7.2308,-10.3,50.12,,0.0,0.0,False,0.5,-10.75,0.4467,نگه‌داری,0.1067,2e-06,7.55,0.105,False,0.6,True,0.128,0.049,False,none,0.259,0.741,True,0,0,0,0.3,2,2 واقعی + 2 پروکسی,117
2026-09-15 20:49:17,1789505357,useless-3,USELESS,Useless Coin,0.214847,214833750,37878126,-0.9192,-20.3,60.15,,0.2185,0.1735,True,0.17,-24.04,0.4233,نگه‌داری,0.1533,0.041696,19.3,0.627,False,0.6,True,0.116,-0.014,False,none,0.589,0.411,True,0,0,0,0.5,1,2 واقعی + 2 پروکسی,119
2026-09-15 20:49:17,1789505357,binance-peg-dogecoin,DOGE,Binance-Peg Dogecoin,0.080526,206468339,2078622,-5.8452,-9.6,49.84,,0.0835,0.0854,False,1.14,-10.67,0.47,نگه‌داری,0.06,0.00528,6.57,0.119,False,0.7,True,0.012,0.022,False,none,0.787,0.213,True,0,0,0,0.3,2,2 واقعی + 2 پروکسی,113
2026-09-16 03:01:02,1789527662,shiba-inu,SHIB,Shiba Inu,4.92e-06,2895633761,86606850,-5.8299,-10.1,49.19,,0.0,0.0,False,0.13,-6.24,0.47,نگه‌داری,0.06,0.0,6.21,0.089,False,0.8,True,0.02,0.222,True,low_sweep,0.52,0.48,True,0,0,0,0.3,2,2 واقعی + 2 پروکسی,124
2026-09-16 03:01:02,1789527662,memecore,M,MemeCore,1.13,2564708866,2415048,2.4795,-6.7,48.51,,1.1446,1.1221,True,1.47,-6.99,0.5389,نگه‌داری,0.0778,,,0.528,False,0.7,False,0.3,,,,0.55,0.45,False,0,0,0,,,0 واقعی + 3 پروکسی,121
2026-09-16 03:01:02,1789527662,pump-fun,PUMP,Pump.fun,0.00344482,1612884009,132783415,-7.1417,-22.8,47.53,,0.0036,0.0041,False,0.15,-15.74,0.4467,نگه‌داری,0.1067,0.000498,14.44,0.136,False,0.7,True,0.087,0.034,False,none,0.221,0.779,True,0,0,0,0.3,2,2 واقعی + 2 پروکسی,128
2026-09-16 03:01:02,1789527662,pepe,PEPE,Pepe,3.37e-06,1418257576,244008616,-2.9616,-9.8,55.6,,0.0,0.0,False,0.1,-2.9,0.43,نگه‌داری,0.14,0.0,8.38,0.269,False,0.7,True,0.03,0.096,False,none,0.53,0.47,True,0,0,0,0.3,2,2 واقعی + 2 پروکسی,132
2026-09-16 03:01:02,1789527662,official-trump,TRUMP,Official Trump,1.87,509833495,193455152,-6.5502,-17.5,49.99,,1.9423,2.2273,False,0.3,-7.93,0.47,نگه‌داری,0.06,0.260519,13.93,0.152,False,0.8,True,0.054,0.199,False,none,0.491,0.509,True,0,0,0,0.3,2,2 واقعی + 2 پروکسی,125
2026-09-16 03:01:02,1789527662,spx6900,SPX,SPX6900,0.461116,429379106,7463471,-5.8639,-14.3,51.45,,0.4803,0.5314,False,0.05,-3.71,0.47,نگه‌داری,0.06,0.049607,10.73,0.138,False,0.6,True,0.108,0.036,False,none,0.812,0.188,True,0,0,0,0.3,2,2 واقعی + 2 پروکسی,126
2026-09-16 03:01:02,1789527662,pudgy-penguins,PENGU,Pudgy Penguins,0.00679812,427270639,143390953,-4.654,-16.6,46.12,,0.0071,0.0081,False,0.05,-11.17,0.4467,نگه‌داری,0.1067,0.000647,9.5,0.104,False,0.9,True,0.073,0.4,False,none,0.601,0.399,True,0,0,0,0.3,2,2 واقعی + 2 پروکسی,129
2026-09-16 03:01:02,1789527662,artificial-inu-3,AI,Artificial Inu,0.274082,272269993,22393402,-3.115,16.8,44.32,,0.0192,0.0196,False,0.26,-2.43,0.4933,نگه‌داری,0.0133,0.001077,5.7,0.195,False,0.7,True,0.053,-0.09,False,none,0.638,0.362,True,0,0,0,0.3,2,2 واقعی + 2 پروکسی,122
2026-09-16 03:01:02,1789527662,floki,FLOKI,FLOKI,2.324e-05,224149301,18970685,-5.2285,-12.7,50.29,,0.0,0.0,False,0.03,-6.24,0.47,نگه‌داری,0.06,2e-06,7.4,0.114,False,0.6,True,0.129,0.08,True,low_sweep,0.507,0.493,True,0,0,0,0.3,2,2 واقعی + 2 پروکسی,127
2026-09-16 03:01:02,1789527662,bonk,BONK,Bonk,2.54e-06,223987266,31400207,-6.286,-17.4,45.82,,0.0,0.0,False,0.07,-11.27,0.4467,نگه‌داری,0.1067,0.0,9.71,0.092,False,0.7,True,0.078,0.013,True,low_sweep,0.68,0.32,True,0,0,0,0.3,2,2 واقعی + 2 پروکسی,130
2026-09-16 03:01:02,1789527662,useless-3,USELESS,Useless Coin,0.220759,220664679,37429612,9.89,-24.4,61.14,,0.2175,0.1806,True,0.03,-2.5,0.4467,نگه‌داری,0.1067,0.039797,18.13,0.62,False,0.7,True,0.127,0.166,False,none,0.393,0.607,True,0,0,0,0.5,1,2 واقعی + 2 پروکسی,131
2026-09-16 03:01:02,1789527662,ribbita-by-virtuals,TIBBIR,Ribbita by Virtuals,0.206867,206917343,2395851,-8.1355,-4.5,50.5,,0.2052,0.2312,False,0.84,6.02,0.4722,نگه‌داری,0.0556,0.042772,20.67,0.301,False,0.7,False,0.3,,False,none,0.484,0.516,False,0,0,0,,,0 واقعی + 4 پروکسی,123
2026-09-16 10:45:19,1789555519,shiba-inu,SHIB,Shiba Inu,4.88e-06,2876706662,88718625,-5.4434,-11.2,48.41,,0.0,0.0,False,0.36,-6.95,0.47,نگه‌داری,0.06,0.0,6.34,0.046,False,0.7,True,0.02,-0.049,False,none,0.56,0.44,True,0,0,0,0.3,2,2 واقعی + 2 پروکسی,137
2026-09-16 10:45:19,1789555519,pump-fun,PUMP,Pump.fun,0.00361678,1693323531,141559501,0.0839,-20.1,50.09,,0.0036,0.0041,False,0.38,-11.34,0.43,نگه‌داری,0.14,0.000505,13.91,0.229,False,0.8,True,0.083,0.175,True,low_sweep,0.222,0.778,True,0,0,0,0.3,2,2 واقعی + 2 پروکسی,146
2026-09-16 10:45:19,1789555519,pepe,PEPE,Pepe,3.34e-06,1407847637,237713528,-2.8199,-10.1,54.74,,0.0,0.0,False,0.32,-3.71,0.4533,نگه‌داری,0.0933,0.0,8.49,0.223,False,0.7,True,0.03,-0.012,False,none,0.452,0.548,True,0,0,0,0.3,2,2 واقعی + 2 پروکسی,142
2026-09-16 10:45:19,1789555519,official-trump,TRUMP,Official Trump,1.87,511172289,197190437,-5.2144,-17.9,50.17,,1.9431,2.2276,False,0.94,-7.63,0.4933,نگه‌داری,0.0133,0.260661,13.89,0.158,False,0.8,True,0.053,0.273,False,none,0.505,0.495,True,0,0,0,0.3,2,2 واقعی + 2 پروکسی,135
2026-09-16 10:45:19,1789555519,bianrensheng,币安人生,币安人生 (BinanceLife),0.478905,478819387,2820718,1.4589,-8.0,49.59,,0.4735,0.4927,False,0.49,-1.12,0.4533,نگه‌داری,0.0933,0.02642,5.52,0.363,False,0.4,True,0.083,-0.351,False,none,0.525,0.475,True,0,0,0,0.5,1,2 واقعی + 2 پروکسی,143
2026-09-16 10:45:19,1789555519,spx6900,SPX,SPX6900,0.46541,433171118,7520567,-4.6983,-13.4,51.87,,0.4808,0.5315,False,0.39,-3.08,0.47,نگه‌داری,0.06,0.050035,10.76,0.152,False,0.6,True,0.107,0.091,False,none,0.499,0.501,True,0,0,0,0.3,2,2 واقعی + 2 پروکسی,138
2026-09-16 10:45:19,1789555519,pudgy-penguins,PENGU,Pudgy Penguins,0.00684886,430350068,121360546,-2.844,-17.0,46.54,,0.0071,0.0081,False,0.32,-10.66,0.4467,نگه‌داری,0.1067,0.000649,9.48,0.115,False,0.7,True,0.015,0.049,False,none,0.408,0.592,True,0,0,0,0.3,2,2 واقعی + 2 پروکسی,144
2026-09-16 10:45:19,1789555519,artificial-inu-3,AI,Artificial Inu,0.270818,268272984,19257647,-10.7246,16.5,42.12,,0.0191,0.0196,False,1.28,-3.61,0.54,نگه‌داری,0.08,0.001082,5.79,0.1,False,0.7,True,0.054,-0.07,False,none,0.214,0.786,True,0,0,0,0.3,2,2 واقعی + 2 پروکسی,134
2026-09-16 10:45:19,1789555519,ape-and-pepe,APEPE,Ape and Pepe,1.2e-06,251501228,9403246,-1.2386,1.4,53.51,,0.0,0.0,True,0.69,-4.8,0.4922,نگه‌داری,0.0156,,,0.498,False,0.9,False,0.1,,,,0.562,0.438,False,0,0,0,,,0 واقعی + 3 پروکسی,136
2026-09-16 10:45:19,1789555519,useless-3,USELESS,Useless Coin,0.234068,233969435,48817567,14.7784,-24.7,63.08,,0.2195,0.1813,True,0.14,3.87,0.47,نگه‌داری,0.06,0.041543,17.76,0.668,False,0.6,True,0.119,0.065,True,high_sweep,0.605,0.395,True,0,0,0,0.7,2,2 واقعی + 2 پروکسی,141
2026-09-16 10:45:19,1789555519,floki,FLOKI,FLOKI,2.317e-05,223365560,18507090,-4.3016,-12.4,49.81,,0.0,0.0,False,0.11,-6.68,0.47,نگه‌داری,0.06,2e-06,7.47,0.091,False,0.7,True,0.129,0.1,True,low_sweep,0.667,0.333,True,0,0,0,0.3,2,2 واقعی + 2 پروکسی,139
2026-09-16 10:45:19,1789555519,bonk,BONK,Bonk,2.53e-06,222199090,33065324,-5.6768,-17.9,45.18,,0.0,0.0,False,0.22,-12.1,0.4467,نگه‌داری,0.1067,0.0,9.81,0.071,False,0.7,True,0.079,0.073,False,none,0.625,0.375,True,0,0,0,0.3,2,2 واقعی + 2 پروکسی,145
2026-09-16 10:45:19,1789555519,binance-peg-dogecoin,DOGE,Binance-Peg Dogecoin,0.079671,204255032,1577237,-3.6671,-12.5,49.65,,0.0826,0.085,False,0.17,-7.26,0.47,نگه‌داری,0.06,0.005148,6.44,0.129,False,0.7,True,0.013,0.032,False,none,0.619,0.381,True,0,0,0,0.3,2,2 واقعی + 2 پروکسی,140
2026-09-16 16:00:51,1789574451,shiba-inu,SHIB,Shiba Inu,4.76e-06,2804121050,86996903,-6.9672,-12.0,46.03,,0.0,0.0,False,0.78,-9.27,0.47,نگه‌داری,0.06,0.0,6.6,-0.078,False,0.8,True,0.021,0.153,False,none,0.502,0.498,True,0,0,0,0.3,2,2 واقعی + 2 پروکسی,152
2026-09-16 16:00:51,1789574451,pump-fun,PUMP,Pump.fun,0.00359567,1682623164,140621753,1.1017,-23.0,49.85,,0.0036,0.0041,False,0.69,-11.76,0.43,نگه‌داری,0.14,0.000508,14.08,0.22,False,0.8,True,0.055,0.117,True,low_sweep,0.328,0.672,True,0,0,0,0.3,2,2 واقعی + 2 پروکسی,159
2026-09-16 16:00:51,1789574451,pepe,PEPE,Pepe,3.32e-06,1395101840,210618659,-1.9504,-9.6,53.96,,0.0,0.0,False,0.56,-4.46,0.47,نگه‌داری,0.06,0.0,8.6,0.181,False,0.7,True,0.03,-0.011,False,none,0.647,0.353,True,0,0,0,0.3,2,2 واقعی + 2 پروکسی,153
2026-09-16 16:00:51,1789574451,official-trump,TRUMP,Official Trump,1.82,496031278,189855900,-8.1567,-18.6,48.52,,1.9349,2.2249,False,1.54,-10.49,0.4933,نگه‌داری,0.0133,0.263019,14.47,0.108,False,0.8,True,0.11,0.43,False,none,0.496,0.504,True,0,0,0,0.3,2,2 واقعی + 2 پروکسی,149
2026-09-16 16:00:51,1789574451,bianrensheng,币安人生,币安人生 (BinanceLife),0.472189,472296736,2826022,0.4937,-7.5,48.11,,0.4725,0.4924,False,0.49,-2.51,0.4311,نگه‌داری,0.1378,,,0.298,False,0.55,True,0.063,-0.176,,,0.433,0.567,True,0,0,0,0.5,1,2 واقعی + 1 پروکسی,158
2026-09-16 16:00:51,1789574451,pudgy-penguins,PENGU,Pudgy Penguins,0.00671567,422257462,157394090,-3.5994,-16.9,45.24,,0.0071,0.0081,False,0.51,-12.29,0.4467,نگه‌داری,0.1067,0.000652,9.7,0.081,False,0.8,True,0.045,0.208,False,none,0.511,0.489,True,0,0,0,0.3,2,2 واقعی + 2 پروکسی,157
2026-09-16 16:00:51,1789574451,spx6900,SPX,SPX6900,0.451001,419586673,7400437,-4.1263,-13.0,49.86,,0.4787,0.5308,False,0.86,-6.08,0.4933,نگه‌داری,0.0133,0.051107,11.34,0.087,False,0.6,True,0.111,-0.039,False,none,0.414,0.586,True,0,0,0,0.3,2,2 واقعی + 2 پروکسی,150
2026-09-16 16:00:51,1789574451,artificial-inu-3,AI,Artificial Inu,0.273212,270953434,17559958,-8.8424,17.1,38.97,,0.0191,0.0195,False,1.63,-5.16,0.54,نگه‌داری,0.08,0.001092,5.94,-0.009,False,0.7,True,0.055,-0.028,False,none,0.683,0.317,True,0,0,0,0.3,2,2 واقعی + 2 پروکسی,148
2026-09-16 16:00:51,1789574451,useless-3,USELESS,Useless Coin,0.223867,224226205,45116651,9.565,-24.5,61.93,,0.2183,0.1809,True,0.21,0.0,0.47,نگه‌داری,0.06,0.041543,18.45,0.639,False,0.7,True,0.107,0.18,True,high_sweep,0.353,0.647,True,0,0,0,0.7,2,2 واقعی + 2 پروکسی,156
2026-09-16 16:00:51,1789574451,floki,FLOKI,FLOKI,2.28e-05,219947907,16667536,-4.9392,-12.7,48.16,,0.0,0.0,False,0.22,-8.29,0.47,نگه‌داری,0.06,2e-06,7.66,0.013,False,0.7,True,0.088,0.047,False,none,0.365,0.635,True,0,0,0,0.3,2,2 واقعی + 2 پروکسی,154
2026-09-16 16:00:51,1789574451,bonk,BONK,Bonk,2.47e-06,217307021,36093999,-6.7914,-18.2,43.79,,0.0,0.0,False,0.45,-14.02,0.47,نگه‌داری,0.06,0.0,10.18,0.024,False,0.9,True,0.081,0.467,False,none,0.847,0.153,True,0,0,0,0.3,2,2 واقعی + 2 پروکسی,155
2026-09-16 16:00:51,1789574451,build-on,B,BUILDon,0.187199,187329581,5944999,-6.2248,-3.8,54.03,,0.2009,0.169,True,0.81,-7.51,0.4933,نگه‌داری,0.0133,0.045861,24.49,0.629,False,0.7,False,0.3,,False,none,0.629,0.371,False,0,0,0,,,0 واقعی + 4 پروکسی,151
2026-09-16 20:49:13,1789591753,shiba-inu,SHIB,Shiba Inu,4.89e-06,2880786069,89019836,-1.3604,-9.5,48.66,,0.0,0.0,False,1.3,-6.72,0.5167,نگه‌داری,0.0333,0.0,6.44,0.06,False,0.8,True,0.02,0.118,True,low_sweep,0.491,0.509,True,0,0,0,0.3,2,2 واقعی + 2 پروکسی,163
2026-09-16 20:49:13,1789591753,pump-fun,PUMP,Pump.fun,0.00366436,1715522317,147872073,4.1767,-22.4,50.91,,0.0036,0.0041,False,1.01,-9.9,0.4767,نگه‌داری,0.0467,0.000515,13.98,0.26,False,0.6,True,0.109,0.043,True,low_sweep,0.253,0.747,True,0,0,0,0.3,2,2 واقعی + 2 پروکسی,165
2026-09-16 20:49:13,1789591753,pepe,PEPE,Pepe,3.38e-06,1421620740,204981383,1.6824,-6.0,55.88,,0.0,0.0,False,1.0,-2.65,0.4533,نگه‌داری,0.0933,0.0,8.48,0.284,False,0.7,True,0.03,0.092,False,none,0.502,0.498,True,0,0,0,0.3,2,2 واقعی + 2 پروکسی,170
2026-09-16 20:49:13,1789591753,official-trump,TRUMP,Official Trump,1.9,519222276,184592623,1.3191,-13.6,51.15,,1.948,2.2292,False,2.22,-5.96,0.54,نگه‌داری,0.08,0.264447,13.85,0.188,False,0.7,True,0.105,0.251,True,low_sweep,0.553,0.447,True,0,0,0,0.3,2,2 واقعی + 2 پروکسی,162
2026-09-16 20:49:13,1789591753,bianrensheng,币安人生,币安人生 (BinanceLife),0.473054,473053703,2381281,-0.4868,-6.7,48.25,,0.4726,0.4924,False,0.41,-2.38,0.4311,نگه‌داری,0.1378,,,0.304,False,0.55,True,0.042,-0.209,,,0.622,0.378,True,0,0,0,0.5,1,2 واقعی + 1 پروکسی,172
2026-09-16 20:49:13,1789591753,pudgy-penguins,PENGU,Pudgy Penguins,0.00688181,432583737,163416245,1.0099,-13.1,47.01,,0.0071,0.0081,False,0.69,-10.16,0.4467,نگه‌داری,0.1067,0.000656,9.51,0.125,False,0.8,True,0.044,0.172,False,none,0.641,0.359,True,0,0,0,0.3,2,2 واقعی + 2 پروکسی,171
2026-09-16 20:49:13,1789591753,spx6900,SPX,SPX6900,0.454791,423421128,8098695,-1.7395,-11.8,50.68,,0.4796,0.5311,False,1.71,-4.83,0.5167,نگه‌داری,0.0333,0.051821,11.34,0.114,False,0.7,True,0.109,0.109,True,low_sweep,0.402,0.598,True,0,0,0,0.3,2,2 واقعی + 2 پروکسی,164
2026-09-16 20:49:13,1789591753,artificial-inu-3,AI,Artificial Inu,0.261781,259858343,19890127,-9.2871,19.2,38.33,,0.0191,0.0195,False,3.63,-5.57,0.5867,نگه‌داری,0.1733,0.001116,6.1,-0.035,False,0.6,True,0.109,-0.027,True,low_sweep,0.362,0.638,True,0,0,0,0.3,2,2 واقعی + 2 پروکسی,161
2026-09-16 20:49:13,1789591753,useless-3,USELESS,Useless Coin,0.228778,228803510,44861492,5.8128,-12.3,62.41,,0.2188,0.1811,True,0.31,1.6,0.47,نگه‌داری,0.06,0.041543,18.16,0.651,False,0.6,True,0.144,-0.043,True,high_sweep,0.097,0.903,True,0,0,0,0.7,2,2 واقعی + 2 پروکسی,169
2026-09-16 20:49:13,1789591753,bonk,BONK,Bonk,2.58e-06,227294123,37994041,0.4196,-14.7,47.26,,0.0,0.0,False,0.73,-9.57,0.47,نگه‌داری,0.06,0.0,9.74,0.138,False,0.7,True,0.077,-0.078,True,low_sweep,0.461,0.539,True,0,0,0,0.3,2,2 واقعی + 2 پروکسی,166
2026-09-16 20:49:13,1789591753,floki,FLOKI,FLOKI,2.34e-05,225651104,16457448,0.0719,-9.7,50.88,,0.0,0.0,False,0.32,-5.67,0.47,نگه‌داری,0.06,2e-06,7.52,0.145,False,0.7,True,0.128,0.176,True,low_sweep,0.826,0.174,True,0,0,0,0.3,2,2 واقعی + 2 پروکسی,167
2026-09-16 20:49:13,1789591753,build-on,B,BUILDon,0.187564,187565837,3465773,-3.9999,-7.7,54.07,,0.2009,0.169,True,0.52,-7.45,0.47,نگه‌داری,0.06,0.04715,25.16,0.63,False,0.7,False,0.3,,True,low_sweep,0.637,0.363,False,0,0,0,,,0 واقعی + 4 پروکسی,168
2026-09-17 03:04:05,1789614245,shiba-inu,SHIB,Shiba Inu,4.97e-06,2930009650,90498874,0.8292,-4.2,48.15,,0.0,0.0,False,0.17,-1.13,0.47,نگه‌داری,0.06,0.0,6.09,0.179,False,0.7,True,0.04,0.055,False,none,0.497,0.503,True,0,0,0,0.3,2,2 واقعی + 2 پروکسی,179
2026-09-17 03:04:05,1789614245,memecore,M,MemeCore,1.11,2524194968,1583157,-2.1987,-8.3,46.49,,1.1381,1.1216,True,1.05,-3.68,0.5156,نگه‌داری,0.0311,,,0.424,False,0.7,False,0.3,,,,0.524,0.476,False,0,0,0,,,0 واقعی + 3 پروکسی,174
2026-09-17 03:04:05,1789614245,pump-fun,PUMP,Pump.fun,0.00380278,1780141642,168225273,10.082,-5.0,53.51,,0.0036,0.0041,False,0.1,4.18,0.4767,نگه‌داری,0.0467,0.000503,13.21,0.357,False,0.7,True,0.079,0.056,False,none,0.31,0.69,True,0,0,0,0.5,1,2 واقعی + 2 پروکسی,177
2026-09-17 03:04:05,1789614245,pepe,PEPE,Pepe,3.44e-06,1446712419,205285627,1.7114,-0.2,55.38,,0.0,0.0,False,0.13,6.62,0.4367,نگه‌داری,0.1267,0.0,7.93,0.413,False,0.7,True,0.029,0.088,False,none,0.518,0.482,True,0,0,0,0.3,2,2 واقعی + 2 پروکسی,185
2026-09-17 03:04:05,1789614245,official-trump,TRUMP,Official Trump,1.94,529150343,197149859,3.6008,-3.0,48.69,,1.951,2.2014,False,0.24,-0.1,0.4533,نگه‌داری,0.0933,0.252441,13.02,0.228,False,0.9,True,0.052,0.344,False,none,0.464,0.536,True,0,0,0,0.3,2,2 واقعی + 2 پروکسی,181
2026-09-17 03:04:05,1789614245,pudgy-penguins,PENGU,Pudgy Penguins,0.00705007,443170366,129115560,3.4826,-5.2,48.14,,0.0071,0.008,False,0.15,-4.05,0.4533,نگه‌داری,0.0933,0.000633,8.97,0.202,False,0.9,True,0.057,0.546,False,none,0.721,0.279,True,0,0,0,0.3,2,2 واقعی + 2 پروکسی,182
2026-09-17 03:04:05,1789614245,spx6900,SPX,SPX6900,0.470891,438393521,9654088,1.9736,0.3,51.24,,0.4791,0.5253,False,0.33,-0.32,0.4533,نگه‌داری,0.0933,0.050071,10.64,0.215,False,0.7,True,0.064,-0.023,False,none,0.374,0.626,True,0,0,0,0.3,2,2 واقعی + 2 پروکسی,183
2026-09-17 03:04:05,1789614245,artificial-inu-3,AI,Artificial Inu,0.274935,272545920,19200596,0.3988,46.6,35.95,,0.019,0.0195,False,0.07,-3.94,0.4933,نگه‌داری,0.0133,0.001044,5.64,0.093,False,0.45,True,0.108,-0.259,False,none,0.182,0.818,True,0,0,0,0.3,2,2 واقعی + 2 پروکسی,176
2026-09-17 03:04:05,1789614245,useless-3,USELESS,Useless Coin,0.242109,242094675,46514012,10.0865,8.2,64.21,,0.2207,0.1895,True,0.05,4.94,0.47,نگه‌داری,0.06,0.039804,16.39,0.682,False,0.6,True,0.12,0.063,False,none,0.722,0.278,True,0,0,0,0.7,2,2 واقعی + 2 پروکسی,180
2026-09-17 03:04:05,1789614245,bonk,BONK,Bonk,2.67e-06,234743530,42174956,4.5454,-4.9,48.17,,0.0,0.0,False,0.1,1.14,0.4767,نگه‌داری,0.0467,0.0,9.22,0.232,False,0.7,True,0.075,0.006,False,none,0.456,0.544,True,0,0,0,0.3,2,2 واقعی + 2 پروکسی,178
2026-09-17 03:04:05,1789614245,floki,FLOKI,FLOKI,2.357e-05,227330400,16529516,1.1806,-4.0,49.37,,0.0,0.0,False,0.03,-0.42,0.4533,نگه‌داری,0.0933,2e-06,7.1,0.209,False,0.7,True,0.127,0.133,False,none,0.378,0.622,True,0,0,0,0.3,2,2 واقعی + 2 پروکسی,184
2026-09-17 03:04:05,1789614245,ribbita-by-virtuals,TIBBIR,Ribbita by Virtuals,0.212419,212407225,1586838,2.5642,9.1,49.45,,0.21,0.2288,False,0.58,14.33,0.5,نگه‌داری,0.0,0.028564,13.47,0.36,False,0.7,False,0.3,,True,high_sweep,0.454,0.546,False,0,0,0,,,0 واقعی + 4 پروکسی,175
2026-09-17 10:52:43,1789642363,shiba-inu,SHIB,Shiba Inu,5.02e-06,2955568693,90350647,2.6694,-2.6,49.21,,0.0,0.0,False,0.38,-0.24,0.4533,نگه‌داری,0.0933,0.0,6.09,0.236,False,0.9,True,0.02,0.406,False,none,0.471,0.529,True,0,0,0,0.3,2,2 واقعی + 2 پروکسی,196
2026-09-17 10:52:43,1789642363,memecore,M,MemeCore,1.12,2555231670,1622375,2.0592,-7.6,47.92,,1.14,1.1223,True,1.08,-2.52,0.5156,نگه‌داری,0.0311,,,0.488,False,0.7,False,0.3,,,,0.523,0.477,False,0,0,0,,,0 واقعی + 3 پروکسی,187
2026-09-17 10:52:43,1789642363,pump-fun,PUMP,Pump.fun,0.00387908,1814876796,187615930,7.1892,-1.8,54.43,,0.0036,0.0041,False,0.38,6.15,0.4767,نگه‌داری,0.0467,0.000511,13.16,0.399,False,0.8,True,0.052,0.246,False,none,0.463,0.537,True,0,0,0,0.5,1,2 واقعی + 2 پروکسی,191
2026-09-17 10:52:43,1789642363,pepe,PEPE,Pepe,3.45e-06,1453193231,212493149,3.1333,1.0,55.72,,0.0,0.0,False,0.35,7.02,0.4367,نگه‌داری,0.1267,0.0,7.99,0.437,False,0.7,True,0.029,0.015,False,none,0.422,0.578,True,0,0,0,0.3,2,2 واقعی + 2 پروکسی,198
2026-09-17 10:52:43,1789642363,official-trump,TRUMP,Official Trump,1.94,528588995,200605155,3.3442,-3.1,48.69,,1.951,2.2014,False,0.83,-0.1,0.4767,نگه‌داری,0.0467,0.253441,13.07,0.228,False,0.8,True,0.052,0.243,False,none,0.504,0.496,True,0,0,0,0.3,2,2 واقعی + 2 پروکسی,192
2026-09-17 10:52:43,1789642363,pudgy-penguins,PENGU,Pudgy Penguins,0.00714182,448777675,149401390,4.3138,-5.2,49.38,,0.0071,0.008,False,0.64,-2.63,0.4533,نگه‌داری,0.0933,0.00065,9.08,0.233,False,0.8,True,0.098,0.131,False,none,0.376,0.624,True,0,0,0,0.3,2,2 واقعی + 2 پروکسی,197
2026-09-17 10:52:43,1789642363,spx6900,SPX,SPX6900,0.465916,433678526,10413307,0.109,-4.4,50.57,,0.4785,0.5251,False,0.87,-1.31,0.4933,نگه‌داری,0.0133,0.050357,10.81,0.193,False,0.6,True,0.107,-0.048,False,none,0.291,0.709,True,0,0,0,0.3,2,2 واقعی + 2 پروکسی,188
2026-09-17 10:52:43,1789642363,artificial-inu-3,AI,Artificial Inu,0.284083,281620973,22411494,4.6055,44.1,35.81,,0.019,0.0195,False,0.47,-4.05,0.4933,نگه‌داری,0.0133,0.001055,5.71,0.086,False,0.55,True,0.054,-0.237,False,none,0.555,0.445,True,0,0,0,0.3,2,2 واقعی + 2 پروکسی,189
2026-09-17 10:52:43,1789642363,useless-3,USELESS,Useless Coin,0.270956,270719906,60974344,13.9495,12.0,67.75,,0.2251,0.1909,True,0.24,18.04,0.4933,نگه‌داری,0.0133,0.042459,15.54,0.787,False,0.7,True,0.165,0.141,False,none,0.534,0.466,True,0,0,0,0.7,2,2 واقعی + 2 پروکسی,190
2026-09-17 10:52:43,1789642363,bonk,BONK,Bonk,2.69e-06,236256325,44326453,6.4048,-4.0,48.85,,0.0,0.0,False,0.3,1.97,0.4767,نگه‌داری,0.0467,0.0,9.2,0.254,False,0.8,True,0.074,0.166,False,none,0.31,0.69,True,0,0,0,0.3,2,2 واقعی + 2 پروکسی,193
2026-09-17 10:52:43,1789642363,floki,FLOKI,FLOKI,2.376e-05,229082875,16824534,2.5593,-1.0,50.37,,0.0,0.0,False,0.12,0.51,0.4767,نگه‌داری,0.0467,2e-06,7.12,0.259,False,0.7,True,0.084,-0.037,False,none,0.633,0.367,True,0,0,0,0.3,2,2 واقعی + 2 پروکسی,194
2026-09-17 10:52:43,1789642363,ribbita-by-virtuals,TIBBIR,Ribbita by Virtuals,0.19738,197448906,1584447,-2.9567,10.5,46.16,,0.2079,0.2281,False,0.58,6.49,0.4544,نگه‌داری,0.0911,,,0.227,False,0.7,False,0.3,,,,0.454,0.546,False,0,0,0,,,0 واقعی + 3 پروکسی,195
2026-09-17 16:07:58,1789661278,shiba-inu,SHIB,Shiba Inu,5.16e-06,3047594074,93042196,8.0961,1.5,52.36,,0.0,0.0,False,0.71,2.62,0.46,نگه‌داری,0.08,0.0,6.09,0.433,False,0.9,True,0.019,0.409,False,none,0.448,0.552,True,0,0,0,0.3,2,2 واقعی + 2 پروکسی,206
2026-09-17 16:07:58,1789661278,pump-fun,PUMP,Pump.fun,0.00397884,1863137491,204972594,9.5693,2.2,55.59,,0.0037,0.0041,False,0.52,8.75,0.4367,نگه‌داری,0.1267,0.000519,13.06,0.455,False,0.7,True,0.05,0.036,False,none,0.319,0.681,True,0,0,0,0.5,1,2 واقعی + 2 پروکسی,210
2026-09-17 16:07:58,1789661278,pepe,PEPE,Pepe,3.64e-06,1531381286,265964013,9.2835,9.6,59.93,,0.0,0.0,False,0.82,12.47,0.4667,نگه‌داری,0.0667,0.0,7.96,0.759,False,0.55,True,0.028,-0.153,False,none,0.453,0.547,True,0,0,0,0.5,1,2 واقعی + 2 پروکسی,205
2026-09-17 16:07:58,1789661278,official-trump,TRUMP,Official Trump,1.95,533481722,203393314,7.1923,-0.5,49.05,,1.9526,2.2019,False,1.3,0.46,0.5233,نگه‌داری,0.0467,0.253726,13.01,0.239,False,0.8,True,0.051,0.132,False,none,0.492,0.508,True,0,0,0,0.3,2,2 واقعی + 2 پروکسی,200
2026-09-17 16:07:58,1789661278,bianrensheng,币安人生,币安人生 (BinanceLife),0.473684,473704510,2165657,0.417,1.8,47.65,,0.4739,0.4907,False,0.38,1.99,0.4544,نگه‌داری,0.0911,,,0.324,False,0.55,True,0.042,-0.265,,,0.521,0.479,True,0,0,0,0.3,2,2 واقعی + 1 پروکسی,208
2026-09-17 16:07:58,1789661278,pudgy-penguins,PENGU,Pudgy Penguins,0.00727157,457451517,201205076,8.2323,-3.2,50.61,,0.0071,0.008,False,0.79,-1.13,0.4533,نگه‌داری,0.0933,0.000651,8.96,0.267,False,0.9,True,0.069,0.367,False,none,0.604,0.396,True,0,0,0,0.5,1,2 واقعی + 2 پروکسی,209
2026-09-17 16:07:58,1789661278,spx6900,SPX,SPX6900,0.466288,434546187,10200556,3.2099,-4.8,50.54,,0.4784,0.5251,False,1.22,-1.36,0.5167,نگه‌داری,0.0333,0.050357,10.81,0.192,False,0.6,True,0.108,-0.003,False,none,0.448,0.552,True,0,0,0,0.3,2,2 واقعی + 2 پروکسی,201
2026-09-17 16:07:58,1789661278,artificial-inu-3,AI,Artificial Inu,0.341162,334536590,36288772,24.0049,72.7,38.04,,0.019,0.0195,False,0.74,-3.06,0.4933,نگه‌داری,0.0133,0.001073,5.74,0.155,False,0.6,True,0.16,-0.041,False,none,0.401,0.599,True,0,0,0,0.3,2,2 واقعی + 2 پروکسی,202
2026-09-17 16:07:58,1789661278,useless-3,USELESS,Useless Coin,0.253395,253476160,42963230,11.5955,9.6,65.45,,0.2222,0.19,True,0.35,9.22,0.47,نگه‌داری,0.06,0.042459,16.8,0.717,False,0.6,True,0.135,0.079,False,none,0.621,0.379,True,0,0,0,0.7,2,2 واقعی + 2 پروکسی,204
2026-09-17 16:07:58,1789661278,bonk,BONK,Bonk,2.74e-06,241291337,41493101,10.7006,0.5,50.19,,0.0,0.0,False,0.42,3.68,0.4767,نگه‌داری,0.0467,0.0,9.15,0.301,False,0.7,True,0.073,0.049,False,none,0.604,0.396,True,0,0,0,0.5,1,2 واقعی + 2 پروکسی,203
2026-09-17 16:07:58,1789661278,floki,FLOKI,FLOKI,2.443e-05,235713203,19960399,6.9454,1.4,52.96,,0.0,0.0,False,0.42,3.08,0.46,نگه‌داری,0.08,2e-06,7.09,0.408,False,0.7,True,0.082,0.09,False,none,0.5,0.5,True,0,0,0,0.3,2,2 واقعی + 2 پروکسی,207
2026-09-17 16:07:58,1789661278,cash-cat,CASHCAT,Cash Cat,0.202309,200155896,29862741,28.4419,20.4,58.0,,0.1725,0.2026,False,0.7,24.13,0.4322,نگه‌داری,0.1356,0.04389,21.65,0.5,False,0.7,True,0.099,-0.015,False,none,0.807,0.193,True,0,0,0,0.5,1,2 واقعی + 2 پروکسی,211
2026-09-17 20:55:08,1789678508,shiba-inu,SHIB,Shiba Inu,5.13e-06,3023631226,89787626,4.7235,0.6,51.8,,0.0,0.0,False,1.04,2.09,0.5,نگه‌داری,0.0,0.0,6.26,0.395,False,0.8,True,0.019,0.135,False,none,0.513,0.487,True,0,0,0,0.5,1,2 واقعی + 2 پروکسی,215
2026-09-17 20:55:08,1789678508,pump-fun,PUMP,Pump.fun,0.00391962,1834685597,160955650,6.6128,0.8,55.02,,0.0037,0.0041,False,0.62,7.47,0.4367,نگه‌داری,0.1267,0.000519,13.22,0.428,False,0.8,True,0.076,0.266,False,none,0.125,0.875,True,0,0,0,0.5,1,2 واقعی + 2 پروکسی,224
2026-09-17 20:55:08,1789678508,pepe,PEPE,Pepe,3.63e-06,1527917683,237547094,7.5599,9.2,60.15,,0.0,0.0,False,1.02,12.78,0.4667,نگه‌داری,0.0667,0.0,7.94,0.776,False,0.8,True,0.027,0.18,False,none,0.529,0.471,True,0,0,0,0.5,1,2 واقعی + 2 پروکسی,221
2026-09-17 20:55:08,1789678508,official-trump,TRUMP,Official Trump,1.95,533835973,163027423,2.0539,-1.9,49.27,,1.9536,2.2022,False,1.6,0.82,0.5233,نگه‌داری,0.0467,0.253726,12.97,0.247,False,0.8,True,0.051,0.151,False,none,0.492,0.508,True,0,0,0,0.5,1,2 واقعی + 2 پروکسی,213
2026-09-17 20:55:08,1789678508,bianrensheng,币安人生,币安人生 (BinanceLife),0.476697,476619781,2137209,0.746,2.2,48.4,,0.4743,0.4909,False,0.37,2.66,0.4544,نگه‌داری,0.0911,,,0.354,False,0.4,True,0.063,-0.317,,,0.84,0.16,True,0,0,0,0.3,2,2 واقعی + 1 پروکسی,223
2026-09-17 20:55:08,1789678508,pudgy-penguins,PENGU,Pudgy Penguins,0.00721664,453669759,169817423,4.6428,-3.2,50.27,,0.0071,0.008,False,0.92,-1.55,0.4767,نگه‌داری,0.0467,0.000651,9.0,0.257,False,0.7,True,0.041,0.045,False,none,0.546,0.454,True,0,0,0,0.5,1,2 واقعی + 2 پروکسی,218
2026-09-17 20:55:08,1789678508,spx6900,SPX,SPX6900,0.464773,432577077,8381196,1.7676,-4.7,50.6,,0.4785,0.5251,False,1.53,-1.27,0.5167,نگه‌داری,0.0333,0.050357,10.8,0.194,False,0.7,True,0.064,-0.036,False,none,0.315,0.685,True,0,0,0,0.3,2,2 واقعی + 2 پروکسی,214
2026-09-17 20:55:08,1789678508,artificial-inu-3,AI,Artificial Inu,0.380482,376992614,45905049,44.7805,66.3,39.21,,0.0191,0.0195,False,0.76,-2.54,0.4933,نگه‌داری,0.0133,0.001073,5.71,0.193,False,0.6,True,0.106,-0.006,False,none,0.497,0.503,True,0,0,0,0.3,2,2 واقعی + 2 پروکسی,216
2026-09-17 20:55:08,1789678508,useless-3,USELESS,Useless Coin,0.260587,260633374,59927425,13.3673,2.5,66.44,,0.2234,0.1904,True,0.38,12.86,0.4933,نگه‌داری,0.0133,0.042459,16.25,0.747,False,0.7,True,0.119,0.195,False,none,0.273,0.727,True,0,0,0,0.7,2,2 واقعی + 2 پروکسی,217
2026-09-17 20:55:08,1789678508,bonk,BONK,Bonk,2.71e-06,238490311,35068685,4.5294,0.5,49.78,,0.0,0.0,False,0.51,3.15,0.4767,نگه‌داری,0.0467,0.0,9.19,0.286,False,0.7,True,0.037,0.058,False,none,0.517,0.483,True,0,0,0,0.5,1,2 واقعی + 2 پروکسی,219
2026-09-17 20:55:08,1789678508,floki,FLOKI,FLOKI,2.407e-05,232213988,17236974,2.6309,-0.3,51.51,,0.0,0.0,False,0.47,1.6,0.4767,نگه‌داری,0.0467,2e-06,7.19,0.321,False,0.7,True,0.083,0.097,False,none,0.348,0.652,True,0,0,0,0.5,1,2 واقعی + 2 پروکسی,220
2026-09-17 20:55:08,1789678508,cash-cat,CASHCAT,Cash Cat,0.200591,198233739,28637818,22.8679,18.5,57.91,,0.1725,0.2026,False,0.96,23.82,0.4556,نگه‌داری,0.0889,0.044169,21.84,0.497,False,0.6,True,0.149,0.075,False,none,0.715,0.285,True,0,0,0,0.5,1,2 واقعی + 2 پروکسی,222
2026-09-18 02:51:58,1789699918,shiba-inu,SHIB,Shiba Inu,5.27e-06,3105246635,89999343,5.8437,3.8,53.46,,0.0,0.0,False,0.12,1.89,0.46,نگه‌داری,0.08,0.0,5.89,0.586,False,0.8,True,0.019,0.258,False,none,0.487,0.513,True,0,0,0,0.5,1,2 واقعی + 2 پروکسی,234
2026-09-18 02:51:58,1789699918,memecore,M,MemeCore,1.23,2806104960,2056132,11.0382,10.1,55.6,,1.1577,1.1349,True,1.36,3.96,0.5056,نگه‌داری,0.0111,,,0.931,False,0.7,False,0.3,,,,0.513,0.487,False,0,0,0,,,0 واقعی + 3 پروکسی,226
2026-09-18 02:51:58,1789699918,pump-fun,PUMP,Pump.fun,0.00410259,1918086031,162593213,7.679,9.1,53.99,,0.0038,0.0041,False,0.05,14.74,0.4833,نگه‌داری,0.0333,0.000489,11.86,0.587,False,0.8,True,0.049,0.226,False,none,0.797,0.203,True,0,0,0,0.5,1,2 واقعی + 2 پروکسی,229
2026-09-18 02:51:58,1789699918,pepe,PEPE,Pepe,3.65e-06,1535529766,234895497,5.5667,11.8,57.88,,0.0,0.0,False,0.09,10.53,0.4267,نگه‌داری,0.1467,0.0,7.5,0.802,False,0.7,True,0.027,0.078,False,none,0.38,0.62,True,0,0,0,0.5,1,2 واقعی + 2 پروکسی,237
2026-09-18 02:51:58,1789699918,official-trump,TRUMP,Official Trump,2.01,548864440,158013965,3.3201,2.0,52.81,,1.9569,2.1674,False,0.08,1.26,0.4767,نگه‌داری,0.0467,0.245905,12.25,0.319,False,0.9,True,0.05,0.341,False,none,0.516,0.484,True,0,0,0,0.5,1,2 واقعی + 2 پروکسی,230
2026-09-18 02:51:58,1789699918,pudgy-penguins,PENGU,Pudgy Penguins,0.00749064,470860267,171363250,6.1135,0.2,51.12,,0.0071,0.0079,False,0.14,3.47,0.4767,نگه‌داری,0.0467,0.000626,8.34,0.369,False,0.8,True,0.053,0.146,False,none,0.475,0.525,True,0,0,0,0.5,1,2 واقعی + 2 پروکسی,231
2026-09-18 02:51:58,1789699918,spx6900,SPX,SPX6900,0.469006,436693177,7510735,-0.4694,-0.7,50.39,,0.4745,0.5223,False,0.16,-5.03,0.4533,نگه‌داری,0.0933,0.048226,10.27,0.241,False,0.6,True,0.149,0.009,False,none,0.51,0.49,True,0,0,0,0.3,2,2 واقعی + 2 پروکسی,236
2026-09-18 02:51:58,1789699918,artificial-inu-3,AI,Artificial Inu,0.338245,335502567,45651584,21.7186,55.1,43.98,,0.019,0.0195,False,0.04,-2.14,0.4767,نگه‌داری,0.0467,0.001029,5.37,0.379,False,0.6,True,0.156,-0.046,False,none,0.292,0.708,True,0,0,0,0.3,2,2 واقعی + 2 پروکسی,232
2026-09-18 02:51:58,1789699918,useless-3,USELESS,Useless Coin,0.266368,265997045,61508303,10.1726,15.3,66.96,,0.2312,0.2003,True,0.02,24.17,0.4933,نگه‌داری,0.0133,0.040597,15.26,0.747,False,0.7,True,0.153,0.107,False,none,0.589,0.411,True,0,0,0,0.7,2,2 واقعی + 2 پروکسی,228
2026-09-18 02:51:58,1789699918,bonk,BONK,Bonk,2.75e-06,242587262,32271381,2.9315,3.7,49.47,,0.0,0.0,False,0.07,0.47,0.4767,نگه‌داری,0.0467,0.0,8.63,0.341,False,0.8,True,0.072,0.261,False,none,0.63,0.37,True,0,0,0,0.5,1,2 واقعی + 2 پروکسی,233
2026-09-18 02:51:58,1789699918,floki,FLOKI,FLOKI,2.461e-05,237373431,17008956,4.2256,2.9,51.71,,0.0,0.0,False,0.03,0.24,0.46,نگه‌داری,0.08,2e-06,6.69,0.476,False,0.7,True,0.041,0.059,False,none,0.652,0.348,True,0,0,0,0.5,1,2 واقعی + 2 پروکسی,235
2026-09-18 02:51:58,1789699918,ribbita-by-virtuals,TIBBIR,Ribbita by Virtuals,0.2046,204595651,2933756,-3.5222,10.4,46.59,,0.2099,0.2242,False,1.09,5.5,0.5,نگه‌داری,0.0,0.027056,13.23,0.309,False,0.7,False,0.3,,False,none,0.441,0.559,False,0,0,0,,,0 واقعی + 4 پروکسی,227
2026-09-18 10:28:00,1789727280,shiba-inu,SHIB,Shiba Inu,5.42e-06,3193014536,102980147,8.0599,6.2,56.57,,0.0,0.0,False,0.56,5.02,0.4033,نگه‌داری,0.1933,0.0,5.93,0.805,False,0.9,True,0.018,0.426,False,none,0.47,0.53,True,0,0,0,0.5,1,2 واقعی + 2 پروکسی,250
2026-09-18 10:28:00,1789727280,memecore,M,MemeCore,1.28,2919375655,2550895,14.3966,10.8,59.88,,1.1651,1.1374,True,1.69,8.33,0.5056,نگه‌داری,0.0111,,,1.097,False,0.7,False,0.3,,,,0.516,0.484,False,0,0,0,,,0 واقعی + 3 پروکسی,240
2026-09-18 10:28:00,1789727280,pump-fun,PUMP,Pump.fun,0.00423854,1982900685,181000159,9.17,14.9,55.66,,0.0038,0.0041,False,0.49,18.33,0.4433,نگه‌داری,0.1133,0.000504,11.87,0.679,False,0.55,True,0.047,-0.266,False,none,0.576,0.424,True,0,0,0,0.5,1,2 واقعی + 2 پروکسی,246
2026-09-18 10:28:00,1789727280,pepe,PEPE,Pepe,3.75e-06,1577921114,261066585,8.5914,12.1,60.15,,0.0,0.0,False,0.44,13.43,0.4267,نگه‌داری,0.1467,0.0,7.48,0.953,False,0.4,True,0.027,-0.305,False,none,0.558,0.442,True,0,0,0,0.5,1,2 واقعی + 2 پروکسی,249
2026-09-18 10:28:00,1789727280,official-trump,TRUMP,Official Trump,2.05,560403352,182650376,5.9163,3.8,54.28,,1.964,2.1698,False,0.33,3.78,0.4767,نگه‌داری,0.0467,0.250119,12.15,0.382,False,0.7,True,0.049,0.099,True,high_sweep,0.545,0.455,True,0,0,0,0.5,1,2 واقعی + 2 پروکسی,242
2026-09-18 10:28:00,1789727280,pudgy-penguins,PENGU,Pudgy Penguins,0.00770039,483719720,181012403,7.3399,2.8,53.22,,0.0072,0.0079,False,0.5,6.16,0.46,نگه‌داری,0.08,0.00064,8.31,0.436,False,0.8,True,0.065,0.261,False,none,0.488,0.512,True,0,0,0,0.5,1,2 واقعی + 2 پروکسی,243
2026-09-18 10:28:00,1789727280,spx6900,SPX,SPX6900,0.494684,460482880,8528218,5.8031,1.3,53.9,,0.478,0.5235,False,0.71,-0.04,0.4533,نگه‌داری,0.0933,0.049947,10.1,0.356,False,0.6,True,0.101,0.081,False,none,0.349,0.651,True,0,0,0,0.5,1,2 واقعی + 2 پروکسی,245
2026-09-18 10:28:00,1789727280,artificial-inu-3,AI,Artificial Inu,0.356447,353351033,45362382,25.064,37.8,48.36,,0.0191,0.0195,False,1.36,0.2,0.5067,نگه‌داری,0.0133,0.001058,5.39,0.576,False,0.55,True,0.051,-0.236,False,none,0.913,0.087,True,0,0,0,0.5,1,2 واقعی + 2 پروکسی,239
2026-09-18 10:28:00,1789727280,useless-3,USELESS,Useless Coin,0.25315,253066018,51258874,-6.7203,13.8,64.52,,0.2296,0.1998,True,0.21,18.93,0.4933,نگه‌داری,0.0133,0.041669,16.36,0.704,False,0.7,True,0.142,0.154,False,none,0.293,0.707,True,0,0,0,0.7,2,2 واقعی + 2 پروکسی,241
2026-09-18 10:28:00,1789727280,bonk,BONK,Bonk,2.83e-06,248814340,36932321,5.7574,5.8,51.78,,0.0,0.0,False,0.3,3.28,0.46,نگه‌داری,0.08,0.0,8.6,0.423,False,0.7,True,0.07,0.085,False,none,0.396,0.604,True,0,0,0,0.5,1,2 واقعی + 2 پروکسی,244
2026-09-18 10:28:00,1789727280,floki,FLOKI,FLOKI,2.525e-05,243668775,21869569,6.2431,3.4,54.59,,0.0,0.0,False,0.23,3.05,0.4433,نگه‌داری,0.1133,2e-06,6.7,0.65,False,0.7,True,0.079,0.049,False,none,0.531,0.469,True,0,0,0,0.5,1,2 واقعی + 2 پروکسی,247
2026-09-18 10:28:00,1789727280,binance-peg-dogecoin,DOGE,Binance-Peg Dogecoin,0.086081,220610183,1093753,6.6688,2.4,55.04,,0.0829,0.0848,False,1.16,2.67,0.4433,نگه‌داری,0.1133,0.004964,5.74,0.633,False,0.4,True,0.012,-0.305,False,none,0.63,0.37,True,0,0,0,0.5,1,2 واقعی + 2 پروکسی,248
2026-09-18 15:43:21,1789746201,shiba-inu,SHIB,Shiba Inu,5.46e-06,3218906931,101834999,5.9825,2.6,56.81,,0.0,0.0,False,0.89,5.29,0.4267,نگه‌داری,0.1467,0.0,5.98,0.823,False,0.9,True,0.037,0.423,False,none,0.494,0.506,True,0,0,0,0.5,1,2 واقعی + 2 پروکسی,262
2026-09-18 15:43:21,1789746201,memecore,M,MemeCore,1.33,3033232658,1844358,17.8182,11.2,63.27,,1.1722,1.1398,True,1.22,12.52,0.5289,نگه‌داری,0.0578,,,1.215,False,0.7,False,0.3,,,,0.511,0.489,False,0,0,0,,,0 واقعی + 3 پروکسی,252
2026-09-18 15:43:21,1789746201,pump-fun,PUMP,Pump.fun,0.00429468,2011065590,187197516,7.6116,12.7,56.22,,0.0038,0.0041,False,1.04,19.62,0.4667,نگه‌داری,0.0667,0.000506,11.79,0.711,False,0.7,True,0.07,-0.074,False,none,0.414,0.586,True,0,0,0,0.5,1,2 واقعی + 2 پروکسی,256
2026-09-18 15:43:21,1789746201,pepe,PEPE,Pepe,3.82e-06,1608013193,286138938,5.282,9.0,61.45,,0.0,0.0,False,0.87,15.25,0.45,نگه‌داری,0.1,0.0,7.54,1.035,False,0.7,True,0.026,0.034,False,none,0.443,0.557,True,0,0,0,0.5,1,2 واقعی + 2 پروکسی,260
2026-09-18 15:43:21,1789746201,official-trump,TRUMP,Official Trump,2.1,572719364,218535163,7.6852,2.8,55.37,,1.9696,2.1717,False,0.69,5.75,0.4367,نگه‌داری,0.1267,0.254405,12.13,0.432,False,0.8,True,0.048,0.13,False,none,0.511,0.489,True,0,0,0,0.5,1,2 واقعی + 2 پروکسی,261
2026-09-18 15:43:21,1789746201,pudgy-penguins,PENGU,Pudgy Penguins,0.00779938,490326610,192551226,7.0926,1.9,54.04,,0.0072,0.0079,False,0.76,7.28,0.46,نگه‌داری,0.08,0.000652,8.38,0.465,False,0.7,True,0.051,0.08,False,none,0.615,0.385,True,0,0,0,0.5,1,2 واقعی + 2 پروکسی,258
2026-09-18 15:43:21,1789746201,spx6900,SPX,SPX6900,0.498874,464736959,9607455,6.5602,-2.9,54.3,,0.4784,0.5237,False,1.09,0.59,0.5,نگه‌داری,0.0,0.051233,10.3,0.371,False,0.45,True,0.141,-0.114,False,none,0.238,0.762,True,0,0,0,0.5,1,2 واقعی + 2 پروکسی,254
2026-09-18 15:43:21,1789746201,artificial-inu-3,AI,Artificial Inu,0.345168,342240837,36750974,6.6571,26.6,49.31,,0.0191,0.0195,False,2.08,0.77,0.5133,نگه‌داری,0.0267,0.001079,5.46,0.622,False,0.7,True,0.051,-0.017,False,none,0.839,0.161,True,0,0,0,0.5,1,2 واقعی + 2 پروکسی,253
2026-09-18 15:43:21,1789746201,bonk,BONK,Bonk,2.91e-06,255989006,51151921,6.8792,3.7,53.7,,0.0,0.0,False,0.63,5.83,0.46,نگه‌داری,0.08,0.0,8.64,0.499,False,0.7,True,0.069,0.021,False,none,0.497,0.503,True,0,0,0,0.5,1,2 واقعی + 2 پروکسی,259
2026-09-18 15:43:21,1789746201,useless-3,USELESS,Useless Coin,0.25325,253582617,52398196,-0.3661,1.4,64.11,,0.2294,0.1997,True,0.35,18.07,0.4933,نگه‌داری,0.0133,0.042442,16.78,0.697,False,0.7,True,0.115,0.165,False,none,0.07,0.93,True,0,0,0,0.7,2,2 واقعی + 2 پروکسی,255
2026-09-18 15:43:21,1789746201,floki,FLOKI,FLOKI,2.556e-05,246655336,23740376,5.1168,0.5,55.36,,0.0,0.0,False,0.46,3.86,0.42,نگه‌داری,0.16,2e-06,6.74,0.699,False,0.7,True,0.078,0.039,False,none,0.626,0.374,True,0,0,0,0.5,1,2 واقعی + 2 پروکسی,263
2026-09-18 15:43:21,1789746201,binance-peg-dogecoin,DOGE,Binance-Peg Dogecoin,0.087414,224192855,1461987,6.6769,1.3,55.86,,0.083,0.0848,False,1.8,3.42,0.4667,نگه‌داری,0.0667,0.005077,5.82,0.677,False,0.4,True,0.011,-0.377,False,none,0.463,0.537,True,0,0,0,0.5,1,2 واقعی + 2 پروکسی,257
2026-09-18 20:19:58,1789762798,shiba-inu,SHIB,Shiba Inu,5.47e-06,3224709104,97664607,6.3087,6.7,57.42,,0.0,0.0,False,1.09,5.97,0.4267,نگه‌داری,0.1467,0.0,5.95,0.865,False,0.8,True,0.018,0.231,False,none,0.559,0.441,True,0,0,0,0.5,1,2 واقعی + 2 پروکسی,276
2026-09-18 20:19:58,1789762798,memecore,M,MemeCore,1.31,2983344362,2850715,9.5185,11.9,61.82,,1.169,1.1387,True,1.89,10.64,0.5289,نگه‌داری,0.0578,,,1.166,False,0.7,False,0.3,,,,0.518,0.482,False,0,0,0,,,0 واقعی + 3 پروکسی,265
2026-09-18 20:19:58,1789762798,pump-fun,PUMP,Pump.fun,0.00438575,2051662347,206571344,11.3885,24.1,57.54,,0.0038,0.0041,False,1.17,22.74,0.4667,نگه‌داری,0.0667,0.000512,11.62,0.787,False,0.7,True,0.068,0.022,False,none,0.46,0.54,True,0,0,0,0.5,1,2 واقعی + 2 پروکسی,271
2026-09-18 20:19:58,1789762798,pepe,PEPE,Pepe,3.83e-06,1611537341,310361386,5.0961,17.4,62.04,,0.0,0.0,False,1.15,16.12,0.45,نگه‌داری,0.1,0.0,7.5,1.07,False,0.8,True,0.026,0.244,False,none,0.741,0.259,True,0,0,0,0.5,1,2 واقعی + 2 پروکسی,274
2026-09-18 20:19:58,1789762798,official-trump,TRUMP,Official Trump,2.11,576280593,251108019,7.688,7.7,55.85,,1.9721,2.1725,False,0.93,6.66,0.46,نگه‌داری,0.08,0.254691,12.04,0.456,False,0.8,True,0.047,0.205,False,none,0.496,0.504,True,0,0,0,0.5,1,2 واقعی + 2 پروکسی,272
2026-09-18 20:19:58,1789762798,pudgy-penguins,PENGU,Pudgy Penguins,0.00787534,495046799,209064035,9.0079,9.6,54.98,,0.0072,0.0079,False,1.02,8.6,0.4833,نگه‌داری,0.0333,0.000654,8.3,0.498,False,0.9,True,0.013,0.319,False,none,0.444,0.556,True,0,0,0,0.5,1,2 واقعی + 2 پروکسی,269
2026-09-18 20:19:58,1789762798,spx6900,SPX,SPX6900,0.50469,469859861,10660620,8.1777,4.1,55.27,,0.4795,0.524,False,1.34,2.12,0.4833,نگه‌داری,0.0333,0.051233,10.14,0.408,False,0.6,True,0.138,-0.026,False,none,0.064,0.936,True,0,0,0,0.5,1,2 واقعی + 2 پروکسی,270
2026-09-18 20:19:58,1789762798,artificial-inu-3,AI,Artificial Inu,0.320915,318122998,28027410,-14.583,2.9,49.65,,0.0191,0.0195,False,2.17,0.97,0.5133,نگه‌داری,0.0267,0.001079,5.45,0.639,False,0.55,True,0.051,-0.201,False,none,0.724,0.276,True,0,0,0,0.5,1,2 واقعی + 2 پروکسی,266
2026-09-18 20:19:58,1789762798,useless-3,USELESS,Useless Coin,0.291151,291133289,78685114,11.4885,31.1,69.57,,0.2347,0.2015,True,0.6,35.36,0.5078,نگه‌داری,0.0156,0.044506,15.35,0.835,False,0.55,True,0.079,-0.204,False,none,0.631,0.369,True,0,0,0,0.7,2,2 واقعی + 2 پروکسی,267
2026-09-18 20:19:58,1789762798,bonk,BONK,Bonk,2.98e-06,262320825,62448997,10.014,10.4,55.74,,0.0,0.0,False,0.9,8.78,0.46,نگه‌داری,0.08,0.0,8.52,0.586,False,0.8,True,0.067,0.107,False,none,0.58,0.42,True,0,0,0,0.5,1,2 واقعی + 2 پروکسی,273
2026-09-18 20:19:58,1789762798,floki,FLOKI,FLOKI,2.583e-05,249154075,25070636,7.1599,6.1,56.36,,0.0,0.0,False,0.58,4.96,0.42,نگه‌داری,0.16,2e-06,6.77,0.763,False,0.7,True,0.116,0.15,False,none,0.217,0.783,True,0,0,0,0.5,1,2 واقعی + 2 پروکسی,277
2026-09-18 20:19:58,1789762798,cash-cat,CASHCAT,Cash Cat,0.229034,226277764,20723601,15.0163,28.4,63.02,,0.182,0.2042,False,0.53,37.18,0.4467,نگه‌داری,0.1067,0.04405,19.01,0.675,False,0.7,True,0.217,0.197,False,none,0.458,0.542,True,0,0,0,0.5,1,2 واقعی + 2 پروکسی,275
2026-09-18 20:19:58,1789762798,binance-peg-dogecoin,DOGE,Binance-Peg Dogecoin,0.087755,224996005,1468473,7.4649,4.6,56.79,,0.0831,0.0849,False,2.22,4.28,0.49,نگه‌داری,0.02,0.005081,5.78,0.726,False,0.4,True,0.011,-0.584,False,none,0.419,0.581,True,0,0,0,0.5,1,2 واقعی + 2 پروکسی,268
2026-09-19 02:50:12,1789786212,shiba-inu,SHIB,Shiba Inu,5.47e-06,3223627915,99463123,3.7952,4.9,50.61,,0.0,0.0,False,0.13,3.38,0.4267,نگه‌داری,0.1467,0.0,5.32,0.826,False,0.8,True,0.018,0.229,False,none,0.487,0.513,True,0,0,0,0.5,1,2 واقعی + 2 پروکسی,291
2026-09-19 02:50:12,1789786212,memecore,M,MemeCore,1.3,2955718536,2400376,5.4271,9.8,63.34,,1.1849,1.149,True,1.51,10.11,0.5289,نگه‌داری,0.0578,,,1.031,False,0.7,False,0.3,,,,0.532,0.468,False,0,0,0,,,0 واقعی + 3 پروکسی,279
2026-09-19 02:50:12,1789786212,pump-fun,PUMP,Pump.fun,0.00427868,2000454518,189311656,4.3765,16.9,55.38,,0.0038,0.004,False,0.06,13.84,0.4433,نگه‌داری,0.1133,0.000486,11.3,0.735,False,0.7,True,0.07,0.049,False,none,0.797,0.203,True,0,0,0,0.5,1,2 واقعی + 2 پروکسی,286
2026-09-19 02:50:12,1789786212,pepe,PEPE,Pepe,3.77e-06,1587949033,322966348,3.369,13.3,52.18,,0.0,0.0,True,0.14,10.16,0.5278,نگه‌داری,0.0556,0.0,6.97,0.907,False,0.7,True,0.027,-0.04,False,none,0.443,0.557,True,0,0,0,0.7,2,2 واقعی + 2 پروکسی,280
2026-09-19 02:50:12,1789786212,official-trump,TRUMP,Official Trump,2.07,564680638,271569634,2.8658,3.9,52.59,,1.979,2.142,False,0.36,3.92,0.46,نگه‌داری,0.08,0.24421,11.81,0.409,False,0.8,True,0.097,0.118,False,none,0.494,0.506,True,0,0,0,0.5,1,2 واقعی + 2 پروکسی,283
2026-09-19 02:50:12,1789786212,pudgy-penguins,PENGU,Pudgy Penguins,0.00796332,500578719,231705565,6.2956,9.5,49.64,,0.0073,0.0079,False,0.16,9.75,0.46,نگه‌داری,0.08,0.000614,7.72,0.539,False,0.7,True,0.075,0.027,True,high_sweep,0.632,0.368,True,0,0,0,0.5,1,2 واقعی + 2 پروکسی,284
2026-09-19 02:50:12,1789786212,spx6900,SPX,SPX6900,0.493527,459448893,10944337,5.2332,0.3,51.08,,0.479,0.5213,False,0.19,0.71,0.4767,نگه‌داری,0.0467,0.048353,9.79,0.364,False,0.7,True,0.061,0.016,False,none,0.35,0.65,True,0,0,0,0.5,1,2 واقعی + 2 پروکسی,282
2026-09-19 02:50:12,1789786212,artificial-inu-3,AI,Artificial Inu,0.313611,310934354,23805096,-7.3442,19.0,46.12,,0.0192,0.0195,False,0.36,1.94,0.4433,نگه‌داری,0.1133,0.001028,5.15,0.692,False,0.45,True,0.1,-0.246,False,none,0.312,0.688,True,0,0,0,0.5,1,2 واقعی + 2 پروکسی,287
2026-09-19 02:50:12,1789786212,useless-3,USELESS,Useless Coin,0.302338,302721749,90638859,13.7243,37.5,70.69,,0.245,0.2129,True,0.06,30.31,0.5044,نگه‌داری,0.0089,0.04253,14.05,0.874,False,0.6,True,0.136,-0.062,False,none,0.829,0.171,True,0,0,0,0.7,2,2 واقعی + 2 پروکسی,281
2026-09-19 02:50:12,1789786212,bonk,BONK,Bonk,3.04e-06,267317645,76848661,10.1547,9.3,53.09,,0.0,0.0,False,0.33,9.16,0.4433,نگه‌داری,0.1133,0.0,8.07,0.627,False,0.7,True,0.066,0.061,True,high_sweep,0.676,0.324,True,0,0,0,0.5,1,2 واقعی + 2 پروکسی,288
2026-09-19 02:50:12,1789786212,floki,FLOKI,FLOKI,2.595e-05,250280124,26277293,5.2115,4.1,48.33,,0.0,0.0,False,0.09,4.77,0.4433,نگه‌داری,0.1133,2e-06,6.06,0.763,False,0.6,True,0.116,0.075,True,high_sweep,0.426,0.574,True,0,0,0,0.5,1,2 واقعی + 2 پروکسی,289
2026-09-19 02:50:12,1789786212,binance-peg-dogecoin,DOGE,Binance-Peg Dogecoin,0.088484,226834872,1629200,7.1121,4.7,52.34,,0.0835,0.085,False,0.22,4.15,0.4433,نگه‌داری,0.1133,0.004688,5.31,0.738,False,0.7,True,0.011,-0.02,True,high_sweep,0.437,0.563,True,0,0,0,0.5,1,2 واقعی + 2 پروکسی,290
2026-09-19 02:50:12,1789786212,lobster-2,龙虾,龙虾 (Lobster),0.222695,222915324,16434911,-6.8777,220.9,78.17,,0.1982,0.1145,True,0.75,43.76,0.4544,نگه‌داری,0.0911,0.112925,50.85,0.898,False,0.9,False,0.1,,False,none,0.685,0.315,False,0,0,0,,,0 واقعی + 4 پروکسی,285
2026-09-19 10:12:47,1789812767,shiba-inu,SHIB,Shiba Inu,5.41e-06,3189777211,86073260,-0.2019,2.7,49.32,,0.0,0.0,False,0.38,2.38,0.4433,نگه‌داری,0.1133,0.0,5.39,0.757,False,0.8,True,0.018,0.282,False,none,0.507,0.493,True,0,0,0,0.5,1,2 واقعی + 2 پروکسی,303
2026-09-19 10:12:47,1789812767,memecore,M,MemeCore,1.3,2948965490,2190622,1.1937,9.2,62.73,,1.1842,1.1488,True,1.38,9.7,0.5056,نگه‌داری,0.0111,,,1.018,False,0.7,False,0.3,,,,0.534,0.466,False,0,0,0,,,0 واقعی + 3 پروکسی,294
2026-09-19 10:12:47,1789812767,pump-fun,PUMP,Pump.fun,0.00416731,1948636708,157310015,-1.6228,16.1,53.9,,0.0038,0.004,False,0.34,11.14,0.4667,نگه‌داری,0.0667,0.000497,11.83,0.661,False,0.7,True,0.048,0.054,False,none,0.884,0.116,True,0,0,0,0.5,1,2 واقعی + 2 پروکسی,299
2026-09-19 10:12:47,1789812767,pepe,PEPE,Pepe,3.77e-06,1586358697,318958022,1.491,11.4,52.42,,0.0,0.0,True,0.35,10.37,0.5278,نگه‌داری,0.0556,0.0,6.96,0.916,False,0.8,True,0.026,0.135,False,none,0.623,0.377,True,0,0,0,0.7,2,2 واقعی + 2 پروکسی,293
2026-09-19 10:12:47,1789812767,official-trump,TRUMP,Official Trump,2.03,555585997,265680544,-0.7293,2.3,51.64,,1.975,2.1407,False,1.07,2.51,0.5,نگه‌داری,0.0,0.245781,12.05,0.372,False,0.8,True,0.049,0.139,False,none,0.571,0.429,True,0,0,0,0.5,1,2 واقعی + 2 پروکسی,295
2026-09-19 10:12:47,1789812767,pudgy-penguins,PENGU,Pudgy Penguins,0.00786687,494579315,201914514,2.6472,7.9,48.57,,0.0073,0.0079,False,0.42,8.54,0.46,نگه‌داری,0.08,0.000621,7.9,0.507,False,0.8,True,0.064,0.13,True,high_sweep,0.546,0.454,True,0,0,0,0.5,1,2 واقعی + 2 پروکسی,301
2026-09-19 10:12:47,1789812767,spx6900,SPX,SPX6900,0.490623,456611769,10845399,-0.6306,-1.3,51.02,,0.4789,0.5213,False,0.97,0.63,0.5,نگه‌داری,0.0,0.04916,9.96,0.362,False,0.8,True,0.081,0.161,False,none,0.276,0.724,True,0,0,0,0.5,1,2 واقعی + 2 پروکسی,296
2026-09-19 10:12:47,1789812767,artificial-inu-3,AI,Artificial Inu,0.302486,299856406,21735181,-14.2202,-7.7,47.5,,0.0192,0.0195,False,0.92,2.76,0.4667,نگه‌داری,0.0667,0.001048,5.2,0.755,False,0.55,True,0.099,-0.208,False,none,0.284,0.716,True,0,0,0,0.5,1,2 واقعی + 2 پروکسی,300
2026-09-19 10:12:47,1789812767,useless-3,USELESS,Useless Coin,0.267985,267850040,72691829,5.5735,14.4,64.05,,0.24,0.2112,True,0.23,15.19,0.4933,نگه‌داری,0.0133,0.044554,16.65,0.732,False,0.7,True,0.105,0.184,True,high_sweep,0.061,0.939,True,0,0,0,0.7,2,2 واقعی + 2 پروکسی,297
2026-09-19 10:12:47,1789812767,bonk,BONK,Bonk,2.97e-06,261518311,75101709,4.9912,5.9,51.5,,0.0,0.0,False,0.74,7.33,0.46,نگه‌داری,0.08,0.0,8.28,0.573,False,0.7,True,0.067,0.059,True,high_sweep,0.568,0.432,True,0,0,0,0.5,1,2 واقعی + 2 پروکسی,302
2026-09-19 10:12:47,1789812767,floki,FLOKI,FLOKI,2.582e-05,249096256,22582722,2.5411,4.1,47.9,,0.0,0.0,False,0.35,4.45,0.4433,نگه‌داری,0.1133,2e-06,6.08,0.745,False,0.7,True,0.155,0.153,True,high_sweep,0.192,0.808,True,0,0,0,0.5,1,2 واقعی + 2 پروکسی,304
2026-09-19 10:12:47,1789812767,binance-peg-dogecoin,DOGE,Binance-Peg Dogecoin,0.086801,222562104,1206698,1.1367,2.6,50.59,,0.0834,0.0849,False,0.73,2.89,0.4433,نگه‌داری,0.1133,0.004729,5.42,0.665,False,0.55,True,0.011,-0.203,True,high_sweep,0.436,0.564,True,0,0,0,0.5,1,2 واقعی + 2 پروکسی,305
2026-09-19 10:12:47,1789812767,ribbita-by-virtuals,TIBBIR,Ribbita by Virtuals,0.213867,213842290,2273484,7.7519,3.1,48.12,,0.2139,0.2219,False,0.85,6.38,0.4833,نگه‌داری,0.0333,0.026754,12.49,0.424,False,0.7,False,0.3,,False,none,0.401,0.599,False,0,0,0,,,0 واقعی + 4 پروکسی,298
2026-09-19 15:15:42,1789830942,shiba-inu,SHIB,Shiba Inu,5.5e-06,3237549067,82926829,0.6572,3.8,50.97,,0.0,0.0,False,0.61,3.66,0.4267,نگه‌داری,0.1467,0.0,5.4,0.845,False,0.7,True,0.018,0.077,True,high_sweep,0.506,0.494,True,0,0,0,0.5,1,2 واقعی + 2 پروکسی,319
2026-09-19 15:15:42,1789830942,memecore,M,MemeCore,1.28,2920221436,1561252,-3.5888,10.3,61.26,,1.1824,1.1482,True,0.79,8.67,0.4589,نگه‌داری,0.0822,,,0.985,False,0.7,False,0.3,,,,0.541,0.459,False,0,0,0,,,0 واقعی + 3 پروکسی,317
2026-09-19 15:15:42,1789830942,pump-fun,PUMP,Pump.fun,0.0041357,1931674391,130572581,-4.2943,14.8,52.92,,0.0038,0.004,False,0.43,9.47,0.4433,نگه‌داری,0.1133,0.000497,12.01,0.614,False,0.7,True,0.073,0.055,False,none,0.547,0.453,True,0,0,0,0.5,1,2 واقعی + 2 پروکسی,318
2026-09-19 15:15:42,1789830942,pepe,PEPE,Pepe,3.84e-06,1611722230,272045740,0.3272,12.7,54.29,,0.0,0.0,True,0.51,11.97,0.5278,نگه‌داری,0.0556,0.0,6.87,0.986,False,0.55,True,0.026,-0.169,False,none,0.686,0.314,True,0,0,0,0.7,2,2 واقعی + 2 پروکسی,307
2026-09-19 15:15:42,1789830942,official-trump,TRUMP,Official Trump,2.07,565158354,237626014,-1.7993,3.3,52.56,,1.9789,2.142,False,1.56,3.87,0.5067,نگه‌داری,0.0133,0.245781,11.9,0.407,False,0.8,True,0.048,0.148,False,none,0.505,0.495,True,0,0,0,0.5,1,2 واقعی + 2 پروکسی,309
2026-09-19 15:15:42,1789830942,pudgy-penguins,PENGU,Pudgy Penguins,0.00790546,496758343,170248209,1.2691,7.8,48.9,,0.0073,0.0079,False,0.7,8.93,0.46,نگه‌داری,0.08,0.000621,7.87,0.517,False,0.9,True,0.063,0.381,True,high_sweep,0.693,0.307,True,0,0,0,0.5,1,2 واقعی + 2 پروکسی,316
2026-09-19 15:15:42,1789830942,spx6900,SPX,SPX6900,0.492834,458806059,9885938,-1.351,-0.2,50.89,,0.4788,0.5213,False,1.35,0.47,0.5233,نگه‌داری,0.0467,0.04916,9.98,0.358,False,0.7,True,0.081,-0.086,False,none,0.304,0.696,True,0,0,0,0.5,1,2 واقعی + 2 پروکسی,308
2026-09-19 15:15:42,1789830942,artificial-inu-3,AI,Artificial Inu,0.284165,281533765,20584713,-18.5267,-11.0,47.78,,0.0192,0.0195,False,1.21,2.91,0.49,نگه‌داری,0.02,0.001048,5.2,0.767,False,0.6,True,0.149,-0.061,False,none,0.114,0.886,True,0,0,0,0.5,1,2 واقعی + 2 پروکسی,311
2026-09-19 15:15:42,1789830942,useless-3,USELESS,Useless Coin,0.277327,277230315,64948499,9.2134,17.4,65.75,,0.2411,0.2116,True,0.27,18.62,0.4933,نگه‌داری,0.0133,0.044776,16.25,0.765,False,0.7,True,0.054,-0.078,True,high_sweep,0.136,0.864,True,0,0,0,0.7,2,2 واقعی + 2 پروکسی,310
2026-09-19 15:15:42,1789830942,bonk,BONK,Bonk,2.99e-06,263203439,61042454,3.3008,6.0,51.8,,0.0,0.0,False,0.92,7.69,0.4833,نگه‌داری,0.0333,0.0,8.25,0.583,False,0.6,True,0.1,-0.01,True,high_sweep,0.705,0.295,True,0,0,0,0.5,1,2 واقعی + 2 پروکسی,313
2026-09-19 15:15:42,1789830942,floki,FLOKI,FLOKI,2.601e-05,250761706,19572851,1.896,4.4,48.64,,0.0,0.0,False,0.9,5.02,0.4667,نگه‌داری,0.0667,2e-06,6.1,0.777,False,0.6,True,0.116,0.045,True,high_sweep,0.693,0.307,True,0,0,0,0.5,1,2 واقعی + 2 پروکسی,315
2026-09-19 15:15:42,1789830942,binance-peg-dogecoin,DOGE,Binance-Peg Dogecoin,0.089111,228584886,1019312,2.1864,4.6,53.18,,0.0836,0.085,False,1.27,4.79,0.49,نگه‌داری,0.02,0.004799,5.4,0.773,False,0.55,True,0.011,-0.152,False,none,0.483,0.517,True,0,0,0,0.5,1,2 واقعی + 2 پروکسی,312
2026-09-19 15:15:42,1789830942,lobster-2,龙虾,龙虾 (Lobster),0.22627,226180786,17879232,-1.5064,68.8,78.62,,0.1988,0.1147,True,0.82,46.47,0.4778,نگه‌داری,0.0444,0.119793,52.95,0.911,False,0.9,False,0.1,,False,none,0.723,0.277,False,0,0,0,,,0 واقعی + 4 پروکسی,314
2026-09-19 19:58:15,1789847895,memecore,M,MemeCore,1.51,3435726852,2533733,14.4506,20.9,74.26,,1.2147,1.159,True,1.6,27.82,0.4978,نگه‌داری,0.0044,,,1.365,False,0.7,False,0.3,,,,0.569,0.431,False,0,0,0,,,0 واقعی + 3 پروکسی,325
2026-09-19 19:58:15,1789847895,shiba-inu,SHIB,Shiba Inu,5.61e-06,3305639288,91817509,2.4882,5.8,53.52,,0.0,0.0,False,1.0,5.8,0.45,نگه‌داری,0.1,0.0,5.48,0.975,False,0.7,True,0.036,0.072,False,none,0.51,0.49,True,0,0,0,0.5,1,2 واقعی + 2 پروکسی,332
2026-09-19 19:58:15,1789847895,pump-fun,PUMP,Pump.fun,0.00417911,1954191104,121042820,-5.3022,6.6,53.56,,0.0038,0.004,False,0.51,10.56,0.4667,نگه‌داری,0.0667,0.000497,11.9,0.645,False,0.7,True,0.096,0.047,False,none,0.325,0.675,True,0,0,0,0.5,1,2 واقعی + 2 پروکسی,330
2026-09-19 19:58:15,1789847895,pepe,PEPE,Pepe,4.23e-06,1780262865,475821227,10.3707,25.3,63.81,,0.0,0.0,True,1.68,23.42,0.5511,نگه‌داری,0.1022,0.0,7.03,1.308,False,0.7,True,0.024,-0.083,False,none,0.521,0.479,True,0,0,0,0.7,2,2 واقعی + 2 پروکسی,321
2026-09-19 19:58:15,1789847895,official-trump,TRUMP,Official Trump,2.13,581520941,257458958,0.8163,6.1,54.72,,1.9887,2.1453,False,2.17,7.34,0.53,نگه‌داری,0.06,0.252281,11.82,0.499,False,0.9,True,0.094,0.321,True,high_sweep,0.486,0.514,True,0,0,0,0.5,1,2 واقعی + 2 پروکسی,322
2026-09-19 19:58:15,1789847895,pudgy-penguins,PENGU,Pudgy Penguins,0.00814377,511920801,134861625,3.4474,12.0,51.84,,0.0073,0.0079,False,1.01,12.29,0.49,نگه‌داری,0.02,0.000638,7.84,0.605,False,0.7,True,0.061,0.047,False,none,0.58,0.42,True,0,0,0,0.5,1,2 واقعی + 2 پروکسی,327
2026-09-19 19:58:15,1789847895,spx6900,SPX,SPX6900,0.493348,459300626,9351976,-2.5708,0.1,50.99,,0.4789,0.5213,False,1.64,0.59,0.5233,نگه‌داری,0.0467,0.04916,9.97,0.361,False,0.7,True,0.061,-0.052,False,none,0.238,0.762,True,0,0,0,0.5,1,2 واقعی + 2 پروکسی,323
2026-09-19 19:58:15,1789847895,artificial-inu-3,AI,Artificial Inu,0.28556,282740142,18830340,-10.8636,-10.1,49.93,,0.0192,0.0195,False,1.34,4.13,0.4733,نگه‌داری,0.0533,0.001058,5.18,0.856,False,0.7,True,0.049,-0.021,True,high_sweep,0.255,0.745,True,0,0,0,0.5,1,2 واقعی + 2 پروکسی,328
2026-09-19 19:58:15,1789847895,bonk,BONK,Bonk,3.09e-06,271892474,64974046,3.5606,9.8,54.56,,0.0,0.0,False,1.31,11.07,0.5133,نگه‌داری,0.0267,0.0,8.08,0.683,False,0.7,True,0.065,0.049,True,high_sweep,0.344,0.656,True,0,0,0,0.5,1,2 واقعی + 2 پروکسی,324
2026-09-19 19:58:15,1789847895,useless-3,USELESS,Useless Coin,0.260543,260527747,48558360,-10.5839,11.8,62.39,,0.2388,0.2108,True,0.35,11.67,0.4933,نگه‌داری,0.0133,0.045244,17.44,0.696,False,0.7,True,0.112,0.121,True,high_sweep,0.647,0.353,True,0,0,0,0.7,2,2 واقعی + 2 پروکسی,326
2026-09-19 19:58:15,1789847895,floki,FLOKI,FLOKI,2.668e-05,257282428,21216119,3.1125,8.2,52.19,,0.0,0.0,False,1.36,7.97,0.4733,نگه‌داری,0.0533,2e-06,6.11,0.933,False,0.6,True,0.113,0.065,False,none,0.368,0.632,True,0,0,0,0.5,1,2 واقعی + 2 پروکسی,329
2026-09-19 19:58:15,1789847895,lobster-2,龙虾,龙虾 (Lobster),0.228112,228111902,16812252,3.7121,59.9,78.76,,0.199,0.1148,True,0.77,47.4,0.4544,نگه‌داری,0.0911,0.120677,53.0,0.915,False,0.9,False,0.1,,False,none,0.722,0.278,False,0,0,0,,,0 واقعی + 4 پروکسی,331
2026-09-20 03:02:45,1789873365,memecore,M,MemeCore,1.55,3525820607,2748435,18.7762,30.1,77.02,,1.2734,1.1811,True,1.67,36.53,0.5289,نگه‌داری,0.0578,,,1.202,False,0.7,False,0.3,,,,0.623,0.377,False,0,0,0,,,0 واقعی + 3 پروکسی,334
2026-09-20 03:02:45,1789873365,shiba-inu,SHIB,Shiba Inu,5.34e-06,3149469868,93614482,-2.3874,0.7,50.94,,0.0,0.0,False,0.22,4.24,0.4433,نگه‌داری,0.1133,0.0,5.3,0.632,False,0.55,True,0.019,-0.178,False,none,0.498,0.502,True,0,0,0,0.5,1,2 واقعی + 2 پروکسی,344
2026-09-20 03:02:45,1789873365,pump-fun,PUMP,Pump.fun,0.0039426,1849570654,129579049,-7.7782,2.8,45.3,,0.0039,0.004,False,0.08,13.76,0.4833,نگه‌داری,0.0333,0.000462,11.7,0.48,False,0.7,True,0.101,0.218,False,none,0.382,0.618,True,0,0,0,0.5,1,2 واقعی + 2 پروکسی,338
2026-09-20 03:02:45,1789873365,pepe,PEPE,Pepe,3.93e-06,1655261800,493672326,4.6032,14.2,55.43,,0.0,0.0,True,0.22,17.04,0.5044,نگه‌داری,0.0089,0.0,7.06,0.944,False,0.7,True,0.051,0.041,False,none,0.388,0.612,True,0,0,0,0.7,2,2 واقعی + 2 پروکسی,335
2026-09-20 03:02:45,1789873365,official-trump,TRUMP,Official Trump,2.01,549633598,231790652,-1.9999,1.4,44.74,,1.9953,2.1278,False,0.17,4.15,0.5,نگه‌داری,0.0,0.212037,10.56,0.342,False,0.8,True,0.1,0.166,False,none,0.474,0.526,True,0,0,0,0.5,1,2 واقعی + 2 پروکسی,336
2026-09-20 03:02:45,1789873365,pudgy-penguins,PENGU,Pudgy Penguins,0.00761825,479503695,152531002,-3.8971,4.4,47.34,,0.0074,0.0078,False,0.19,8.94,0.46,نگه‌داری,0.08,0.0006,7.87,0.427,False,0.8,True,0.079,0.23,False,none,0.551,0.449,True,0,0,0,0.5,1,2 واقعی + 2 پروکسی,340
2026-09-20 03:02:45,1789873365,spx6900,SPX,SPX6900,0.460087,430166926,9288903,-6.3587,-6.0,47.3,,0.4757,0.5174,False,0.23,-3.94,0.4533,نگه‌داری,0.0933,0.04818,10.46,0.224,False,0.6,True,0.13,0.055,False,none,0.275,0.725,True,0,0,0,0.5,1,2 واقعی + 2 پروکسی,343
2026-09-20 03:02:45,1789873365,bonk,BONK,Bonk,2.96e-06,261093340,57002138,-2.2039,6.5,49.44,,0.0,0.0,False,0.22,9.58,0.46,نگه‌داری,0.08,0.0,7.8,0.543,False,0.8,True,0.068,0.223,False,none,0.441,0.559,True,0,0,0,0.5,1,2 واقعی + 2 پروکسی,341
2026-09-20 03:02:45,1789873365,artificial-inu-3,AI,Artificial Inu,0.262442,260485040,20129307,-14.1208,-12.5,51.9,,0.0193,0.0196,False,0.02,3.41,0.4267,نگه‌داری,0.1467,0.000918,4.59,0.678,False,0.7,True,0.051,-0.011,False,none,0.27,0.73,True,0,0,0,0.5,1,2 واقعی + 2 پروکسی,345
2026-09-20 03:02:45,1789873365,useless-3,USELESS,Useless Coin,0.247959,247407126,37821595,-16.6737,7.0,60.24,,0.2428,0.2191,True,0.07,14.83,0.4933,نگه‌داری,0.0133,0.043382,17.65,0.615,False,0.6,True,0.102,0.066,False,none,0.129,0.871,True,0,0,0,0.7,2,2 واقعی + 2 پروکسی,337
2026-09-20 03:02:45,1789873365,floki,FLOKI,FLOKI,2.529e-05,244253262,20719291,-2.3896,2.3,48.32,,0.0,0.0,False,0.5,4.25,0.46,نگه‌داری,0.08,2e-06,5.97,0.579,False,0.7,True,0.079,0.046,False,none,0.971,0.029,True,0,0,0,0.5,1,2 واقعی + 2 پروکسی,342
2026-09-20 03:02:45,1789873365,lobster-2,龙虾,龙虾 (Lobster),0.226283,226411317,15206272,1.3442,42.3,78.79,,0.2105,0.1221,True,0.69,56.61,0.4822,نگه‌داری,0.0356,,,0.866,False,0.9,False,0.1,,,,0.733,0.267,False,0,0,0,,,0 واقعی + 3 پروکسی,339
2026-09-20 10:31:02,1789900262,memecore,M,MemeCore,1.43,3228080792,4038358,10.3376,18.4,67.52,,1.2566,1.1755,True,2.45,26.12,0.5522,نگه‌داری,0.1044,,,1.048,False,0.7,False,0.3,,,,0.569,0.431,False,0,0,0,,,0 واقعی + 3 پروکسی,347
2026-09-20 10:31:02,1789900262,shiba-inu,SHIB,Shiba Inu,5.34e-06,3148733389,96999268,-1.5808,3.0,50.66,,0.0,0.0,False,0.62,4.03,0.4433,نگه‌داری,0.1133,0.0,5.32,0.616,False,0.9,True,0.019,0.339,False,none,0.502,0.498,True,0,0,0,0.5,1,2 واقعی + 2 پروکسی,357
2026-09-20 10:31:02,1789900262,pump-fun,PUMP,Pump.fun,0.00400388,1873208095,124457082,-4.2419,7.9,45.94,,0.0039,0.004,False,0.32,15.05,0.4833,نگه‌داری,0.0333,0.000464,11.61,0.516,False,0.7,True,0.075,0.019,False,none,0.197,0.803,True,0,0,0,0.3,2,2 واقعی + 2 پروکسی,352
2026-09-20 10:31:02,1789900262,pepe,PEPE,Pepe,3.94e-06,1658035965,526933625,3.8491,16.7,55.25,,0.0,0.0,True,0.48,16.86,0.5044,نگه‌داری,0.0089,0.0,7.08,0.938,False,0.7,True,0.025,-0.02,False,none,0.485,0.515,True,0,0,0,0.7,2,2 واقعی + 2 پروکسی,349
2026-09-20 10:31:02,1789900262,official-trump,TRUMP,Official Trump,2.01,549096384,233852850,-1.3951,3.1,44.87,,1.9959,2.128,False,0.41,4.36,0.5,نگه‌داری,0.0,0.212394,10.56,0.348,False,0.8,True,0.05,0.206,False,none,0.424,0.576,True,0,0,0,0.5,1,2 واقعی + 2 پروکسی,350
2026-09-20 10:31:02,1789900262,pudgy-penguins,PENGU,Pudgy Penguins,0.00764247,480474874,130620755,-3.3815,7.0,47.67,,0.0074,0.0078,False,0.36,9.34,0.46,نگه‌داری,0.08,0.000601,7.86,0.437,False,0.7,True,0.052,0.027,False,none,0.371,0.629,True,0,0,0,0.5,1,2 واقعی + 2 پروکسی,355
2026-09-20 10:31:02,1789900262,spx6900,SPX,SPX6900,0.450393,419367950,9111755,-8.7806,-4.5,45.96,,0.4743,0.517,False,0.68,-5.99,0.47,نگه‌داری,0.06,0.048951,10.86,0.181,False,0.9,True,0.066,0.576,False,none,0.198,0.802,True,0,0,0,0.3,2,2 واقعی + 2 پروکسی,354
2026-09-20 10:31:02,1789900262,bonk,BONK,Bonk,2.98e-06,261887176,53946856,-0.5079,8.2,50.06,,0.0,0.0,False,0.6,10.32,0.4833,نگه‌داری,0.0333,0.0,7.82,0.565,False,0.9,True,0.034,0.527,False,none,0.2,0.8,True,0,0,0,0.5,1,2 واقعی + 2 پروکسی,353
2026-09-20 10:31:02,1789900262,useless-3,USELESS,Useless Coin,0.255259,255198194,30486631,-5.0381,12.5,62.32,,0.2444,0.2196,True,0.17,19.84,0.4933,نگه‌داری,0.0133,0.043707,17.04,0.672,False,0.7,True,0.14,0.235,False,none,0.684,0.316,True,0,0,0,0.5,1,2 واقعی + 2 پروکسی,351
2026-09-20 10:31:02,1789900262,artificial-inu-3,AI,Artificial Inu,0.247725,246034097,22339875,-18.199,2.4,48.45,,0.0193,0.0196,False,0.08,1.45,0.4433,نگه‌داری,0.1133,0.000943,4.8,0.53,False,0.6,True,0.102,0.094,False,none,0.269,0.731,True,0,0,0,0.5,1,2 واقعی + 2 پروکسی,358
2026-09-20 10:31:02,1789900262,floki,FLOKI,FLOKI,2.518e-05,242922961,25367460,-2.8958,3.9,48.12,,0.0,0.0,False,1.32,4.09,0.5067,نگه‌داری,0.0133,2e-06,6.0,0.57,False,0.8,True,0.079,0.155,False,none,0.055,0.945,True,0,0,0,0.5,1,2 واقعی + 2 پروکسی,348
2026-09-20 10:31:02,1789900262,lobster-2,龙虾,龙虾 (Lobster),0.239467,238532576,13278326,11.4969,62.9,80.13,,0.2124,0.1228,True,0.61,65.93,0.4544,نگه‌داری,0.0911,0.11328,47.17,0.906,False,0.9,False,0.1,,False,none,0.732,0.268,False,0,0,0,,,0 واقعی + 4 پروکسی,356
2026-09-20 15:19:41,1789917581,memecore,M,MemeCore,1.55,3533530565,4384326,20.9202,34.8,77.13,,1.2739,1.1812,True,2.66,36.8,0.5522,نگه‌داری,0.1044,,,1.206,False,0.7,False,0.3,,,,0.633,0.367,False,0,0,0,,,0 واقعی + 3 پروکسی,360
2026-09-20 15:19:41,1789917581,shiba-inu,SHIB,Shiba Inu,5.38e-06,3170231989,92455580,-1.873,2.6,52.07,,0.0,0.0,False,0.85,5.08,0.4667,نگه‌داری,0.0667,0.0,5.27,0.69,False,0.9,True,0.019,0.318,False,none,0.499,0.501,True,0,0,0,0.5,1,2 واقعی + 2 پروکسی,369
2026-09-20 15:19:41,1789917581,pump-fun,PUMP,Pump.fun,0.00405676,1895687384,128096978,-1.8083,9.5,46.92,,0.0039,0.004,False,0.44,16.95,0.4833,نگه‌داری,0.0333,0.000464,11.42,0.568,False,0.7,True,0.074,-0.0,False,none,0.419,0.581,True,0,0,0,0.3,2,2 واقعی + 2 پروکسی,364
2026-09-20 15:19:41,1789917581,pepe,PEPE,Pepe,3.94e-06,1656329749,536816656,2.5553,14.0,55.61,,0.0,0.0,True,0.67,17.22,0.5044,نگه‌داری,0.0089,0.0,7.14,0.949,False,0.8,True,0.025,0.153,False,none,0.424,0.576,True,0,0,0,0.7,2,2 واقعی + 2 پروکسی,361
2026-09-20 15:19:41,1789917581,official-trump,TRUMP,Official Trump,2.02,552111749,231855508,-2.0991,2.1,45.33,,1.9979,2.1286,False,0.56,5.08,0.4767,نگه‌داری,0.0467,0.212537,10.49,0.367,False,0.9,True,0.049,0.336,False,none,0.479,0.521,True,0,0,0,0.5,1,2 واقعی + 2 پروکسی,367
2026-09-20 15:19:41,1789917581,pudgy-penguins,PENGU,Pudgy Penguins,0.00763535,479719052,155248877,-3.2292,5.6,47.64,,0.0074,0.0078,False,0.43,9.3,0.46,نگه‌داری,0.08,0.000603,7.89,0.436,False,0.8,True,0.078,0.261,False,none,0.368,0.632,True,0,0,0,0.5,1,2 واقعی + 2 پروکسی,370
2026-09-20 15:19:41,1789917581,spx6900,SPX,SPX6900,0.461456,429724762,9375918,-6.3135,-6.1,47.53,,0.4759,0.5175,False,1.1,-3.61,0.4767,نگه‌داری,0.0467,0.049087,10.62,0.231,False,0.7,True,0.108,0.236,False,none,0.368,0.632,True,0,0,0,0.3,2,2 واقعی + 2 پروکسی,368
2026-09-20 15:19:41,1789917581,bonk,BONK,Bonk,2.94e-06,258564694,52752491,-1.6942,6.1,48.86,,0.0,0.0,False,0.82,8.88,0.4833,نگه‌داری,0.0333,0.0,7.95,0.523,False,0.7,True,0.068,0.055,False,none,0.471,0.529,True,0,0,0,0.5,1,2 واقعی + 2 پروکسی,365
2026-09-20 15:19:41,1789917581,artificial-inu-3,AI,Artificial Inu,0.259679,257960574,23659267,-8.7044,-3.6,49.14,,0.0193,0.0196,False,0.22,1.86,0.4433,نگه‌داری,0.1133,0.000952,4.83,0.561,False,0.45,True,0.101,-0.142,False,none,0.412,0.588,True,0,0,0,0.5,1,2 واقعی + 2 پروکسی,371
2026-09-20 15:19:41,1789917581,useless-3,USELESS,Useless Coin,0.254362,252909162,29518579,-8.149,19.7,61.82,,0.244,0.2195,True,0.23,18.54,0.4933,نگه‌داری,0.0133,0.043969,17.32,0.658,False,0.6,True,0.138,0.038,False,none,0.139,0.861,True,0,0,0,0.5,1,2 واقعی + 2 پروکسی,362
2026-09-20 15:19:41,1789917581,floki,FLOKI,FLOKI,2.545e-05,245104570,24712789,-1.9774,2.3,49.32,,0.0,0.0,False,1.39,5.08,0.49,نگه‌داری,0.02,2e-06,5.96,0.628,False,0.8,True,0.079,0.133,False,none,0.463,0.537,True,0,0,0,0.5,1,2 واقعی + 2 پروکسی,363
2026-09-20 15:19:41,1789917581,binance-peg-dogecoin,DOGE,Binance-Peg Dogecoin,0.085061,218085226,1065557,-4.5351,1.6,47.25,,0.0839,0.0851,False,0.95,3.92,0.4833,نگه‌داری,0.0333,0.004518,5.28,0.53,False,0.8,True,0.012,0.227,False,none,0.372,0.628,True,0,0,0,0.5,1,2 واقعی + 2 پروکسی,366
2026-09-20 20:13:30,1789935210,memecore,M,MemeCore,1.48,3362097166,3757225,0.5518,29.0,72.29,,1.2634,1.1778,True,2.01,30.33,0.5522,نگه‌داری,0.1044,,,1.118,False,0.7,False,0.3,,,,0.575,0.425,False,0,0,0,,,0 واقعی + 3 پروکسی,373
2026-09-20 20:13:30,1789935210,shiba-inu,SHIB,Shiba Inu,5.5e-06,3238587009,87629643,-1.4372,4.5,54.78,,0.0,0.0,False,1.15,6.95,0.45,نگه‌داری,0.1,0.0,5.18,0.814,False,0.9,True,0.018,0.406,False,none,0.497,0.503,True,0,0,0,0.5,1,2 واقعی + 2 پروکسی,383
2026-09-20 20:13:30,1789935210,pump-fun,PUMP,Pump.fun,0.00435463,2034555392,151533207,4.2947,17.7,51.77,,0.004,0.004,False,0.66,25.5,0.4667,نگه‌داری,0.0667,0.000471,10.8,0.794,False,0.55,True,0.069,-0.105,False,none,0.374,0.626,True,0,0,0,0.3,2,2 واقعی + 2 پروکسی,380
2026-09-20 20:13:30,1789935210,pepe,PEPE,Pepe,4e-06,1685468982,365552166,-5.2541,16.9,57.54,,0.0,0.0,True,0.96,19.06,0.5278,نگه‌داری,0.0556,0.0,7.03,1.004,False,0.7,True,0.025,0.002,False,none,0.444,0.556,True,0,0,0,0.7,2,2 واقعی + 2 پروکسی,374
2026-09-20 20:13:30,1789935210,official-trump,TRUMP,Official Trump,2.07,566687040,201339511,-3.117,4.1,46.99,,2.0049,2.131,False,0.74,7.62,0.46,نگه‌داری,0.08,0.212537,10.24,0.437,False,0.8,True,0.048,0.177,False,none,0.454,0.546,True,0,0,0,0.5,1,2 واقعی + 2 پروکسی,382
2026-09-20 20:13:30,1789935210,pudgy-penguins,PENGU,Pudgy Penguins,0.00790638,496993351,152194790,-2.4501,8.0,51.04,,0.0074,0.0079,False,0.51,13.12,0.4833,نگه‌داری,0.0333,0.000603,7.63,0.538,False,0.8,True,0.038,0.106,False,none,0.474,0.526,True,0,0,0,0.5,1,2 واقعی + 2 پروکسی,379
2026-09-20 20:13:30,1789935210,spx6900,SPX,SPX6900,0.471997,439876119,9420056,-4.3859,-4.4,48.73,,0.4771,0.5179,False,1.4,-1.88,0.5,نگه‌داری,0.0,0.049087,10.44,0.268,False,0.7,True,0.064,0.058,False,none,0.296,0.704,True,0,0,0,0.3,2,2 واقعی + 2 پروکسی,375
2026-09-20 20:13:30,1789935210,bonk,BONK,Bonk,3.03e-06,266050128,47098370,-1.8402,8.7,51.35,,0.0,0.0,False,1.0,11.8,0.49,نگه‌داری,0.02,0.0,7.74,0.607,False,0.7,True,0.033,0.031,False,none,0.396,0.604,True,0,0,0,0.5,1,2 واقعی + 2 پروکسی,377
2026-09-20 20:13:30,1789935210,artificial-inu-3,AI,Artificial Inu,0.25917,256944850,24669579,-9.3014,-2.3,53.92,,0.0194,0.0196,False,0.25,4.44,0.4267,نگه‌داری,0.1467,0.000952,4.71,0.753,False,0.7,True,0.099,0.009,False,none,0.406,0.594,True,0,0,0,0.5,1,2 واقعی + 2 پروکسی,384
2026-09-20 20:13:30,1789935210,floki,FLOKI,FLOKI,2.592e-05,249971994,20319785,-2.5844,4.3,51.85,,0.0,0.0,False,1.64,7.02,0.49,نگه‌داری,0.02,2e-06,5.85,0.738,False,0.7,True,0.116,0.121,False,none,0.135,0.865,True,0,0,0,0.5,1,2 واقعی + 2 پروکسی,378
2026-09-20 20:13:30,1789935210,useless-3,USELESS,Useless Coin,0.244938,244712823,26808617,-4.2097,11.9,60.15,,0.2428,0.2191,True,0.32,14.62,0.4933,نگه‌داری,0.0133,0.044274,18.04,0.613,False,0.8,True,0.098,0.158,False,none,0.538,0.462,True,0,0,0,0.5,1,2 واقعی + 2 پروکسی,376
2026-09-20 20:13:30,1789935210,binance-peg-dogecoin,DOGE,Binance-Peg Dogecoin,0.0871,223394043,1044265,-2.916,3.1,50.06,,0.0841,0.0852,False,1.09,5.97,0.4667,نگه‌داری,0.0667,0.004518,5.17,0.65,False,0.8,True,0.011,0.132,False,none,0.156,0.844,True,0,0,0,0.5,1,2 واقعی + 2 پروکسی,381
2026-09-21 02:59:50,1789959590,memecore,M,MemeCore,1.51,3430915269,3607752,-2.2684,34.1,73.28,,1.3225,1.1974,True,2.04,37.82,0.5522,نگه‌داری,0.1044,,,1.059,False,0.7,False,0.3,,,,0.569,0.431,False,0,0,0,,,0 واقعی + 3 پروکسی,386
2026-09-21 02:59:50,1789959590,shiba-inu,SHIB,Shiba Inu,5.51e-06,3250708122,89351867,3.2006,6.4,54.39,,0.0,0.0,True,0.2,5.38,0.4878,نگه‌داری,0.0244,0.0,4.91,0.813,False,0.8,True,0.036,0.244,False,none,0.466,0.534,True,0,0,0,0.7,2,2 واقعی + 2 پروکسی,391
2026-09-21 02:59:50,1789959590,pump-fun,PUMP,Pump.fun,0.00431051,2017306884,152255690,8.8913,21.1,48.76,,0.004,0.004,True,0.13,16.63,0.5444,نگه‌داری,0.0889,0.000445,10.38,0.758,False,0.7,True,0.07,0.017,False,none,0.24,0.76,True,0,0,0,0.5,1,2 واقعی + 2 پروکسی,387
2026-09-21 02:59:50,1789959590,pepe,PEPE,Pepe,4.01e-06,1685067511,329425965,1.7194,19.0,56.73,,0.0,0.0,True,0.21,15.81,0.5044,نگه‌داری,0.0089,0.0,6.67,0.935,False,0.7,True,0.025,-0.068,False,none,0.38,0.62,True,0,0,0,0.7,2,2 واقعی + 2 پروکسی,390
2026-09-21 02:59:50,1789959590,official-trump,TRUMP,Official Trump,2.08,584710948,199011234,2.8047,5.4,43.83,,2.0149,2.1142,False,0.36,3.74,0.4833,نگه‌داری,0.0333,0.19484,9.38,0.456,False,0.8,True,0.048,0.171,False,none,0.516,0.484,True,0,0,0,0.3,2,2 واقعی + 2 پروکسی,392
2026-09-21 02:59:50,1789959590,pudgy-penguins,PENGU,Pudgy Penguins,0.00797855,501040084,157733670,4.0939,12.6,44.28,,0.0075,0.0078,False,0.2,11.76,0.5067,نگه‌داری,0.0133,0.000552,6.95,0.566,False,0.9,True,0.063,0.36,False,none,0.436,0.564,True,0,0,0,0.5,1,2 واقعی + 2 پروکسی,389
2026-09-21 02:59:50,1789959590,spx6900,SPX,SPX6900,0.475129,441983505,10922273,2.7658,-1.9,49.19,,0.4726,0.5138,False,0.2,-5.07,0.4533,نگه‌داری,0.0933,0.047781,10.06,0.316,False,0.8,True,0.063,0.191,False,none,0.414,0.586,True,0,0,0,0.3,2,2 واقعی + 2 پروکسی,394
2026-09-21 02:59:50,1789959590,artificial-inu-3,AI,Artificial Inu,0.271841,269089427,19627037,3.4409,17.6,56.72,,0.0196,0.0196,False,0.09,6.47,0.3867,نگه‌داری,0.2267,0.000898,4.4,0.802,False,0.7,True,0.049,-0.044,True,high_sweep,0.448,0.552,True,0,0,0,0.5,1,2 واقعی + 2 پروکسی,397
2026-09-21 02:59:50,1789959590,bonk,BONK,Bonk,3.01e-06,264531800,47986137,1.0924,11.0,50.05,,0.0,0.0,False,0.28,9.85,0.46,نگه‌داری,0.08,0.0,7.5,0.581,False,0.7,True,0.067,0.075,False,none,0.403,0.597,True,0,0,0,0.5,1,2 واقعی + 2 پروکسی,393
2026-09-21 02:59:50,1789959590,floki,FLOKI,FLOKI,2.599e-05,250559248,20289735,2.5705,6.1,50.71,,0.0,0.0,False,0.1,5.44,0.4433,نگه‌داری,0.1133,1e-06,5.5,0.726,False,0.7,True,0.154,0.118,False,none,0.779,0.221,True,0,0,0,0.5,1,2 واقعی + 2 پروکسی,395
2026-09-21 02:59:50,1789959590,useless-3,USELESS,Useless Coin,0.239355,239302884,28392250,-3.5052,11.2,59.16,,0.2477,0.2258,True,0.06,21.37,0.51,نگه‌داری,0.02,0.042801,17.98,0.547,False,0.8,True,0.067,0.132,False,none,0.278,0.722,True,0,0,0,0.5,1,2 واقعی + 2 پروکسی,388
2026-09-21 02:59:50,1789959590,ribbita-by-virtuals,TIBBIR,Ribbita by Virtuals,0.234026,233958078,1991377,16.6422,15.9,52.6,,0.2162,0.22,False,0.81,-4.91,0.4433,نگه‌داری,0.1133,0.028913,12.35,0.69,False,0.7,False,0.3,,False,none,0.417,0.583,False,0,0,0,,,0 واقعی + 4 پروکسی,396
2026-09-21 07:08:57,1789974537,memecore,M,MemeCore,1.53,3487500002,2959030,-9.2023,31.9,74.24,,1.3261,1.1986,True,1.66,40.09,0.5289,نگه‌داری,0.0578,,,1.09,False,0.7,False,0.3,,,,0.564,0.436,False,0,0,0,,,0 واقعی + 3 پروکسی,399
2026-09-21 07:08:57,1789974537,shiba-inu,SHIB,Shiba Inu,5.55e-06,3273075939,83961169,3.1606,6.1,55.45,,0.0,0.0,True,0.37,6.19,0.4644,نگه‌داری,0.0711,0.0,4.88,0.863,False,0.9,True,0.018,0.428,False,none,0.658,0.342,True,0,0,0,0.7,2,2 واقعی + 2 پروکسی,407
2026-09-21 07:08:57,1789974537,pump-fun,PUMP,Pump.fun,0.00439869,2055384354,156210979,10.5264,21.1,50.52,,0.004,0.004,True,0.36,19.32,0.5278,نگه‌داری,0.0556,0.000452,10.29,0.83,False,0.8,True,0.068,0.121,True,high_sweep,0.288,0.712,True,0,0,0,0.7,2,2 واقعی + 2 پروکسی,400
2026-09-21 07:08:57,1789974537,pepe,PEPE,Pepe,4.03e-06,1697176342,317701319,0.8608,16.6,57.62,,0.0,0.0,True,0.28,16.85,0.5044,نگه‌داری,0.0089,0.0,6.61,0.964,False,0.7,True,0.025,-0.08,False,none,0.519,0.481,True,0,0,0,0.7,2,2 واقعی + 2 پروکسی,402
2026-09-21 07:08:57,1789974537,official-trump,TRUMP,Official Trump,2.08,587335742,195272338,2.9173,4.4,43.92,,2.0151,2.1143,False,0.7,3.84,0.4833,نگه‌داری,0.0333,0.19484,9.37,0.459,False,0.8,True,0.096,0.145,False,none,0.503,0.497,True,0,0,0,0.3,2,2 واقعی + 2 پروکسی,404
2026-09-21 07:08:57,1789974537,pudgy-penguins,PENGU,Pudgy Penguins,0.00808244,508092524,161332589,4.799,13.1,46.4,,0.0076,0.0078,False,0.35,13.56,0.4667,نگه‌داری,0.0667,0.000552,6.84,0.616,False,0.55,True,0.099,-0.189,False,none,0.304,0.696,True,0,0,0,0.5,1,2 واقعی + 2 پروکسی,405
2026-09-21 07:08:57,1789974537,spx6900,SPX,SPX6900,0.48926,455457430,11425455,6.7421,-1.7,51.32,,0.4746,0.5145,False,0.32,-2.24,0.4533,نگه‌داری,0.0933,0.048166,9.84,0.385,False,0.8,True,0.082,0.206,False,none,0.565,0.435,True,0,0,0,0.3,2,2 واقعی + 2 پروکسی,408
2026-09-21 07:08:57,1789974537,artificial-inu-3,AI,Artificial Inu,0.273099,271114654,20349057,9.6879,8.8,58.94,,0.0196,0.0196,False,0.32,7.82,0.3867,فروش,0.2267,0.000926,4.48,0.887,False,0.6,True,0.145,-0.021,False,none,0.423,0.577,True,0,0,0,0.5,1,2 واقعی + 2 پروکسی,410
2026-09-21 07:08:57,1789974537,bonk,BONK,Bonk,3.06e-06,268757970,48137073,2.3643,10.5,51.83,,0.0,0.0,False,0.43,11.83,0.4667,نگه‌داری,0.0667,0.0,7.36,0.638,False,0.7,True,0.098,0.031,False,none,0.473,0.527,True,0,0,0,0.5,1,2 واقعی + 2 پروکسی,406
2026-09-21 07:08:57,1789974537,floki,FLOKI,FLOKI,2.639e-05,254517361,20476336,4.0013,7.1,52.83,,0.0,0.0,True,0.25,7.07,0.5044,نگه‌داری,0.0089,1e-06,5.44,0.815,False,0.7,True,0.19,0.133,False,none,0.664,0.336,True,0,0,0,0.7,2,2 واقعی + 2 پروکسی,403
2026-09-21 07:08:57,1789974537,useless-3,USELESS,Useless Coin,0.246007,246203143,31841034,-3.3174,18.5,60.02,,0.2486,0.2261,True,0.19,24.7,0.51,نگه‌داری,0.02,0.043489,17.78,0.59,False,0.8,True,0.094,0.158,False,none,0.629,0.371,True,0,0,0,0.5,1,2 واقعی + 2 پروکسی,401
2026-09-21 07:08:57,1789974537,ribbita-by-virtuals,TIBBIR,Ribbita by Virtuals,0.232224,232191595,2003063,17.3143,-7.1,52.14,,0.2159,0.2199,False,0.82,-5.71,0.4433,نگه‌داری,0.1133,0.027903,12.02,0.667,False,0.7,False,0.3,,False,none,0.417,0.583,False,0,0,0,,,0 واقعی + 4 پروکسی,409
2026-09-21 11:49:36,1789991376,memecore,M,MemeCore,1.5,3413550133,2314359,2.3681,35.7289,72.87,,1.3211,1.197,True,1.3,36.92,0.5289,نگه‌داری,0.0578,,,1.046,False,0.7,False,0.3,,,,0.56,0.44,False,0,0,0,,,0 واقعی + 3 پروکسی,412
2026-09-21 11:49:36,1789991376,shiba-inu,SHIB,Shiba Inu,5.72e-06,3372029857,101718358,7.0172,9.0996,58.93,,0.0,0.0,True,0.77,9.11,0.4644,نگه‌داری,0.0711,0.0,4.99,1.022,False,0.7,True,0.018,0.035,False,none,0.559,0.441,True,0,0,0,0.7,2,2 واقعی + 2 پروکسی,420
2026-09-21 11:49:36,1789991376,pump-fun,PUMP,Pump.fun,0.0044501,2080010986,172782227,9.7977,21.6053,51.49,,0.0041,0.004,True,0.62,20.89,0.5278,نگه‌داری,0.0556,0.000452,10.16,0.871,False,0.7,True,0.067,-0.003,True,high_sweep,0.303,0.697,True,0,0,0,0.7,2,2 واقعی + 2 پروکسی,413
2026-09-21 11:49:36,1789991376,pepe,PEPE,Pepe,4.25e-06,1789211661,418394531,7.6392,21.646,62.15,,0.0,0.0,True,0.62,22.87,0.5044,نگه‌داری,0.0089,0.0,6.55,1.113,False,0.7,True,0.024,0.075,False,none,0.067,0.933,True,0,0,0,0.7,2,2 واقعی + 2 پروکسی,416
2026-09-21 11:49:36,1789991376,official-trump,TRUMP,Official Trump,2.16,609306703,256121267,6.9502,8.2578,47.12,,2.0257,2.1178,False,1.21,7.54,0.5067,نگه‌داری,0.0133,0.199269,9.25,0.568,False,0.8,True,0.093,0.104,False,none,0.444,0.556,True,0,0,0,0.5,1,2 واقعی + 2 پروکسی,415
2026-09-21 11:49:36,1789991376,pudgy-penguins,PENGU,Pudgy Penguins,0.00837311,526490779,199917351,9.2372,16.1332,50.43,,0.0076,0.0078,False,0.86,17.4,0.49,نگه‌داری,0.02,0.000574,6.87,0.719,False,0.8,True,0.012,0.236,False,none,0.601,0.399,True,0,0,0,0.5,1,2 واقعی + 2 پروکسی,418
2026-09-21 11:49:36,1789991376,spx6900,SPX,SPX6900,0.511301,476067451,14228513,12.9996,1.0894,54.14,,0.4776,0.5155,False,0.65,1.92,0.46,نگه‌داری,0.08,0.049623,9.73,0.487,False,0.7,True,0.078,0.096,False,none,0.313,0.687,True,0,0,0,0.3,2,2 واقعی + 2 پروکسی,421
2026-09-21 11:49:36,1789991376,bonk,BONK,Bonk,3.27e-06,288548248,69978425,10.7165,18.6336,57.86,,0.0,0.0,False,1.13,19.77,0.45,نگه‌داری,0.1,0.0,7.35,0.853,False,0.7,True,0.031,0.019,False,none,0.372,0.628,True,0,0,0,0.5,1,2 واقعی + 2 پروکسی,422
2026-09-21 11:49:36,1789991376,artificial-inu-3,AI,Artificial Inu,0.285117,282572360,22959171,16.9788,12.3941,63.35,,0.0197,0.0197,True,0.7,11.0,0.4878,نگه‌داری,0.0244,0.000959,4.51,1.057,False,0.55,True,0.047,-0.147,False,none,0.388,0.612,True,0,0,0,0.7,2,2 واقعی + 2 پروکسی,419
2026-09-21 11:49:36,1789991376,useless-3,USELESS,Useless Coin,0.277328,277559268,51689881,7.3018,37.5531,63.38,,0.2527,0.2274,True,0.6,39.07,0.5244,نگه‌داری,0.0489,0.045846,16.81,0.772,False,0.7,True,0.092,-0.049,False,none,0.055,0.945,True,0,0,0,0.5,1,2 واقعی + 2 پروکسی,414
2026-09-21 11:49:36,1789991376,floki,FLOKI,FLOKI,2.75e-05,265295424,27829308,9.0397,9.1004,57.49,,0.0,0.0,True,0.58,11.21,0.5044,نگه‌داری,0.0089,2e-06,5.53,1.013,False,0.6,True,0.146,0.003,False,none,0.256,0.744,True,0,0,0,0.7,2,2 واقعی + 2 پروکسی,417
2026-09-21 11:49:36,1789991376,ape-and-pepe,APEPE,Ape and Pepe,1.23e-06,258187580,12274634,1.584,-1.8724,48.64,,0.0,0.0,False,0.97,-0.68,0.4378,نگه‌داری,0.1244,,,0.492,False,0.9,False,0.1,,,,0.534,0.466,False,0,0,0,,,0 واقعی + 3 پروکسی,423
2026-09-21 17:45:18,1790012718,shiba-inu,SHIB,Shiba Inu,5.95e-06,3505642658,152351475,8.0068,12.9356,63.36,,0.0,0.0,True,1.46,13.63,0.5511,خرید,0.1022,0.0,5.15,1.203,False,0.8,True,0.017,0.157,False,none,0.482,0.518,True,0,0,0,0.7,2,2 واقعی + 2 پروکسی,428
2026-09-21 17:45:18,1790012718,memecore,M,MemeCore,1.48,3371407902,2353787,-3.5962,36.066,72.18,,1.3188,1.1962,True,1.32,35.43,0.5289,نگه‌داری,0.0578,,,1.024,False,0.7,False,0.3,,,,0.56,0.44,False,0,0,0,,,0 واقعی + 3 پروکسی,431
2026-09-21 17:45:18,1790012718,pepe,PEPE,Pepe,4.97e-06,2088989173,934300120,24.0456,41.8496,72.32,,0.0,0.0,True,2.26,43.57,0.5744,خرید,0.1489,0.0,6.89,1.387,False,0.7,True,0.04,0.052,False,none,0.499,0.501,True,0,0,0,0.7,2,2 واقعی + 2 پروکسی,425
2026-09-21 17:45:18,1790012718,pump-fun,PUMP,Pump.fun,0.0042917,2005909096,186592851,2.9044,19.7423,48.43,,0.004,0.004,True,0.85,16.14,0.5678,خرید,0.1356,0.000452,10.57,0.745,False,0.7,True,0.07,0.063,True,high_sweep,0.131,0.869,True,0,0,0,0.7,2,2 واقعی + 2 پروکسی,427
2026-09-21 17:45:18,1790012718,official-trump,TRUMP,Official Trump,2.15,604921263,320327219,2.6138,5.6482,46.54,,2.0237,2.1171,False,1.98,6.84,0.5067,نگه‌داری,0.0133,0.200126,9.35,0.547,False,0.7,True,0.094,0.086,True,high_sweep,0.492,0.508,True,0,0,0,0.5,1,2 واقعی + 2 پروکسی,434
2026-09-21 17:45:18,1790012718,pudgy-penguins,PENGU,Pudgy Penguins,0.00863664,543396674,261431411,9.5115,22.0434,53.76,,0.0076,0.0078,False,2.17,21.08,0.52,نگه‌داری,0.04,0.000609,7.07,0.812,False,0.8,True,0.058,0.202,False,none,0.546,0.454,True,0,0,0,0.5,1,2 واقعی + 2 پروکسی,432
2026-09-21 17:45:18,1790012718,spx6900,SPX,SPX6900,0.500015,465604463,18065761,7.0205,2.5735,52.74,,0.4761,0.515,False,1.32,-0.2,0.4833,نگه‌داری,0.0333,0.050702,10.15,0.435,False,0.7,True,0.06,0.057,True,high_sweep,0.389,0.611,True,0,0,0,0.5,1,2 واقعی + 2 پروکسی,436
2026-09-21 17:45:18,1790012718,bonk,BONK,Bonk,3.34e-06,293754329,91713062,9.5016,19.521,59.45,,0.0,0.0,False,2.42,22.26,0.4967,نگه‌داری,0.0067,0.0,7.44,0.912,False,0.7,True,0.06,-0.076,False,none,0.435,0.565,True,0,0,0,0.5,1,2 واقعی + 2 پروکسی,435
2026-09-21 17:45:18,1790012718,useless-3,USELESS,Useless Coin,0.289588,289624246,66909977,16.1984,42.9908,64.91,,0.2548,0.2281,True,0.74,46.56,0.5078,نگه‌داری,0.0156,0.046506,16.18,0.858,False,0.8,True,0.115,0.303,False,none,0.49,0.51,True,0,0,0,0.5,1,2 واقعی + 2 پروکسی,433
2026-09-21 17:45:18,1790012718,floki,FLOKI,FLOKI,2.88e-05,278056772,48819994,11.088,16.9636,62.27,,0.0,0.0,True,1.81,16.53,0.5511,خرید,0.1022,2e-06,5.88,1.197,False,0.7,True,0.174,0.102,False,none,0.294,0.706,True,0,0,0,0.7,2,2 واقعی + 2 پروکسی,429
2026-09-21 17:45:18,1790012718,artificial-inu-3,AI,Artificial Inu,0.256056,254019757,21365344,-3.4114,-3.2749,63.35,,0.0197,0.0197,True,1.36,11.0,0.5344,نگه‌داری,0.0689,0.000972,4.56,1.057,False,0.7,True,0.095,0.007,False,none,0.218,0.782,True,0,0,0,0.7,2,2 واقعی + 2 پروکسی,430
2026-09-21 17:45:18,1790012718,binance-peg-dogecoin,DOGE,Binance-Peg Dogecoin,0.097718,250536070,3203268,11.9328,15.9777,63.63,,0.0862,0.0859,True,2.27,17.21,0.5744,خرید,0.1489,0.005021,5.12,1.202,False,0.7,True,0.02,0.097,False,none,0.36,0.64,True,0,0,0,0.7,2,2 واقعی + 2 پروکسی,426
2026-09-21 17:45:18,1790012718,ribbita-by-virtuals,TIBBIR,Ribbita by Virtuals,0.24588,245860662,2198502,13.8343,-3.491,55.14,,0.2179,0.2206,False,0.9,-0.16,0.4033,نگه‌داری,0.1933,0.029844,12.14,0.821,False,0.7,False,0.3,,False,none,0.418,0.582,False,0,0,0,,,0 واقعی + 4 پروکسی,437
2026-09-21 21:38:08,1790026688,shiba-inu,SHIB,Shiba Inu,5.98e-06,3524864389,163875015,9.102,12.6251,64.02,,0.0,0.0,True,1.9,14.4,0.5511,خرید,0.1022,0.0,5.12,1.227,False,0.7,True,0.033,0.014,False,none,0.507,0.493,True,0,0,0,0.7,2,2 واقعی + 2 پروکسی,442
2026-09-21 21:38:08,1790026688,memecore,M,MemeCore,1.48,3369447852,2238858,0.5347,36.3338,72.11,,1.3186,1.1961,True,1.26,35.28,0.5289,نگه‌داری,0.0578,,,1.022,False,0.7,False,0.3,,,,0.559,0.441,False,0,0,0,,,0 واقعی + 3 پروکسی,445
2026-09-21 21:38:08,1790026688,pepe,PEPE,Pepe,4.84e-06,2039126662,1031882974,22.2312,39.7847,71.1,,0.0,0.0,True,2.98,40.3,0.5744,خرید,0.1489,0.0,7.05,1.361,False,0.7,True,0.041,0.004,False,none,0.478,0.522,True,0,0,0,0.7,2,2 واقعی + 2 پروکسی,439
2026-09-21 21:38:08,1790026688,pump-fun,PUMP,Pump.fun,0.00433567,2025789515,183109383,2.1139,17.2687,49.79,,0.004,0.004,True,0.97,18.17,0.5511,خرید,0.1022,0.000456,10.48,0.8,False,0.7,True,0.069,0.051,True,high_sweep,0.534,0.466,True,0,0,0,0.7,2,2 واقعی + 2 پروکسی,443
2026-09-21 21:38:08,1790026688,official-trump,TRUMP,Official Trump,2.19,615974990,327535260,6.117,7.1296,48.46,,2.0306,2.1194,False,2.36,9.24,0.5133,نگه‌داری,0.0267,0.200126,9.15,0.618,False,0.7,True,0.046,0.04,True,high_sweep,0.5,0.5,True,0,0,0,0.5,1,2 واقعی + 2 پروکسی,447
2026-09-21 21:38:08,1790026688,pudgy-penguins,PENGU,Pudgy Penguins,0.00869702,546407287,315231339,11.0419,21.2147,54.87,,0.0077,0.0079,False,2.78,22.43,0.52,نگه‌داری,0.04,0.000618,7.09,0.845,False,0.8,True,0.046,0.247,False,none,0.79,0.21,True,0,0,0,0.5,1,2 واقعی + 2 پروکسی,446
2026-09-21 21:38:08,1790026688,spx6900,SPX,SPX6900,0.503342,468328587,19249065,7.4562,-1.2729,53.19,,0.4765,0.5152,False,1.66,0.46,0.5067,نگه‌داری,0.0133,0.050702,10.08,0.451,False,0.7,True,0.079,0.066,True,high_sweep,0.325,0.675,True,0,0,0,0.5,1,2 واقعی + 2 پروکسی,448
2026-09-21 21:38:08,1790026688,bonk,BONK,Bonk,3.38e-06,297448091,100560743,12.5535,22.4124,60.18,,0.0,0.0,False,2.87,23.47,0.4967,نگه‌داری,0.0067,0.0,7.36,0.94,False,0.7,True,0.03,-0.066,False,none,0.564,0.436,True,0,0,0,0.5,1,2 واقعی + 2 پروکسی,449
2026-09-21 21:38:08,1790026688,useless-3,USELESS,Useless Coin,0.295287,295024923,81623208,24.1157,39.6104,65.5,,0.2556,0.2284,True,1.13,49.61,0.5311,نگه‌داری,0.0622,0.046696,15.91,0.892,False,0.7,True,0.085,-0.007,False,none,0.253,0.747,True,0,0,0,0.7,2,2 واقعی + 2 پروکسی,444
2026-09-21 21:38:08,1790026688,floki,FLOKI,FLOKI,2.891e-05,278644025,59793969,12.0739,15.5854,63.25,,0.0,0.0,True,2.07,17.79,0.5744,خرید,0.1489,2e-06,5.82,1.23,False,0.6,True,0.103,0.095,False,none,0.333,0.667,True,0,0,0,0.7,2,2 واقعی + 2 پروکسی,440
2026-09-21 21:38:08,1790026688,binance-peg-dogecoin,DOGE,Binance-Peg Dogecoin,0.098758,253177356,4229570,13.6674,18.3767,65.06,,0.0864,0.086,True,2.98,19.05,0.5744,خرید,0.1489,0.005168,5.19,1.249,False,0.55,True,0.01,-0.101,False,none,0.618,0.382,True,0,0,0,0.7,2,2 واقعی + 2 پروکسی,441
2026-09-21 21:38:08,1790026688,lobster-2,龙虾,龙虾 (Lobster),0.251315,251306530,26372085,4.4424,50.0986,81.18,,0.225,0.1317,True,1.18,55.96,0.4778,نگه‌داری,0.0444,0.123718,49.21,0.894,False,0.9,False,0.1,,False,none,0.75,0.25,False,0,0,0,,,0 واقعی + 4 پروکسی,450
2026-09-22 02:59:51,1790045991,shiba-inu,SHIB,Shiba Inu,5.94e-06,3495495734,215175078,7.6513,15.4945,62.44,,0.0,0.0,True,0.31,20.3,0.5044,نگه‌داری,0.0089,0.0,5.11,1.038,False,0.7,True,0.034,-0.01,False,none,0.495,0.505,True,0,0,0,0.7,2,2 واقعی + 2 پروکسی,457
2026-09-22 02:59:51,1790045991,memecore,M,MemeCore,1.45,3311285473,2357210,-3.4739,30.0459,68.66,,1.359,1.2131,True,1.3,28.14,0.5289,نگه‌داری,0.0578,,,0.932,False,0.7,False,0.3,,,,0.511,0.489,False,0,0,0,,,0 واقعی + 3 پروکسی,454
2026-09-22 02:59:51,1790045991,pepe,PEPE,Pepe,5.04e-06,2117463634,1285177209,26.0302,47.4459,73.41,,0.0,0.0,True,0.5,49.25,0.5044,نگه‌داری,0.0089,0.0,6.83,1.238,False,0.55,True,0.02,-0.111,True,high_sweep,0.587,0.413,True,0,0,0,0.7,2,2 واقعی + 2 پروکسی,458
2026-09-22 02:59:51,1790045991,pump-fun,PUMP,Pump.fun,0.00440404,2056307041,197902650,2.5053,21.6599,53.18,,0.0042,0.004,True,0.16,25.04,0.5278,نگه‌داری,0.0556,0.000432,9.82,0.812,False,0.7,True,0.068,-0.043,True,high_sweep,0.273,0.727,True,0,0,0,0.7,2,2 واقعی + 2 پروکسی,455
2026-09-22 02:59:51,1790045991,official-trump,TRUMP,Official Trump,2.16,607177004,363595035,3.8754,9.5968,49.93,,2.0694,2.1139,False,0.2,14.51,0.4833,نگه‌داری,0.0333,0.195202,9.06,0.572,False,0.8,True,0.093,0.131,True,high_sweep,0.467,0.533,True,0,0,0,0.5,1,2 واقعی + 2 پروکسی,462
2026-09-22 02:59:51,1790045991,pudgy-penguins,PENGU,Pudgy Penguins,0.00873181,548394293,332820884,10.094,23.4135,54.95,,0.0079,0.0079,True,0.76,27.53,0.5278,نگه‌داری,0.0556,0.000594,6.8,0.833,False,0.8,True,0.069,0.139,False,none,0.472,0.528,True,0,0,0,0.7,2,2 واقعی + 2 پروکسی,456
2026-09-22 02:59:51,1790045991,spx6900,SPX,SPX6900,0.499758,465416285,20045763,5.1665,3.4124,53.48,,0.4828,0.512,False,0.29,8.12,0.46,نگه‌داری,0.08,0.049005,9.79,0.447,False,0.6,True,0.12,0.045,False,none,0.388,0.612,True,0,0,0,0.5,1,2 واقعی + 2 پروکسی,463
2026-09-22 02:59:51,1790045991,bonk,BONK,Bonk,3.37e-06,295962427,104320618,12.2547,26.5215,60.82,,0.0,0.0,True,0.31,31.22,0.5356,نگه‌داری,0.0711,0.0,7.14,0.891,False,0.8,True,0.059,0.2,True,high_sweep,0.396,0.604,True,0,0,0,0.7,2,2 واقعی + 2 پروکسی,452
2026-09-22 02:59:51,1790045991,floki,FLOKI,FLOKI,2.867e-05,276227405,64103356,10.5023,17.4391,62.85,,0.0,0.0,True,0.29,23.29,0.5044,نگه‌داری,0.0089,2e-06,5.69,1.058,False,0.6,True,0.104,0.095,False,none,0.307,0.693,True,0,0,0,0.7,2,2 واقعی + 2 پروکسی,459
2026-09-22 02:59:51,1790045991,useless-3,USELESS,Useless Coin,0.257924,257831981,77424867,8.1832,40.8064,60.25,,0.2595,0.2346,True,0.1,19.38,0.4933,نگه‌داری,0.0133,0.046815,18.28,0.648,False,0.3,True,0.247,-0.534,False,none,0.258,0.742,True,0,0,0,0.7,2,2 واقعی + 2 پروکسی,461
2026-09-22 02:59:51,1790045991,binance-peg-dogecoin,DOGE,Binance-Peg Dogecoin,0.099303,254590987,5265192,12.6771,20.261,65.3,,0.0891,0.0868,True,0.26,23.64,0.5044,نگه‌داری,0.0089,0.005121,5.17,1.077,False,0.55,True,0.01,-0.103,False,none,0.36,0.64,True,0,0,0,0.7,2,2 واقعی + 2 پروکسی,460
2026-09-22 02:59:51,1790045991,dogwifcoin,WIF,dogwifhat,0.247758,246967471,150523195,22.4978,32.3631,67.34,,0.2132,0.2047,True,0.18,39.7,0.5356,نگه‌داری,0.0711,0.017593,7.07,1.09,False,0.8,True,0.04,0.202,True,high_sweep,0.51,0.49,True,0,0,0,0.7,2,2 واقعی + 2 پروکسی,453
2026-09-22 10:51:41,1790074301,shiba-inu,SHIB,Shiba Inu,5.99e-06,3531167785,252264547,5.0238,17.5311,63.65,,0.0,0.0,True,1.07,21.17,0.5278,نگه‌داری,0.0556,0.0,5.28,1.065,False,0.8,True,0.017,0.199,True,high_sweep,0.441,0.559,True,0,0,0,0.7,2,2 واقعی + 2 پروکسی,471
2026-09-22 10:51:41,1790074301,memecore,M,MemeCore,1.34,3040920598,2178751,-11.4724,19.3284,58.04,,1.3417,1.2074,True,1.2,17.5,0.5456,نگه‌داری,0.0911,,,0.735,False,0.7,False,0.3,,,,0.474,0.526,False,0,0,0,,,0 واقعی + 3 پروکسی,469
2026-09-22 10:51:41,1790074301,pump-fun,PUMP,Pump.fun,0.00456459,2136503975,223512603,2.5335,26.1248,56.13,,0.0042,0.004,True,0.52,30.05,0.5356,نگه‌داری,0.0711,0.000438,9.57,0.927,False,0.55,True,0.066,-0.149,False,none,0.486,0.514,True,0,0,0,0.7,2,2 واقعی + 2 پروکسی,470
2026-09-22 10:51:41,1790074301,pepe,PEPE,Pepe,4.92e-06,2070652030,1519302527,17.6161,45.3162,71.91,,0.0,0.0,True,1.87,45.12,0.5511,خرید,0.1022,0.0,7.33,1.196,False,0.7,True,0.02,0.077,True,high_sweep,0.433,0.567,True,0,0,0,0.7,2,2 واقعی + 2 پروکسی,467
2026-09-22 10:51:41,1790074301,official-trump,TRUMP,Official Trump,2.14,604111726,379489575,-0.7033,9.6421,49.57,,2.0681,2.1134,False,0.5,14.03,0.4833,نگه‌داری,0.0333,0.197559,9.21,0.559,False,0.8,True,0.047,0.156,True,high_sweep,0.527,0.473,True,0,0,0,0.5,1,2 واقعی + 2 پروکسی,476
2026-09-22 10:51:41,1790074301,pudgy-penguins,PENGU,Pudgy Penguins,0.00886876,558324223,401084873,6.8558,28.6605,56.91,,0.008,0.0079,True,1.76,29.87,0.5511,خرید,0.1022,0.000615,6.91,0.884,False,0.7,True,0.067,0.061,True,high_sweep,0.635,0.365,True,0,0,0,0.7,2,2 واقعی + 2 پروکسی,468
2026-09-22 10:51:41,1790074301,spx6900,SPX,SPX6900,0.507108,472297341,21892492,0.5312,6.2319,54.29,,0.4835,0.5122,False,1.2,9.24,0.5067,نگه‌داری,0.0133,0.050955,10.07,0.473,False,0.45,True,0.138,-0.151,True,high_sweep,0.274,0.726,True,0,0,0,0.5,1,2 واقعی + 2 پروکسی,475
2026-09-22 10:51:41,1790074301,useless-3,USELESS,Useless Coin,0.300407,300438251,90273756,7.1218,45.9161,66.89,,0.266,0.2368,True,0.37,40.81,0.5078,نگه‌داری,0.0156,0.047901,15.86,0.998,False,0.7,True,0.073,-0.055,False,none,0.393,0.607,True,0,0,0,0.7,2,2 واقعی + 2 پروکسی,474
2026-09-22 10:51:41,1790074301,bonk,BONK,Bonk,3.4e-06,299561862,139163594,4.7056,29.2109,61.55,,0.0,0.0,True,2.03,32.5,0.6056,خرید,0.2111,0.0,7.58,0.917,False,0.8,True,0.029,0.23,True,high_sweep,0.495,0.505,True,0,0,0,0.7,2,2 واقعی + 2 پروکسی,465
2026-09-22 10:51:41,1790074301,floki,FLOKI,FLOKI,2.924e-05,282364084,75057644,7.8077,21.4369,65.18,,0.0,0.0,True,1.04,25.57,0.5278,نگه‌داری,0.0556,2e-06,5.83,1.117,False,0.7,True,0.103,0.16,True,high_sweep,0.285,0.715,True,0,0,0,0.7,2,2 واقعی + 2 پروکسی,472
2026-09-22 10:51:41,1790074301,dogwifcoin,WIF,dogwifhat,0.257001,256798743,202658871,20.1656,41.1494,69.52,,0.2145,0.2052,True,0.84,45.14,0.5589,خرید,0.1178,0.018829,7.28,1.17,False,0.7,True,0.155,0.2,False,none,0.508,0.492,True,0,0,0,0.7,2,2 واقعی + 2 پروکسی,466
2026-09-22 10:51:41,1790074301,binance-peg-dogecoin,DOGE,Binance-Peg Dogecoin,0.097501,250019603,6188957,5.8185,19.3109,63.23,,0.0889,0.0868,True,0.97,22.12,0.5278,نگه‌داری,0.0556,0.005457,5.58,1.035,False,0.7,True,0.01,-0.003,True,high_sweep,0.38,0.62,True,0,0,0,0.7,2,2 واقعی + 2 پروکسی,473
2026-09-22 16:10:12,1790093412,shiba-inu,SHIB,Shiba Inu,6.01e-06,3541686561,232926704,0.1056,18.8434,64.53,,0.0,0.0,True,1.54,21.78,0.5511,خرید,0.1022,0.0,5.27,1.084,False,0.8,True,0.017,0.21,True,high_sweep,0.49,0.51,True,0,0,0,0.7,2,2 واقعی + 2 پروکسی,482
2026-09-22 16:10:12,1790093412,memecore,M,MemeCore,1.31,2977782165,1780273,-12.2592,18.8342,55.83,,1.3376,1.206,True,0.98,14.94,0.5222,نگه‌داری,0.0444,,,0.683,False,0.7,False,0.3,,,,0.477,0.523,False,0,0,0,,,0 واقعی + 3 پروکسی,488
2026-09-22 16:10:12,1790093412,pump-fun,PUMP,Pump.fun,0.0044336,2070847466,226797710,1.2559,25.247,53.88,,0.0042,0.004,True,0.89,26.18,0.5511,خرید,0.1022,0.000445,10.02,0.84,False,0.8,True,0.023,0.201,True,high_sweep,0.444,0.556,True,0,0,0,0.7,2,2 واقعی + 2 پروکسی,483
2026-09-22 16:10:12,1790093412,pepe,PEPE,Pepe,4.85e-06,2040244929,1176833773,-2.9925,44.2882,71.11,,0.0,0.0,True,2.33,43.11,0.5744,خرید,0.1489,0.0,7.43,1.173,False,0.8,True,0.041,0.19,True,high_sweep,0.468,0.532,True,0,0,0,0.7,2,2 واقعی + 2 پروکسی,481
2026-09-22 16:10:12,1790093412,official-trump,TRUMP,Official Trump,2.17,612157764,329598268,-0.6326,12.3411,50.66,,2.072,2.1147,False,0.76,15.46,0.4833,نگه‌داری,0.0333,0.197559,9.09,0.599,False,0.7,True,0.046,0.042,True,high_sweep,0.38,0.62,True,0,0,0,0.5,1,2 واقعی + 2 پروکسی,490
2026-09-22 16:10:12,1790093412,pudgy-penguins,PENGU,Pudgy Penguins,0.0090426,568421424,409739947,2.8757,32.0027,58.96,,0.008,0.0079,True,2.79,32.74,0.6056,خرید,0.2111,0.000618,6.79,0.942,False,0.6,True,0.121,0.045,True,high_sweep,0.437,0.563,True,0,0,0,0.7,2,2 واقعی + 2 پروکسی,478
2026-09-22 16:10:12,1790093412,spx6900,SPX,SPX6900,0.52067,484736676,22551642,2.6989,12.9323,56.52,,0.4859,0.513,False,2.41,12.85,0.53,نگه‌داری,0.06,0.050955,9.75,0.556,False,0.7,True,0.096,0.057,True,high_sweep,0.276,0.724,True,0,0,0,0.5,1,2 واقعی + 2 پروکسی,486
2026-09-22 16:10:12,1790093412,bonk,BONK,Bonk,3.56e-06,312925032,141545692,5.7477,35.9853,64.56,,0.0,0.0,True,2.67,38.3,0.6056,خرید,0.2111,0.0,7.27,1.024,False,0.7,True,0.056,-0.091,False,none,0.458,0.542,True,0,0,0,0.7,2,2 واقعی + 2 پروکسی,479
2026-09-22 16:10:12,1790093412,useless-3,USELESS,Useless Coin,0.301781,301763116,95457309,6.9219,49.4534,66.7,,0.2658,0.2367,True,0.63,39.88,0.5078,نگه‌داری,0.0156,0.049027,16.34,0.986,False,0.45,True,0.133,-0.175,True,high_sweep,0.499,0.501,True,0,0,0,0.7,2,2 واقعی + 2 پروکسی,489
2026-09-22 16:10:12,1790093412,floki,FLOKI,FLOKI,2.963e-05,285770289,62332226,0.0941,24.2063,66.68,,0.0,0.0,True,1.48,27.76,0.5511,خرید,0.1022,2e-06,5.73,1.168,False,0.6,True,0.101,0.083,True,high_sweep,0.426,0.574,True,0,0,0,0.7,2,2 واقعی + 2 پروکسی,484
2026-09-22 16:10:12,1790093412,dogwifcoin,WIF,dogwifhat,0.260778,260498415,200316139,5.9279,48.7231,69.77,,0.2147,0.2052,True,1.36,45.82,0.5822,خرید,0.1644,0.020022,7.71,1.179,False,0.8,True,0.039,0.108,False,none,0.489,0.511,True,0,0,0,0.7,2,2 واقعی + 2 پروکسی,480
2026-09-22 16:10:12,1790093412,ribbita-by-virtuals,TIBBIR,Ribbita by Virtuals,0.258287,258261907,2120641,3.2956,20.2451,56.7,,0.2277,0.2221,True,0.9,25.88,0.5278,نگه‌داری,0.0556,0.038143,14.81,0.884,False,0.7,False,0.3,,True,high_sweep,0.397,0.603,False,0,0,0,,,0 واقعی + 4 پروکسی,487
2026-09-22 16:10:12,1790093412,binance-peg-dogecoin,DOGE,Binance-Peg Dogecoin,0.099508,255137580,5522568,3.0408,22.7211,66.36,,0.0892,0.0869,True,1.32,24.38,0.5511,خرید,0.1022,0.005472,5.49,1.096,False,0.9,True,0.01,0.679,True,high_sweep,0.103,0.897,True,0,0,0,0.7,2,2 واقعی + 2 پروکسی,485
2026-09-22 20:49:05,1790110145,shiba-inu,SHIB,Shiba Inu,6.05e-06,3567068555,195036628,1.65,20.5702,65.64,,0.0,0.0,True,1.84,22.67,0.5511,خرید,0.1022,0.0,5.23,1.109,False,0.9,True,0.016,0.493,True,high_sweep,0.448,0.552,True,0,0,0,0.7,2,2 واقعی + 2 پروکسی,496
2026-09-22 20:49:05,1790110145,memecore,M,MemeCore,1.31,2986693037,1777824,-11.8921,17.8238,56.06,,1.338,1.2061,True,0.99,15.22,0.5222,نگه‌داری,0.0444,,,0.689,False,0.7,False,0.3,,,,0.477,0.523,False,0,0,0,,,0 واقعی + 3 پروکسی,501
2026-09-22 20:49:05,1790110145,pump-fun,PUMP,Pump.fun,0.00449335,2098520666,227232730,4.5077,23.9876,55.11,,0.0042,0.004,True,1.01,28.25,0.5278,نگه‌داری,0.0556,0.000445,9.86,0.888,False,0.8,True,0.044,0.157,True,high_sweep,0.759,0.241,True,0,0,0,0.7,2,2 واقعی + 2 پروکسی,499
2026-09-22 20:49:05,1790110145,pepe,PEPE,Pepe,4.86e-06,2045991392,955723073,0.1033,44.7184,71.35,,0.0,0.0,True,2.56,43.7,0.5744,خرید,0.1489,0.0,7.4,1.18,False,0.9,True,0.021,0.368,True,high_sweep,0.591,0.409,True,0,0,0,0.7,2,2 واقعی + 2 پروکسی,494
2026-09-22 20:49:05,1790110145,pudgy-penguins,PENGU,Pudgy Penguins,0.01038567,653363376,480944018,20.252,46.0175,69.21,,0.0082,0.008,True,4.58,52.92,0.6289,خرید,0.2578,0.000708,6.76,1.237,False,0.8,True,0.076,0.189,False,none,0.432,0.568,True,0,0,0,0.7,2,2 واقعی + 2 پروکسی,492
2026-09-22 20:49:05,1790110145,official-trump,TRUMP,Official Trump,2.21,623400040,342484211,1.1511,15.4448,52.39,,2.0781,2.1168,False,0.94,17.75,0.49,نگه‌داری,0.02,0.197559,8.92,0.661,False,0.7,True,0.045,0.097,True,high_sweep,0.515,0.485,True,0,0,0,0.5,1,2 واقعی + 2 پروکسی,502
2026-09-22 20:49:05,1790110145,spx6900,SPX,SPX6900,0.534978,498095832,21712132,5.8067,13.6556,57.72,,0.4874,0.5135,False,3.75,15.03,0.5367,نگه‌داری,0.0733,0.050955,9.57,0.606,False,0.7,True,0.075,0.085,False,none,0.519,0.481,True,0,0,0,0.5,1,2 واقعی + 2 پروکسی,498
2026-09-22 20:49:05,1790110145,useless-3,USELESS,Useless Coin,0.348214,347811322,119598558,17.0183,56.2846,70.59,,0.2723,0.2388,True,1.02,61.12,0.5278,نگه‌داری,0.0556,0.051109,14.79,1.216,False,0.45,True,0.148,-0.184,False,none,0.636,0.364,True,0,0,0,0.7,2,2 واقعی + 2 پروکسی,500
2026-09-22 20:49:05,1790110145,bonk,BONK,Bonk,3.62e-06,318271805,137947927,6.6719,37.3696,65.37,,0.0,0.0,True,3.1,40.05,0.6289,خرید,0.2578,0.0,7.18,1.053,False,0.55,True,0.028,-0.136,False,none,0.493,0.507,True,0,0,0,0.7,2,2 واقعی + 2 پروکسی,
2026-09-22 20:49:05,1790110145,floki,FLOKI,FLOKI,2.983e-05,287722556,54509775,4.3438,25.2018,66.65,,0.0,0.0,True,2.03,27.71,0.5744,خرید,0.1489,2e-06,5.74,1.167,False,0.6,True,0.101,-0.01,True,high_sweep,0.025,0.975,True,0,0,0,0.7,2,2 واقعی + 2 پروکسی,495
2026-09-22 20:49:05,1790110145,binance-peg-dogecoin,DOGE,Binance-Peg Dogecoin,0.100155,256821809,4431519,0.7328,24.3301,67.06,,0.0893,0.0869,True,1.51,25.05,0.5511,خرید,0.1022,0.005472,5.46,1.113,False,0.55,True,0.01,-0.28,True,high_sweep,0.173,0.827,True,0,0,0,0.7,2,2 واقعی + 2 پروکسی,497
2026-09-22 20:49:05,1790110145,dogwifcoin,WIF,dogwifhat,0.250655,250499342,187585504,5.2661,44.9894,67.81,,0.2134,0.2048,True,1.66,40.82,0.5822,خرید,0.1644,0.020022,7.98,1.108,False,0.9,True,0.04,0.407,False,none,0.48,0.52,True,0,0,0,0.7,2,2 واقعی + 2 پروکسی,493
2026-09-23 03:00:31,1790132431,shiba-inu,SHIB,Shiba Inu,6.15e-06,3621730021,187361833,3.3625,23.9319,69.04,,0.0,0.0,True,0.15,23.64,0.4878,نگه‌داری,0.0244,0.0,4.79,1.058,False,0.8,True,0.016,0.143,False,none,0.575,0.425,True,0,0,0,0.7,2,2 واقعی + 2 پروکسی,512
2026-09-23 03:00:31,1790132431,memecore,M,MemeCore,1.3,2965290748,1151870,-10.6922,13.7062,55.12,,1.3638,1.2177,True,0.65,15.68,0.4989,نگه‌داری,0.0022,,,0.654,False,0.7,False,0.3,,,,0.422,0.578,False,0,0,0,,,0 واقعی + 3 پروکسی,511
2026-09-23 03:00:31,1790132431,pepe,PEPE,Pepe,4.91e-06,2065073944,797237102,-2.9226,44.6174,72.55,,0.0,0.0,True,0.13,44.67,0.5044,نگه‌داری,0.0089,0.0,6.89,1.058,False,0.7,True,0.02,-0.006,False,none,0.606,0.394,True,0,0,0,0.7,2,2 واقعی + 2 پروکسی,508
2026-09-23 03:00:31,1790132431,pump-fun,PUMP,Pump.fun,0.00438935,2048573162,208746520,-0.2736,24.0889,54.07,,0.0043,0.004,True,0.06,21.26,0.5444,نگه‌داری,0.0889,0.000423,9.63,0.791,False,0.7,True,0.068,0.049,False,none,0.694,0.306,True,0,0,0,0.7,2,2 واقعی + 2 پروکسی,504
2026-09-23 03:00:31,1790132431,pudgy-penguins,PENGU,Pudgy Penguins,0.00997292,626412769,497394600,14.0755,45.6147,67.25,,0.0085,0.008,True,0.29,43.12,0.5356,نگه‌داری,0.0711,0.000665,6.66,1.056,False,0.8,True,0.08,0.121,False,none,0.549,0.451,True,0,0,0,0.7,2,2 واقعی + 2 پروکسی,505
2026-09-23 03:00:31,1790132431,official-trump,TRUMP,Official Trump,2.22,626104211,357665651,3.0094,17.3941,56.1,,2.1253,2.119,True,0.27,15.57,0.5211,نگه‌داری,0.0422,0.18729,8.38,0.71,False,0.8,True,0.09,0.13,True,high_sweep,0.512,0.488,True,0,0,0,0.7,2,2 واقعی + 2 پروکسی,507
2026-09-23 03:00:31,1790132431,spx6900,SPX,SPX6900,0.518639,482655101,22012492,3.5461,13.5566,53.65,,0.4947,0.5121,False,0.61,14.08,0.4833,نگه‌داری,0.0333,0.047597,9.16,0.571,False,0.7,True,0.096,-0.073,False,none,0.432,0.568,True,0,0,0,0.5,1,2 واقعی + 2 پروکسی,514
2026-09-23 03:00:31,1790132431,useless-3,USELESS,Useless Coin,0.338534,338539128,113025432,32.768,55.4962,70.27,,0.2881,0.2493,True,0.11,47.87,0.5044,نگه‌داری,0.0089,0.049689,14.54,1.065,False,0.6,True,0.12,-0.096,False,none,0.564,0.436,True,0,0,0,0.7,2,2 واقعی + 2 پروکسی,509
2026-09-23 03:00:31,1790132431,bonk,BONK,Bonk,3.67e-06,322756985,146188230,8.9111,43.9082,68.84,,0.0,0.0,True,0.38,38.08,0.5356,نگه‌داری,0.0711,0.0,6.81,1.019,False,0.7,True,0.054,-0.057,True,high_sweep,0.534,0.466,True,0,0,0,0.7,2,2 واقعی + 2 پروکسی,506
2026-09-23 03:00:31,1790132431,floki,FLOKI,FLOKI,3.053e-05,294191546,54449008,6.1385,29.1572,69.73,,0.0,0.0,True,0.24,29.02,0.5044,نگه‌داری,0.0089,2e-06,5.35,1.101,False,0.7,True,0.033,0.071,False,none,0.341,0.659,True,0,0,0,0.7,2,2 واقعی + 2 پروکسی,510
2026-09-23 03:00:31,1790132431,artificial-inu-3,AI,Artificial Inu,0.265148,262837200,31707668,12.8325,-9.6592,62.57,,0.0206,0.0199,True,0.1,15.07,0.4878,نگه‌داری,0.0244,0.000925,4.34,0.899,False,0.7,True,0.093,-0.019,False,none,0.392,0.608,True,0,0,0,0.7,2,2 واقعی + 2 پروکسی,513
2026-09-23 03:00:31,1790132431,binance-peg-dogecoin,DOGE,Binance-Peg Dogecoin,0.101738,260836576,3470364,2.2776,25.7257,72.31,,0.0925,0.0879,True,0.26,27.82,0.4733,نگه‌داری,0.0533,0.005259,5.09,1.103,False,0.4,True,0.048,-0.3,False,none,0.696,0.304,True,0,0,0,0.7,2,2 واقعی + 2 پروکسی,515
2026-09-23 10:40:51,1790160051,shiba-inu,SHIB,Shiba Inu,6.04e-06,3557752499,130897602,0.8324,25.2705,66.74,,0.0,0.0,True,0.46,21.64,0.4878,نگه‌داری,0.0244,0.0,5.0,1.004,False,0.8,True,0.033,0.209,False,none,0.503,0.497,True,0,0,0,0.7,2,2 واقعی + 2 پروکسی,529
2026-09-23 10:40:51,1790160051,pepe,PEPE,Pepe,4.81e-06,2019921074,548765514,-2.2488,44.9072,69.59,,0.0,0.0,True,0.7,41.7,0.5356,نگه‌داری,0.0711,0.0,7.19,1.023,False,0.8,True,0.041,0.143,False,none,0.598,0.402,True,0,0,0,0.7,2,2 واقعی + 2 پروکسی,521
2026-09-23 10:40:51,1790160051,pump-fun,PUMP,Pump.fun,0.00427882,1997255188,181175076,-5.8054,23.3549,52.18,,0.0043,0.004,True,0.41,18.67,0.5444,نگه‌داری,0.0889,0.000429,9.98,0.726,False,0.9,True,0.023,0.379,False,none,0.772,0.228,True,0,0,0,0.7,2,2 واقعی + 2 پروکسی,520
2026-09-23 10:40:51,1790160051,pudgy-penguins,PENGU,Pudgy Penguins,0.01040862,653441511,544759372,16.7135,61.7609,70.24,,0.0086,0.008,True,1.67,48.92,0.5511,خرید,0.1022,0.000738,7.09,1.129,False,0.7,True,0.106,0.159,True,high_sweep,0.773,0.227,True,0,0,0,0.7,2,2 واقعی + 2 پروکسی,519
2026-09-23 10:40:51,1790160051,official-trump,TRUMP,Official Trump,2.18,613186978,376942199,1.6763,18.1161,53.87,,2.1184,2.1167,True,1.0,13.09,0.5678,خرید,0.1356,0.190004,8.69,0.637,False,0.7,True,0.046,0.02,True,high_sweep,0.474,0.526,True,0,0,0,0.7,2,2 واقعی + 2 پروکسی,518
2026-09-23 10:40:51,1790160051,bianrensheng,币安人生,币安人生 (BinanceLife),0.511036,511235370,4611253,2.2946,7.1874,53.88,,0.5074,0.4979,True,1.1,8.39,0.5222,نگه‌داری,0.0444,,,0.642,False,0.4,True,0.039,-0.628,,,0.506,0.494,True,0,0,0,0.7,2,2 واقعی + 1 پروکسی,525
2026-09-23 10:40:51,1790160051,spx6900,SPX,SPX6900,0.496202,461926030,19201720,-2.1845,7.7374,50.11,,0.4915,0.5111,False,1.7,9.14,0.5067,نگه‌داری,0.0133,0.04954,9.97,0.445,False,0.7,True,0.06,-0.062,False,none,0.505,0.495,True,0,0,0,0.5,1,2 واقعی + 2 پروکسی,527
2026-09-23 10:40:51,1790160051,bonk,BONK,Bonk,3.98e-06,349101812,168719104,16.6508,60.8077,73.83,,0.0,0.0,True,2.27,51.35,0.5744,خرید,0.1489,0.0,6.91,1.188,False,0.7,True,0.025,0.044,False,none,0.66,0.34,True,0,0,0,0.7,2,2 واقعی + 2 پروکسی,517
2026-09-23 10:40:51,1790160051,useless-3,USELESS,Useless Coin,0.324605,324855789,106717008,7.4186,30.7678,67.42,,0.2858,0.2485,True,0.47,41.08,0.5078,نگه‌داری,0.0156,0.051352,15.75,0.993,False,0.9,True,0.068,0.326,True,high_sweep,0.921,0.079,True,0,0,0,0.7,2,2 واقعی + 2 پروکسی,526
2026-09-23 10:40:51,1790160051,floki,FLOKI,FLOKI,2.969e-05,286105984,45130163,1.2233,30.1874,66.44,,0.0,0.0,True,1.07,25.9,0.5278,نگه‌داری,0.0556,2e-06,5.59,1.036,False,0.7,True,0.1,0.127,True,high_sweep,0.235,0.765,True,0,0,0,0.7,2,2 واقعی + 2 پروکسی,524
2026-09-23 10:40:51,1790160051,artificial-inu-3,AI,Artificial Inu,0.268431,266213491,25834726,8.8587,2.3825,64.77,,0.0206,0.0199,True,1.38,16.1,0.5344,نگه‌داری,0.0689,0.000942,4.38,0.942,False,0.7,True,0.093,-0.02,True,high_sweep,0.601,0.399,True,0,0,0,0.7,2,2 واقعی + 2 پروکسی,523
2026-09-23 10:40:51,1790160051,binance-peg-dogecoin,DOGE,Binance-Peg Dogecoin,0.099496,255210518,2282763,3.2428,25.9675,69.03,,0.092,0.0878,True,0.74,23.62,0.5044,نگه‌داری,0.0089,0.005394,5.39,1.008,False,0.9,True,0.01,0.362,False,none,0.429,0.571,True,0,0,0,0.7,2,2 واقعی + 2 پروکسی,528
2026-09-23 10:40:51,1790160051,dogwifcoin,WIF,dogwifhat,0.247376,246735703,138601213,-3.6364,40.0931,66.47,,0.2234,0.2074,True,0.25,35.64,0.5356,نگه‌داری,0.0711,0.019129,7.69,0.987,False,0.7,True,0.04,0.027,False,none,0.5,0.5,True,0,0,0,0.7,2,2 واقعی + 2 پروکسی,522
2026-09-23 15:59:41,1790179181,shiba-inu,SHIB,Shiba Inu,5.63e-06,3307018876,157102921,-7.1747,18.6463,54.97,,0.0,0.0,True,0.83,12.75,0.5678,خرید,0.1356,0.0,5.96,0.706,False,0.8,True,0.018,0.195,False,none,0.462,0.538,True,0,0,0,0.7,2,2 واقعی + 2 پروکسی,536
2026-09-23 15:59:41,1790179181,memecore,M,MemeCore,1.23,2790035324,1053317,-6.4749,8.3848,49.8,,1.3529,1.2141,True,0.6,8.85,0.5156,نگه‌داری,0.0311,,,0.505,False,0.7,False,0.3,,,,0.423,0.577,False,0,0,0,,,0 واقعی + 3 پروکسی,541
2026-09-23 15:59:41,1790179181,pump-fun,PUMP,Pump.fun,0.00404741,1886186209,192367686,-8.8445,13.0564,48.22,,0.0042,0.004,True,0.83,12.54,0.5844,خرید,0.1689,0.000449,11.01,0.563,False,0.55,True,0.074,-0.124,False,none,0.447,0.553,True,0,0,0,0.7,2,2 واقعی + 2 پروکسی,534
2026-09-23 15:59:41,1790179181,pepe,PEPE,Pepe,4.39e-06,1845270838,587861215,-9.9115,35.7529,59.35,,0.0,0.0,True,1.33,29.13,0.5511,خرید,0.1022,0.0,8.58,0.849,False,0.8,True,0.023,0.107,False,none,0.745,0.255,True,0,0,0,0.7,2,2 واقعی + 2 پروکسی,538
2026-09-23 15:59:41,1790179181,pudgy-penguins,PENGU,Pudgy Penguins,0.00963219,603949891,535663080,5.3669,45.5615,63.02,,0.0085,0.008,True,2.82,38.57,0.6056,خرید,0.2111,0.000764,7.9,0.991,False,0.6,True,0.103,0.014,True,high_sweep,0.786,0.214,True,0,0,0,0.7,2,2 واقعی + 2 پروکسی,533
2026-09-23 15:59:41,1790179181,official-trump,TRUMP,Official Trump,1.98,557776919,429682337,-9.4017,9.366,46.18,,2.0897,2.1071,False,1.62,2.69,0.5233,نگه‌داری,0.0467,0.207575,10.46,0.322,False,0.6,True,0.101,0.055,True,high_sweep,0.425,0.575,True,0,0,0,0.5,1,2 واقعی + 2 پروکسی,540
2026-09-23 15:59:41,1790179181,spx6900,SPX,SPX6900,0.45808,425339152,22397996,-12.6081,1.1412,44.95,,0.4859,0.5092,False,2.78,0.53,0.57,خرید,0.14,0.051976,11.36,0.233,False,0.7,True,0.109,0.203,False,none,0.059,0.941,True,0,0,0,0.5,1,2 واقعی + 2 پروکسی,535
2026-09-23 15:59:41,1790179181,bonk,BONK,Bonk,3.47e-06,305510103,176225198,-2.9792,44.7935,62.96,,0.0,0.0,True,3.49,30.79,0.6289,خرید,0.2578,0.0,8.3,0.897,False,0.7,True,0.058,-0.095,True,high_sweep,0.558,0.442,True,0,0,0,0.7,2,2 واقعی + 2 پروکسی,531
2026-09-23 15:59:41,1790179181,useless-3,USELESS,Useless Coin,0.296489,294288193,98412775,-2.6603,34.5714,62.3,,0.2813,0.247,True,0.88,27.32,0.5,نگه‌داری,0.0,0.05355,18.2,0.817,False,0.7,True,0.259,0.183,True,high_sweep,0.659,0.341,True,0,0,0,0.7,2,2 واقعی + 2 پروکسی,542
2026-09-23 15:59:41,1790179181,floki,FLOKI,FLOKI,2.726e-05,262481129,47497345,-8.1055,20.7155,54.56,,0.0,0.0,True,2.1,15.01,0.6144,خرید,0.2289,2e-06,6.76,0.741,False,0.7,True,0.184,0.106,True,high_sweep,0.351,0.649,True,0,0,0,0.7,2,2 واقعی + 2 پروکسی,532
2026-09-23 15:59:41,1790179181,artificial-inu-3,AI,Artificial Inu,0.241703,240159301,20337439,3.827,-4.5275,57.16,,0.0205,0.0199,True,1.73,12.21,0.5511,خرید,0.1022,0.00099,4.76,0.766,False,0.7,True,0.098,-0.013,True,high_sweep,0.216,0.784,True,0,0,0,0.7,2,2 واقعی + 2 پروکسی,539
2026-09-23 15:59:41,1790179181,binance-peg-dogecoin,DOGE,Binance-Peg Dogecoin,0.092854,238061275,2407459,-6.6701,19.5096,56.75,,0.091,0.0874,True,1.29,14.55,0.5678,خرید,0.1356,0.005846,6.31,0.74,False,0.8,True,0.011,0.288,False,none,0.622,0.378,True,0,0,0,0.7,2,2 واقعی + 2 پروکسی,537
2026-09-23 21:00:36,1790197236,shiba-inu,SHIB,Shiba Inu,5.59e-06,3292736611,157603005,-7.5839,16.3203,54.09,,0.0,0.0,True,1.0,11.93,0.5678,خرید,0.1356,0.0,6.05,0.675,False,0.8,True,0.018,0.112,False,none,0.478,0.522,True,0,0,0,0.7,2,2 واقعی + 2 پروکسی,550
2026-09-23 21:00:36,1790197236,pump-fun,PUMP,Pump.fun,0.00401142,1872699181,187940267,-10.7012,9.6975,47.13,,0.0042,0.004,True,1.0,10.69,0.5844,خرید,0.1689,0.00045,11.23,0.512,False,0.7,True,0.075,0.045,False,none,0.686,0.314,True,0,0,0,0.5,1,2 واقعی + 2 پروکسی,549
2026-09-23 21:00:36,1790197236,pepe,PEPE,Pepe,4.36e-06,1834432392,598929793,-10.3886,29.8725,58.34,,0.0,0.0,True,1.6,27.67,0.5511,خرید,0.1022,0.0,8.75,0.826,False,0.55,True,0.023,-0.1,False,none,0.523,0.477,True,0,0,0,0.7,2,2 واقعی + 2 پروکسی,553
2026-09-23 21:00:36,1790197236,pudgy-penguins,PENGU,Pudgy Penguins,0.00970079,609795812,465203953,-4.2478,40.1814,62.98,,0.0085,0.008,True,3.42,38.53,0.6289,خرید,0.2578,0.000771,7.97,0.99,False,0.8,True,0.01,0.182,True,high_sweep,0.58,0.42,True,0,0,0,0.7,2,2 واقعی + 2 پروکسی,545
2026-09-23 21:00:36,1790197236,official-trump,TRUMP,Official Trump,1.96,551882051,435837487,-11.3915,5.0193,45.22,,2.0854,2.1057,False,2.05,1.14,0.5467,نگه‌داری,0.0933,0.207575,10.62,0.277,False,0.7,True,0.051,0.048,True,high_sweep,0.499,0.501,True,0,0,0,0.3,2,2 واقعی + 2 پروکسی,554
2026-09-23 21:00:36,1790197236,bianrensheng,币安人生,币安人生 (BinanceLife),0.492269,492269210,5220223,-3.956,4.2753,48.51,,0.5046,0.497,True,1.25,4.19,0.5622,خرید,0.1244,,,0.453,False,0.9,True,0.061,0.358,,,0.23,0.77,True,1,0,1,0.5,1,2 واقعی + 1 پروکسی,552
2026-09-23 21:00:36,1790197236,spx6900,SPX,SPX6900,0.431291,401526256,27435570,-18.5745,-4.3871,41.83,,0.4818,0.5078,False,5.72,-5.71,0.5867,خرید,0.1733,0.054011,12.58,0.096,False,0.55,True,0.023,-0.172,False,none,0.512,0.488,True,0,0,0,0.3,2,2 واقعی + 2 پروکسی,548
2026-09-23 21:00:36,1790197236,bonk,BONK,Bonk,3.47e-06,304968130,178412236,-3.6056,37.2218,62.35,,0.0,0.0,True,4.0,30.08,0.6289,خرید,0.2578,0.0,8.45,0.883,False,0.7,True,0.058,0.008,True,high_sweep,0.503,0.497,True,0,0,0,0.7,2,2 واقعی + 2 پروکسی,546
2026-09-23 21:00:36,1790197236,useless-3,USELESS,Useless Coin,0.292959,292941908,86175943,-14.1143,30.5372,61.94,,0.2809,0.2469,True,1.2,26.27,0.5233,نگه‌داری,0.0467,0.053778,18.43,0.802,False,0.7,True,0.093,0.088,True,high_sweep,0.459,0.541,True,0,0,0,0.7,2,2 واقعی + 2 پروکسی,555
2026-09-23 21:00:36,1790197236,floki,FLOKI,FLOKI,2.72e-05,262312871,48233563,-8.5387,17.7078,54.14,,0.0,0.0,True,2.35,14.55,0.6144,خرید,0.2289,2e-06,6.87,0.726,False,0.7,True,0.148,0.134,True,high_sweep,0.362,0.638,True,0,0,0,0.7,2,2 واقعی + 2 پروکسی,547
2026-09-23 21:00:36,1790197236,artificial-inu-3,AI,Artificial Inu,0.242499,240382722,19827935,-0.9413,-12.5689,47.03,,0.0203,0.0198,True,4.2,5.08,0.6478,خرید,0.2956,0.001072,5.51,0.39,False,0.55,True,0.052,-0.119,True,high_sweep,0.101,0.899,True,0,0,0,0.5,1,2 واقعی + 2 پروکسی,544
2026-09-23 21:00:36,1790197236,binance-peg-dogecoin,DOGE,Binance-Peg Dogecoin,0.091794,235360931,2506621,-8.3317,16.7228,55.66,,0.0909,0.0874,True,1.52,13.55,0.5678,خرید,0.1356,0.005945,6.47,0.707,False,0.7,True,0.011,-0.035,False,none,0.532,0.468,True,0,0,0,0.7,2,2 واقعی + 2 پروکسی,551
2026-09-23 21:00:36,1790197236,dogwifcoin,WIF,dogwifhat,0.228968,228721736,90218042,-7.3851,28.5643,58.05,,0.2205,0.2064,True,0.46,24.69,0.5211,نگه‌داری,0.0422,0.020815,9.1,0.786,False,0.8,True,0.044,0.206,False,none,0.519,0.481,True,0,0,0,0.7,2,2 واقعی + 2 پروکسی,556
2026-09-24 02:50:35,1790218235,shiba-inu,SHIB,Shiba Inu,5.68e-06,3344593067,152254995,-7.295,13.1022,55.66,,0.0,0.0,True,0.09,10.32,0.5211,نگه‌داری,0.0422,0.0,5.66,0.736,False,0.9,True,0.035,0.408,False,none,0.504,0.496,True,0,0,0,0.5,1,2 واقعی + 2 پروکسی,566
2026-09-24 02:50:35,1790218235,pump-fun,PUMP,Pump.fun,0.00400131,1866927378,172003485,-8.6301,7.0574,44.92,,0.0042,0.004,True,0.04,-1.59,0.5378,نگه‌داری,0.0756,0.000426,10.59,0.532,False,0.55,True,0.05,-0.145,False,none,0.396,0.604,True,0,0,0,0.5,1,2 واقعی + 2 پروکسی,561
2026-09-24 02:50:35,1790218235,pepe,PEPE,Pepe,4.38e-06,1843337164,581413963,-10.1536,27.0979,58.69,,0.0,0.0,True,0.08,21.95,0.5044,نگه‌داری,0.0089,0.0,8.24,0.819,False,0.55,True,0.023,-0.11,False,none,0.684,0.316,True,0,0,0,0.5,1,2 واقعی + 2 پروکسی,569
2026-09-24 02:50:35,1790218235,pudgy-penguins,PENGU,Pudgy Penguins,0.00980189,615662349,428759181,-1.094,37.448,63.52,,0.0089,0.0081,True,0.17,35.68,0.5356,نگه‌داری,0.0711,0.000736,7.47,0.966,False,0.9,True,0.081,0.357,False,none,0.494,0.506,True,0,0,0,0.7,2,2 واقعی + 2 پروکسی,563
2026-09-24 02:50:35,1790218235,official-trump,TRUMP,Official Trump,1.97,555585036,421023413,-11.0244,1.6611,44.24,,2.0904,2.0867,True,0.05,1.23,0.5778,خرید,0.1556,0.196234,9.92,0.335,False,0.7,True,0.051,0.081,False,none,0.385,0.615,True,0,0,0,0.5,1,2 واقعی + 2 پروکسی,558
2026-09-24 02:50:35,1790218235,bianrensheng,币安人生,币安人生 (BinanceLife),0.499121,499083720,4800868,-3.3989,4.6694,48.62,,0.5074,0.4972,True,1.13,3.61,0.5389,نگه‌داری,0.0778,,,0.52,False,0.8,True,0.04,0.172,,,0.501,0.499,True,0,0,0,0.5,1,2 واقعی + 1 پروکسی,560
2026-09-24 02:50:35,1790218235,spx6900,SPX,SPX6900,0.429505,399385179,33018085,-17.3089,-8.8895,36.92,,0.4771,0.4993,False,0.83,-7.45,0.5167,نگه‌داری,0.0333,0.050929,11.89,0.11,False,0.8,True,0.093,0.189,True,low_sweep,0.298,0.702,True,0,0,0,0.3,2,2 واقعی + 2 پروکسی,568
2026-09-24 02:50:35,1790218235,bonk,BONK,Bonk,3.57e-06,313327340,167498808,-2.7805,29.5513,64.23,,0.0,0.0,True,0.1,30.18,0.5356,نگه‌داری,0.0711,0.0,7.95,0.913,False,0.7,True,0.056,0.023,False,none,0.478,0.522,True,0,0,0,0.7,2,2 واقعی + 2 پروکسی,564
2026-09-24 02:50:35,1790218235,useless-3,USELESS,Useless Coin,0.306151,306084780,83292016,-9.6967,25.3037,63.59,,0.2872,0.2517,True,0.09,15.9,0.4767,نگه‌داری,0.0467,0.052053,16.98,0.869,False,0.7,True,0.147,0.223,False,none,0.759,0.241,True,0,0,0,0.7,2,2 واقعی + 2 پروکسی,570
2026-09-24 02:50:35,1790218235,floki,FLOKI,FLOKI,2.751e-05,265120291,42823788,-9.0773,14.9854,54.56,,0.0,0.0,True,0.04,13.78,0.5444,نگه‌داری,0.0889,2e-06,6.42,0.762,False,0.6,True,0.109,0.075,False,none,0.508,0.492,True,0,0,0,0.7,2,2 واقعی + 2 پروکسی,559
2026-09-24 02:50:35,1790218235,dogwifcoin,WIF,dogwifhat,0.248717,245646764,98934039,-0.9693,28.5168,62.86,,0.2305,0.2084,True,0.16,34.78,0.5356,نگه‌داری,0.0711,0.020758,8.27,0.973,False,0.55,True,0.08,-0.237,False,none,0.526,0.474,True,0,0,0,0.7,2,2 واقعی + 2 پروکسی,565
2026-09-24 02:50:35,1790218235,binance-peg-dogecoin,DOGE,Binance-Peg Dogecoin,0.093521,239406562,2192111,-8.1217,14.7039,57.51,,0.0928,0.0877,True,0.06,15.06,0.5211,نگه‌داری,0.0422,0.005689,6.05,0.773,False,0.8,True,0.011,0.252,False,none,0.798,0.202,True,0,0,0,0.7,2,2 واقعی + 2 پروکسی,567
2026-09-24 02:50:35,1790218235,artificial-inu-3,AI,Artificial Inu,0.228398,226324390,14112993,-14.1131,-12.9577,50.54,,0.0205,0.0198,True,0.03,6.49,0.5378,نگه‌داری,0.0756,0.001034,5.16,0.556,False,0.8,True,0.05,0.109,False,none,0.129,0.871,True,0,0,0,0.5,1,2 واقعی + 2 پروکسی,562
2026-09-24 11:00:30,1790247630,shiba-inu,SHIB,Shiba Inu,5.57e-06,3283711767,140998002,-8.1124,10.9567,53.29,,0.0,0.0,True,0.38,8.16,0.5211,نگه‌داری,0.0422,0.0,5.94,0.652,False,0.8,True,0.018,0.121,False,none,0.453,0.547,True,0,0,0,0.5,1,2 واقعی + 2 پروکسی,579
2026-09-24 11:00:30,1790247630,pepe,PEPE,Pepe,4.27e-06,1793895041,512347473,-11.7161,21.8712,56.39,,0.0,0.0,True,0.36,18.29,0.5211,نگه‌داری,0.0422,0.0,8.73,0.758,False,0.8,True,0.023,0.112,False,none,0.54,0.46,True,0,0,0,0.5,1,2 واقعی + 2 پروکسی,580
2026-09-24 11:00:30,1790247630,pump-fun,PUMP,Pump.fun,0.00382222,1784491805,160885878,-10.9701,-1.3134,41.91,,0.0042,0.004,True,0.48,-6.27,0.5544,خرید,0.1089,0.000438,11.43,0.385,False,0.9,True,0.078,0.333,False,none,0.723,0.277,True,0,0,0,0.5,1,2 واقعی + 2 پروکسی,575
2026-09-24 11:00:30,1790247630,pudgy-penguins,PENGU,Pudgy Penguins,0.00977363,614566871,344711971,-6.1756,33.1247,62.81,,0.0089,0.0081,True,0.96,34.43,0.5589,خرید,0.1178,0.000758,7.76,0.947,False,0.8,True,0.01,0.297,False,none,0.536,0.464,True,0,0,0,0.7,2,2 واقعی + 2 پروکسی,574
2026-09-24 11:00:30,1790247630,official-trump,TRUMP,Official Trump,1.97,554904633,343843631,-10.2144,0.3469,43.94,,2.0894,2.0864,True,0.23,0.87,0.5778,خرید,0.1556,0.200305,10.16,0.324,False,0.8,True,0.051,0.178,False,none,0.518,0.482,True,0,0,0,0.5,1,2 واقعی + 2 پروکسی,573
2026-09-24 11:00:30,1790247630,bianrensheng,币安人生,币安人生 (BinanceLife),0.499084,499120791,3796091,-2.1984,5.7404,48.69,,0.5075,0.4972,True,0.89,3.66,0.5389,نگه‌داری,0.0778,,,0.523,False,0.6,True,0.1,0.025,,,0.554,0.446,True,0,0,0,0.5,1,2 واقعی + 1 پروکسی,577
2026-09-24 11:00:30,1790247630,spx6900,SPX,SPX6900,0.430278,400836990,36848569,-10.7617,-9.7887,37.12,,0.4774,0.4994,False,3.16,-7.04,0.5867,خرید,0.1733,0.05145,11.96,0.119,False,0.7,True,0.07,-0.03,True,low_sweep,0.613,0.387,True,0,0,0,0.3,2,2 واقعی + 2 پروکسی,572
2026-09-24 11:00:30,1790247630,bonk,BONK,Bonk,3.49e-06,306973406,109193113,-13.9818,26.9353,62.79,,0.0,0.0,True,0.43,28.02,0.5044,نگه‌داری,0.0089,0.0,8.29,0.876,False,0.7,True,0.057,0.089,False,none,0.669,0.331,True,0,0,0,0.7,2,2 واقعی + 2 پروکسی,583
2026-09-24 11:00:30,1790247630,useless-3,USELESS,Useless Coin,0.274752,274713492,68214474,-16.3855,3.5171,59.67,,0.2827,0.2502,True,0.6,4.11,0.47,نگه‌داری,0.06,0.053538,19.44,0.68,False,0.9,True,0.029,0.437,False,none,0.882,0.118,True,0,0,0,0.7,2,2 واقعی + 2 پروکسی,584
2026-09-24 11:00:30,1790247630,floki,FLOKI,FLOKI,2.714e-05,261710521,37632663,-9.0938,12.2225,53.15,,0.0,0.0,True,0.5,12.09,0.5444,نگه‌داری,0.0889,2e-06,6.69,0.709,False,0.7,True,0.037,0.014,False,none,0.709,0.291,True,0,0,0,0.5,1,2 واقعی + 2 پروکسی,576
2026-09-24 11:00:30,1790247630,binance-peg-dogecoin,DOGE,Binance-Peg Dogecoin,0.092371,236857334,1781899,-7.462,13.2711,56.21,,0.0926,0.0877,True,0.24,13.62,0.5211,نگه‌داری,0.0422,0.005799,6.25,0.725,False,0.8,True,0.011,0.241,False,none,0.504,0.496,True,0,0,0,0.5,1,2 واقعی + 2 پروکسی,581
2026-09-24 11:00:30,1790247630,dogwifcoin,WIF,dogwifhat,0.231404,231212303,98503750,-6.8787,25.246,57.43,,0.2277,0.2075,True,0.6,24.37,0.5211,نگه‌داری,0.0422,0.020922,9.03,0.787,False,0.8,True,0.086,0.271,False,none,0.51,0.49,True,0,0,0,0.5,1,2 واقعی + 2 پروکسی,582
2026-09-24 11:00:30,1790247630,artificial-inu-3,AI,Artificial Inu,0.226065,224292521,15028145,-15.7995,-20.0557,48.02,,0.0205,0.0198,True,0.37,4.68,0.5378,نگه‌داری,0.0756,0.001038,5.27,0.457,False,0.3,True,0.101,-0.313,False,none,0.835,0.165,True,0,0,0,0.5,1,2 واقعی + 2 پروکسی,578
2026-09-24 16:23:09,1790266989,shiba-inu,SHIB,Shiba Inu,5.83e-06,3435927307,114684874,3.5724,12.9146,58.35,,0.0,0.0,True,0.69,13.28,0.5044,نگه‌داری,0.0089,0.0,5.74,0.845,False,0.7,True,0.017,0.018,False,none,0.496,0.504,True,0,0,0,0.5,1,2 واقعی + 2 پروکسی,594
2026-09-24 16:23:09,1790266989,pepe,PEPE,Pepe,4.46e-06,1877691358,437271361,1.7222,23.9154,59.67,,0.0,0.0,True,0.68,23.86,0.5044,نگه‌داری,0.0089,0.0,8.45,0.849,False,0.8,True,0.045,0.244,False,none,0.515,0.485,True,0,0,0,0.5,1,2 واقعی + 2 پروکسی,595
2026-09-24 16:23:09,1790266989,pump-fun,PUMP,Pump.fun,0.0038819,1813014555,135810115,-3.8419,-2.6721,42.86,,0.0042,0.004,True,0.79,-4.7,0.5378,نگه‌داری,0.0756,0.000439,11.28,0.434,False,0.6,True,0.103,0.082,False,none,0.394,0.606,True,0,0,0,0.5,1,2 واقعی + 2 پروکسی,589
2026-09-24 16:23:09,1790266989,pudgy-penguins,PENGU,Pudgy Penguins,0.00996602,627471853,308278121,2.5762,37.134,64.53,,0.0089,0.0081,True,1.6,37.54,0.5822,خرید,0.1644,0.000763,7.64,0.992,False,0.8,True,0.08,0.139,False,none,0.075,0.925,True,0,0,0,0.7,2,2 واقعی + 2 پروکسی,586
2026-09-24 16:23:09,1790266989,official-trump,TRUMP,Official Trump,2.1,593959499,310943286,6.8231,5.8799,49.27,,2.1093,2.093,True,0.43,7.98,0.5378,نگه‌داری,0.0756,0.206305,9.77,0.549,False,0.7,True,0.095,0.04,False,none,0.525,0.475,True,0,0,0,0.5,1,2 واقعی + 2 پروکسی,590
2026-09-24 16:23:09,1790266989,bianrensheng,币安人生,币安人生 (BinanceLife),0.505895,505981635,2956242,2.4714,6.2841,50.45,,0.5084,0.4975,True,0.69,5.03,0.5378,نگه‌داری,0.0756,0.025856,5.11,0.586,False,0.4,True,0.059,-0.376,False,none,0.425,0.575,True,0,0,0,0.5,1,2 واقعی + 2 پروکسی,591
2026-09-24 16:23:09,1790266989,spx6900,SPX,SPX6900,0.44646,415758634,32657785,-2.4581,-5.6705,39.87,,0.4797,0.5002,False,3.44,-3.48,0.57,خرید,0.14,0.05145,11.52,0.204,False,0.7,True,0.067,-0.045,True,low_sweep,0.553,0.447,True,0,0,0,0.3,2,2 واقعی + 2 پروکسی,587
2026-09-24 16:23:09,1790266989,bonk,BONK,Bonk,3.7e-06,325813828,74621767,7.7197,35.8453,66.83,,0.0,0.0,True,0.76,35.41,0.5356,نگه‌داری,0.0711,0.0,8.04,0.998,False,0.7,True,0.081,0.084,False,none,0.579,0.421,True,0,0,0,0.7,2,2 واقعی + 2 پروکسی,592
2026-09-24 16:23:09,1790266989,useless-3,USELESS,Useless Coin,0.297787,298178322,56111261,-1.7626,16.4989,62.84,,0.286,0.2513,True,0.86,12.74,0.5,نگه‌داری,0.0,0.053682,18.0,0.821,False,0.7,True,0.225,0.279,False,none,0.555,0.445,True,0,0,0,0.5,1,2 واقعی + 2 پروکسی,598
2026-09-24 16:23:09,1790266989,floki,FLOKI,FLOKI,2.862e-05,276393345,31228726,4.6928,18.3109,57.84,,0.0,0.0,True,0.69,18.19,0.5044,نگه‌داری,0.0089,2e-06,6.53,0.891,False,0.6,True,0.14,0.001,False,none,0.663,0.337,True,0,0,0,0.5,1,2 واقعی + 2 پروکسی,596
2026-09-24 16:23:09,1790266989,ape-and-pepe,APEPE,Ape and Pepe,1.23e-06,257769547,19711576,-0.1341,1.0813,48.55,,0.0,0.0,False,1.38,1.51,0.49,نگه‌داری,0.02,0.0,4.84,0.447,False,0.9,False,0.1,,False,none,0.537,0.463,False,0,0,0,,,0 واقعی + 4 پروکسی,599
2026-09-24 16:23:09,1790266989,binance-peg-dogecoin,DOGE,Binance-Peg Dogecoin,0.096803,248124891,1429861,4.4899,16.9146,60.13,,0.0931,0.0878,True,0.42,18.24,0.5044,نگه‌داری,0.0089,0.005946,6.16,0.872,False,0.8,True,0.01,0.13,False,none,0.353,0.647,True,0,0,0,0.5,1,2 واقعی + 2 پروکسی,597
2026-09-24 16:23:09,1790266989,dogwifcoin,WIF,dogwifhat,0.238816,238869003,91797122,4.7741,28.6965,59.77,,0.2287,0.2078,True,0.86,28.29,0.5278,نگه‌داری,0.0556,0.020922,8.75,0.861,False,0.8,True,0.042,0.248,False,none,0.506,0.494,True,0,0,0,0.5,1,2 واقعی + 2 پروکسی,593
2026-09-24 16:23:09,1790266989,artificial-inu-3,AI,Artificial Inu,0.227792,225826036,15359262,-4.5828,-30.4914,53.88,,0.0206,0.0199,True,0.83,9.04,0.5444,نگه‌داری,0.0889,0.001068,5.21,0.692,False,0.55,True,0.097,-0.134,False,none,0.855,0.145,True,0,0,0,0.5,1,2 واقعی + 2 پروکسی,588
2026-09-24 21:05:36,1790283936,shiba-inu,SHIB,Shiba Inu,5.81e-06,3425894468,106314596,4.2344,13.1304,57.94,,0.0,0.0,True,0.91,12.8,0.5278,نگه‌داری,0.0556,0.0,5.77,0.828,False,0.8,True,0.017,0.29,False,none,0.49,0.51,True,0,0,0,0.5,1,2 واقعی + 2 پروکسی,607
2026-09-24 21:05:36,1790283936,pepe,PEPE,Pepe,4.47e-06,1880467715,445333138,2.7992,23.029,59.72,,0.0,0.0,True,0.92,23.97,0.5278,نگه‌داری,0.0556,0.0,8.45,0.851,False,0.7,True,0.022,0.085,False,none,0.558,0.442,True,0,0,0,0.5,1,2 واقعی + 2 پروکسی,608
2026-09-24 21:05:36,1790283936,pump-fun,PUMP,Pump.fun,0.0038766,1808594012,146673018,-3.2004,-1.0656,42.68,,0.0042,0.004,True,1.31,-4.99,0.5844,خرید,0.1689,0.000439,11.32,0.425,False,0.55,True,0.077,-0.141,False,none,0.872,0.128,True,0,0,0,0.5,1,2 واقعی + 2 پروکسی,602
2026-09-24 21:05:36,1790283936,pudgy-penguins,PENGU,Pudgy Penguins,0.00998659,627362094,315215802,2.8651,38.1673,64.48,,0.0089,0.0081,True,1.95,37.46,0.5822,خرید,0.1644,0.000763,7.64,0.991,False,0.8,True,0.05,0.158,False,none,0.518,0.482,True,0,0,0,0.7,2,2 واقعی + 2 پروکسی,603
2026-09-24 21:05:36,1790283936,official-trump,TRUMP,Official Trump,2.1,593053880,302583592,7.6153,7.5474,49.17,,2.1089,2.0929,True,0.57,7.83,0.5378,نگه‌داری,0.0756,0.207019,9.82,0.545,False,0.8,True,0.047,0.141,False,none,0.516,0.484,True,0,0,0,0.5,1,2 واقعی + 2 پروکسی,606
2026-09-24 21:05:36,1790283936,bianrensheng,币安人生,币安人生 (BinanceLife),0.50722,507309785,2457964,3.01,6.6498,50.72,,0.5086,0.4976,True,0.58,5.25,0.5156,نگه‌داری,0.0311,,,0.596,False,0.4,True,0.039,-0.381,,,0.796,0.204,True,0,0,0,0.5,1,2 واقعی + 1 پروکسی,610
2026-09-24 21:05:36,1790283936,spx6900,SPX,SPX6900,0.438284,407974863,25100778,1.0806,-5.3246,38.77,,0.4788,0.4999,False,3.57,-4.93,0.5867,خرید,0.1733,0.051764,11.76,0.169,False,0.7,True,0.068,-0.1,True,low_sweep,0.28,0.72,True,0,0,0,0.3,2,2 واقعی + 2 پروکسی,601
2026-09-24 21:05:36,1790283936,bonk,BONK,Bonk,3.72e-06,326851584,72294269,7.4572,37.0431,67.15,,0.0,0.0,True,1.01,36.1,0.5589,خرید,0.1178,0.0,8.01,1.008,False,0.7,True,0.054,0.01,False,none,0.381,0.619,True,0,0,0,0.7,2,2 واقعی + 2 پروکسی,605
2026-09-24 21:05:36,1790283936,useless-3,USELESS,Useless Coin,0.286079,286175389,50737824,-1.613,11.6234,61.11,,0.2841,0.2507,True,1.07,7.79,0.4933,نگه‌داری,0.0133,0.053682,18.82,0.742,False,0.6,True,0.151,0.087,False,none,0.369,0.631,True,0,0,0,0.5,1,2 واقعی + 2 پروکسی,613
2026-09-24 21:05:36,1790283936,floki,FLOKI,FLOKI,2.852e-05,274944874,29737028,5.2452,18.2006,57.5,,0.0,0.0,True,0.77,17.7,0.5044,نگه‌داری,0.0089,2e-06,6.58,0.878,False,0.6,True,0.105,-0.011,False,none,0.094,0.906,True,0,0,0,0.5,1,2 واقعی + 2 پروکسی,611
2026-09-24 21:05:36,1790283936,binance-peg-dogecoin,DOGE,Binance-Peg Dogecoin,0.095885,245840054,1483335,4.6467,17.4854,59.46,,0.093,0.0878,True,0.53,17.38,0.5044,نگه‌داری,0.0089,0.005965,6.22,0.846,False,0.7,True,0.01,-0.064,False,none,0.363,0.637,True,0,0,0,0.5,1,2 واقعی + 2 پروکسی,612
2026-09-24 21:05:36,1790283936,dogwifcoin,WIF,dogwifhat,0.238434,238131557,96366299,4.1363,28.463,59.52,,0.2286,0.2078,True,1.03,27.8,0.5278,نگه‌داری,0.0556,0.020922,8.79,0.852,False,0.8,True,0.042,0.168,False,none,0.501,0.499,True,0,0,0,0.5,1,2 واقعی + 2 پروکسی,609
2026-09-24 21:05:36,1790283936,artificial-inu-3,AI,Artificial Inu,0.224334,222048771,15770400,-7.9096,-36.7099,53.22,,0.0206,0.0199,True,1.38,8.51,0.5678,خرید,0.1356,0.001087,5.33,0.664,False,0.4,True,0.098,-0.476,False,none,0.718,0.282,True,0,0,0,0.5,1,2 واقعی + 2 پروکسی,604
2026-09-25 03:07:33,1790305653,shiba-inu,SHIB,Shiba Inu,5.75e-06,3388725306,102694516,0.2411,9.4414,56.44,,0.0,0.0,True,0.12,5.66,0.4978,نگه‌داری,0.0044,0.0,5.53,0.771,False,0.9,True,0.017,0.405,False,none,0.607,0.393,True,0,0,0,0.5,1,2 واقعی + 2 پروکسی,622
2026-09-25 03:07:33,1790305653,pepe,PEPE,Pepe,4.4e-06,1850093235,416260775,-0.2452,20.1711,58.25,,0.0,0.0,True,0.08,15.51,0.5211,نگه‌داری,0.0422,0.0,8.12,0.791,False,0.7,True,0.023,0.055,False,none,0.398,0.602,True,0,0,0,0.5,1,2 واقعی + 2 پروکسی,617
2026-09-25 03:07:33,1790305653,pump-fun,PUMP,Pump.fun,0.00386716,1804327029,157587667,-3.9141,-4.6517,42.72,,0.0042,0.004,True,0.08,-8.49,0.5378,نگه‌داری,0.0756,0.000415,10.71,0.423,False,0.8,True,0.052,0.13,False,none,0.44,0.56,True,0,0,0,0.5,1,2 واقعی + 2 پروکسی,615
2026-09-25 03:07:33,1790305653,pudgy-penguins,PENGU,Pudgy Penguins,0.00955961,600920981,307863383,-3.1751,27.5392,59.75,,0.0091,0.0081,True,0.11,20.96,0.5044,نگه‌داری,0.0089,0.000731,7.62,0.874,False,0.7,True,0.073,0.016,False,none,0.186,0.814,True,0,0,0,0.7,2,2 واقعی + 2 پروکسی,619
2026-09-25 03:07:33,1790305653,official-trump,TRUMP,Official Trump,2.07,583399198,316911376,4.1629,3.6446,44.93,,2.103,2.0804,True,0.23,-0.38,0.5378,نگه‌داری,0.0756,0.188953,9.1,0.522,False,0.8,True,0.048,0.179,False,none,0.509,0.491,True,0,0,0,0.5,1,2 واقعی + 2 پروکسی,616
2026-09-25 03:07:33,1790305653,bianrensheng,币安人生,币安人生 (BinanceLife),0.502726,502726148,2170562,0.145,3.6715,50.56,,0.5066,0.4981,True,0.57,-2.29,0.4922,نگه‌داری,0.0156,,,0.598,False,0.55,True,0.08,-0.217,,,0.672,0.328,True,0,0,0,0.5,1,2 واقعی + 1 پروکسی,624
2026-09-25 03:07:33,1790305653,spx6900,SPX,SPX6900,0.432523,402673050,16713493,0.3856,-8.5929,38.48,,0.4693,0.4918,False,0.03,-12.8,0.47,نگه‌داری,0.06,0.048703,11.22,0.139,False,0.55,True,0.046,-0.132,False,none,0.357,0.643,True,0,0,0,0.3,2,2 واقعی + 2 پروکسی,626
2026-09-25 03:07:33,1790305653,bonk,BONK,Bonk,3.69e-06,324572854,76753097,3.6109,33.5718,64.26,,0.0,0.0,True,0.26,21.7,0.5044,نگه‌داری,0.0089,0.0,7.98,0.929,False,0.4,True,0.054,-0.528,False,none,0.167,0.833,True,0,0,0,0.7,2,2 واقعی + 2 پروکسی,620
2026-09-25 03:07:33,1790305653,useless-3,USELESS,Useless Coin,0.279051,279034231,44359937,-8.4732,4.7749,60.39,,0.2819,0.2513,True,0.03,-4.38,0.4467,نگه‌داری,0.1067,0.051548,18.46,0.692,False,0.7,True,0.132,0.174,False,none,0.752,0.248,True,0,0,0,0.5,1,2 واقعی + 2 پروکسی,627
2026-09-25 03:07:33,1790305653,floki,FLOKI,FLOKI,2.803e-05,270274609,28559642,2.1574,13.5531,56.16,,0.0,0.0,True,0.06,9.33,0.4811,نگه‌داری,0.0378,2e-06,6.42,0.8,False,0.7,True,0.142,0.115,False,none,0.579,0.421,True,0,0,0,0.5,1,2 واقعی + 2 پروکسی,625
2026-09-25 03:07:33,1790305653,binance-peg-dogecoin,DOGE,Binance-Peg Dogecoin,0.095089,243807931,1460680,1.6443,15.6764,57.97,,0.0942,0.0883,True,0.06,9.07,0.4978,نگه‌داری,0.0044,0.00573,6.01,0.799,False,0.8,True,0.01,0.124,False,none,0.603,0.397,True,0,0,0,0.5,1,2 واقعی + 2 پروکسی,623
2026-09-25 03:07:33,1790305653,dogwifcoin,WIF,dogwifhat,0.23544,235186887,81129200,-5.897,23.791,58.25,,0.2316,0.2093,True,0.02,10.21,0.5044,نگه‌داری,0.0089,0.019542,8.27,0.809,False,0.9,True,0.042,0.395,False,none,0.488,0.512,True,0,0,0,0.5,1,2 واقعی + 2 پروکسی,621
2026-09-25 03:07:33,1790305653,artificial-inu-3,AI,Artificial Inu,0.226867,224886687,13890077,-0.3391,-31.7296,52.95,,0.0207,0.0199,True,0.02,2.04,0.5211,نگه‌داری,0.0422,0.001035,5.05,0.685,False,0.7,True,0.097,-0.045,False,none,0.585,0.415,True,0,0,0,0.5,1,2 واقعی + 2 پروکسی,618
2026-09-25 11:01:49,1790334109,shiba-inu,SHIB,Shiba Inu,5.85e-06,3449200640,96005780,5.0049,9.2363,58.23,,0.0,0.0,True,0.3,7.4,0.4811,نگه‌داری,0.0378,0.0,5.49,0.836,False,0.9,True,0.017,0.542,False,none,0.508,0.492,True,0,0,0,0.5,1,2 واقعی + 2 پروکسی,638
2026-09-25 11:01:49,1790334109,pump-fun,PUMP,Pump.fun,0.00417905,1946505375,180008252,8.9994,-5.6325,48.3,,0.0042,0.004,True,0.4,-1.44,0.4978,نگه‌داری,0.0044,0.000433,10.37,0.652,False,0.7,True,0.048,-0.005,False,none,0.165,0.835,True,0,0,0,0.5,1,2 واقعی + 2 پروکسی,637
2026-09-25 11:01:49,1790334109,pepe,PEPE,Pepe,4.52e-06,1903703591,388581979,6.1418,21.6107,60.04,,0.0,0.0,True,0.24,18.53,0.5044,نگه‌داری,0.0089,0.0,8.04,0.841,False,0.7,True,0.022,-0.041,False,none,0.445,0.555,True,0,0,0,0.5,1,2 واقعی + 2 پروکسی,631
2026-09-25 11:01:49,1790334109,pudgy-penguins,PENGU,Pudgy Penguins,0.00993038,624058783,285971343,1.6247,30.5517,63.26,,0.0092,0.0081,True,0.42,25.29,0.5044,نگه‌داری,0.0089,0.000743,7.47,0.942,False,0.8,True,0.07,0.232,False,none,0.861,0.139,True,0,0,0,0.7,2,2 واقعی + 2 پروکسی,632
2026-09-25 11:01:49,1790334109,official-trump,TRUMP,Official Trump,2.08,586865206,303066898,5.6332,1.3292,45.15,,2.1037,2.0806,True,0.7,-0.14,0.5144,نگه‌داری,0.0289,0.189524,9.1,0.531,False,0.7,True,0.048,0.037,False,none,0.495,0.505,True,0,0,0,0.5,1,2 واقعی + 2 پروکسی,630
2026-09-25 11:01:49,1790334109,bianrensheng,币安人生,币安人生 (BinanceLife),0.504197,504195232,2023948,1.0719,-2.5765,50.97,,0.5068,0.4981,True,0.54,-2.01,0.4756,نگه‌داری,0.0489,,,0.616,False,0.55,True,0.06,-0.267,,,0.563,0.437,True,0,0,0,0.5,1,2 واقعی + 1 پروکسی,640
2026-09-25 11:01:49,1790334109,spx6900,SPX,SPX6900,0.454545,423157262,11349913,5.7371,-7.654,41.71,,0.4722,0.4928,False,0.11,-8.74,0.4767,نگه‌داری,0.0467,0.049639,10.93,0.263,False,0.7,True,0.044,0.095,False,none,0.647,0.353,True,0,0,0,0.3,2,2 واقعی + 2 پروکسی,639
2026-09-25 11:01:49,1790334109,bonk,BONK,Bonk,3.72e-06,327100863,69396364,6.387,31.4381,64.81,,0.0,0.0,True,0.53,22.26,0.5044,نگه‌داری,0.0089,0.0,8.05,0.938,False,0.55,True,0.027,-0.143,False,none,0.494,0.506,True,0,0,0,0.7,2,2 واقعی + 2 پروکسی,633
2026-09-25 11:01:49,1790334109,useless-3,USELESS,Useless Coin,0.290456,290461581,36321217,5.3488,9.8233,61.73,,0.2836,0.2518,True,0.15,-0.41,0.4467,نگه‌داری,0.1067,0.052137,17.93,0.763,False,0.7,True,0.169,0.23,False,none,0.859,0.141,True,0,0,0,0.5,1,2 واقعی + 2 پروکسی,641
2026-09-25 11:01:49,1790334109,floki,FLOKI,FLOKI,2.851e-05,274994092,25337899,4.8854,14.0789,57.76,,0.0,0.0,True,0.27,10.96,0.5044,نگه‌داری,0.0089,2e-06,6.33,0.848,False,0.7,True,0.105,0.119,False,none,0.296,0.704,True,0,0,0,0.5,1,2 واقعی + 2 پروکسی,634
2026-09-25 11:01:49,1790334109,binance-peg-dogecoin,DOGE,Binance-Peg Dogecoin,0.096692,247943333,1321084,4.7839,13.9818,59.9,,0.0944,0.0884,True,0.2,10.97,0.5044,نگه‌داری,0.0089,0.005749,5.93,0.859,False,0.7,True,0.01,-0.072,False,none,0.574,0.426,True,0,0,0,0.5,1,2 واقعی + 2 پروکسی,635
2026-09-25 11:01:49,1790334109,artificial-inu-3,AI,Artificial Inu,0.242723,240650125,18243818,7.1723,-33.4765,53.18,,0.0207,0.0199,True,0.09,2.19,0.5211,نگه‌داری,0.0422,0.001035,5.04,0.693,False,0.4,True,0.097,-0.464,False,none,0.351,0.649,True,0,0,0,0.5,1,2 واقعی + 2 پروکسی,629
2026-09-25 11:01:49,1790334109,dogwifcoin,WIF,dogwifhat,0.240379,240222169,67098518,3.9368,23.7174,59.64,,0.2322,0.2095,True,0.08,12.26,0.5044,نگه‌داری,0.0089,0.019642,8.16,0.851,False,0.8,True,0.042,0.199,False,none,0.46,0.54,True,0,0,0,0.5,1,2 واقعی + 2 پروکسی,636
2026-09-25 16:23:52,1790353432,shiba-inu,SHIB,Shiba Inu,5.85e-06,3449875895,105778266,0.2129,6.1594,57.88,,0.0,0.0,True,0.63,7.04,0.4811,نگه‌داری,0.0378,0.0,5.65,0.823,False,0.8,True,0.017,0.169,False,none,0.517,0.483,True,0,0,0,0.5,1,2 واقعی + 2 پروکسی,652
2026-09-25 16:23:52,1790353432,pump-fun,PUMP,Pump.fun,0.00414248,1933036314,205184413,6.4633,-5.7974,47.55,,0.0042,0.004,True,0.88,-2.48,0.5211,نگه‌داری,0.0422,0.000437,10.56,0.619,False,0.7,True,0.048,-0.064,False,none,0.038,0.962,True,0,0,0,0.5,1,2 واقعی + 2 پروکسی,645
2026-09-25 16:23:52,1790353432,pepe,PEPE,Pepe,4.46e-06,1877648380,396589702,-0.2218,15.4381,58.97,,0.0,0.0,True,0.72,16.61,0.5044,نگه‌داری,0.0089,0.0,8.28,0.81,False,0.8,True,0.022,0.114,False,none,0.496,0.504,True,0,0,0,0.5,1,2 واقعی + 2 پروکسی,646
2026-09-25 16:23:52,1790353432,pudgy-penguins,PENGU,Pudgy Penguins,0.00986762,620084826,286393308,-1.2021,23.9042,62.37,,0.0091,0.0081,True,0.87,23.92,0.5278,نگه‌داری,0.0556,0.000754,7.67,0.921,False,0.55,True,0.091,-0.249,False,none,0.845,0.155,True,0,0,0,0.5,1,2 واقعی + 2 پروکسی,644
2026-09-25 16:23:52,1790353432,official-trump,TRUMP,Official Trump,2.11,593574763,288836625,-0.1553,-1.8628,46.06,,2.1069,2.0817,True,1.18,0.91,0.5611,خرید,0.1222,0.189881,9.02,0.572,False,0.7,True,0.095,0.058,False,none,0.522,0.478,True,0,0,0,0.5,1,2 واقعی + 2 پروکسی,643
2026-09-25 16:23:52,1790353432,bianrensheng,币安人生,币安人生 (BinanceLife),0.501466,501515326,1833195,-1.0849,-2.4018,50.01,,0.5063,0.498,True,0.49,-2.68,0.4922,نگه‌داری,0.0156,,,0.575,False,0.7,True,0.06,0.003,,,0.388,0.612,True,0,0,0,0.5,1,2 واقعی + 1 پروکسی,651
2026-09-25 16:23:52,1790353432,spx6900,SPX,SPX6900,0.448767,417902573,10282750,0.4208,-12.1475,40.82,,0.4715,0.4926,False,0.15,-9.82,0.4767,نگه‌داری,0.0467,0.050174,11.18,0.229,False,0.7,True,0.045,-0.042,False,none,0.631,0.369,True,0,0,0,0.3,2,2 واقعی + 2 پروکسی,654
2026-09-25 16:23:52,1790353432,bonk,BONK,Bonk,3.68e-06,323643521,65287704,-0.5753,25.4533,63.56,,0.0,0.0,True,0.8,20.98,0.5044,نگه‌داری,0.0089,0.0,8.13,0.917,False,0.7,True,0.054,-0.066,False,none,0.637,0.363,True,0,0,0,0.7,2,2 واقعی + 2 پروکسی,647
2026-09-25 16:23:52,1790353432,useless-3,USELESS,Useless Coin,0.298627,298608742,47136619,0.2629,15.3008,62.53,,0.2848,0.2522,True,0.57,2.48,0.4533,نگه‌داری,0.0933,0.0536,17.91,0.813,False,0.6,True,0.208,0.085,False,none,0.356,0.644,True,0,0,0,0.5,1,2 واقعی + 2 پروکسی,655
2026-09-25 16:23:52,1790353432,floki,FLOKI,FLOKI,2.856e-05,275451951,24565961,-0.4028,10.767,57.58,,0.0,0.0,True,0.53,10.73,0.5044,نگه‌داری,0.0089,2e-06,6.43,0.842,False,0.7,True,0.141,0.183,False,none,0.613,0.387,True,0,0,0,0.5,1,2 واقعی + 2 پروکسی,648
2026-09-25 16:23:52,1790353432,artificial-inu-3,AI,Artificial Inu,0.254462,251836782,18477294,11.518,-31.9164,57.76,,0.0208,0.0199,True,0.4,5.77,0.4811,نگه‌داری,0.0378,0.00108,5.08,0.879,False,0.8,True,0.095,0.101,False,none,0.624,0.376,True,0,0,0,0.7,2,2 واقعی + 2 پروکسی,653
2026-09-25 16:23:52,1790353432,binance-peg-dogecoin,DOGE,Binance-Peg Dogecoin,0.098202,251820221,1559226,1.7095,10.7988,60.57,,0.0945,0.0884,True,0.65,11.74,0.5044,نگه‌داری,0.0089,0.005886,6.03,0.882,False,0.55,True,0.01,-0.272,False,none,0.5,0.5,True,0,0,0,0.5,1,2 واقعی + 2 پروکسی,649
2026-09-25 16:23:52,1790353432,dogwifcoin,WIF,dogwifhat,0.243306,243168723,66464931,1.7723,18.3563,60.04,,0.2324,0.2095,True,0.21,12.91,0.5044,نگه‌داری,0.0089,0.020056,8.28,0.864,False,0.8,True,0.041,0.231,False,none,0.51,0.49,True,0,0,0,0.5,1,2 واقعی + 2 پروکسی,650
2026-09-25 21:02:44,1790370164,shiba-inu,SHIB,Shiba Inu,5.88e-06,3466693904,104080690,1.1858,7.37,58.75,,0.0,0.0,True,0.82,7.95,0.5044,نگه‌داری,0.0089,0.0,5.6,0.856,False,0.8,True,0.034,0.258,False,none,0.507,0.493,True,0,0,0,0.5,1,2 واقعی + 2 پروکسی,663
2026-09-25 21:02:44,1790370164,memecore,M,MemeCore,1.19,2707847885,1235747,-1.9547,-9.1663,47.19,,1.3386,1.2257,True,0.74,-8.89,0.4922,نگه‌داری,0.0156,,,0.408,False,0.7,False,0.3,,,,0.393,0.607,False,0,0,0,,,0 واقعی + 3 پروکسی,665
2026-09-25 21:02:44,1790370164,pump-fun,PUMP,Pump.fun,0.00410352,1914063264,195636966,5.9243,-6.5883,47.07,,0.0042,0.004,True,1.05,-3.11,0.5378,نگه‌داری,0.0756,0.000437,10.63,0.598,False,0.8,True,0.049,0.117,False,none,0.489,0.511,True,0,0,0,0.5,1,2 واقعی + 2 پروکسی,658
2026-09-25 21:02:44,1790370164,pepe,PEPE,Pepe,4.46e-06,1877029539,364935523,-0.157,16.346,59.09,,0.0,0.0,True,0.84,16.82,0.5278,نگه‌داری,0.0556,0.0,8.27,0.813,False,0.7,True,0.022,0.009,False,none,0.31,0.69,True,0,0,0,0.5,1,2 واقعی + 2 پروکسی,659
2026-09-25 21:02:44,1790370164,pudgy-penguins,PENGU,Pudgy Penguins,0.01008054,634072449,287167260,1.1581,27.9893,64.38,,0.0092,0.0081,True,1.15,27.13,0.5278,نگه‌داری,0.0556,0.000773,7.66,0.97,False,0.8,True,0.069,0.298,False,none,0.141,0.859,True,0,0,0,0.5,1,2 واقعی + 2 پروکسی,660
2026-09-25 21:02:44,1790370164,official-trump,TRUMP,Official Trump,2.1,593068466,258581802,-0.0032,-0.2783,46.18,,2.1073,2.0818,True,1.48,1.06,0.5844,خرید,0.1689,0.190524,9.04,0.577,False,0.7,True,0.095,0.03,False,none,0.405,0.595,True,0,0,0,0.5,1,2 واقعی + 2 پروکسی,657
2026-09-25 21:02:44,1790370164,spx6900,SPX,SPX6900,0.455522,424123319,9883777,3.9848,-10.1194,41.78,,0.4723,0.4928,False,0.18,-8.66,0.4767,نگه‌داری,0.0467,0.050174,11.03,0.266,False,0.7,True,0.044,-0.068,False,none,0.485,0.515,True,0,0,0,0.3,2,2 واقعی + 2 پروکسی,667
2026-09-25 21:02:44,1790370164,bonk,BONK,Bonk,3.68e-06,324266848,59834153,-0.7733,23.4714,63.94,,0.0,0.0,True,0.93,21.37,0.5278,نگه‌داری,0.0556,0.0,8.11,0.924,False,0.7,True,0.027,0.004,False,none,0.467,0.533,True,0,0,0,0.7,2,2 واقعی + 2 پروکسی,661
2026-09-25 21:02:44,1790370164,useless-3,USELESS,Useless Coin,0.28772,287886282,43813952,0.4657,-0.9325,61.54,,0.2833,0.2517,True,0.67,-1.09,0.4467,نگه‌داری,0.1067,0.0536,18.56,0.751,False,0.6,True,0.219,0.046,False,none,0.17,0.83,True,0,0,0,0.5,1,2 واقعی + 2 پروکسی,668
2026-09-25 21:02:44,1790370164,floki,FLOKI,FLOKI,2.862e-05,276125945,23634556,0.423,10.6554,58.04,,0.0,0.0,True,0.79,11.31,0.5044,نگه‌داری,0.0089,2e-06,6.4,0.858,False,0.7,True,0.175,0.1,False,none,0.519,0.481,True,0,0,0,0.5,1,2 واقعی + 2 پروکسی,664
2026-09-25 21:02:44,1790370164,artificial-inu-3,AI,Artificial Inu,0.270193,267830829,27558718,20.4677,-15.5414,59.04,,0.0208,0.02,True,0.7,6.92,0.4811,نگه‌داری,0.0378,0.001119,5.21,0.932,False,0.8,True,0.094,0.232,True,high_sweep,0.876,0.124,True,0,0,0,0.7,2,2 واقعی + 2 پروکسی,666
2026-09-25 21:02:44,1790370164,binance-peg-dogecoin,DOGE,Binance-Peg Dogecoin,0.098126,251580055,1465469,2.4287,11.7933,60.78,,0.0945,0.0884,True,0.84,11.99,0.5278,نگه‌داری,0.0556,0.005886,6.01,0.89,False,0.55,True,0.02,-0.237,False,none,0.703,0.297,True,0,0,0,0.7,2,2 واقعی + 2 پروکسی,662
2026-09-26 03:11:27,1790392287,shiba-inu,SHIB,Shiba Inu,5.95e-06,3509169141,112004245,3.2736,9.3188,61.38,,0.0,0.0,True,0.14,7.99,0.4811,نگه‌داری,0.0378,0.0,5.24,0.856,False,0.8,True,0.017,0.173,False,none,0.508,0.492,True,0,0,0,0.7,2,2 واقعی + 2 پروکسی,677
2026-09-26 03:11:27,1790392287,memecore,M,MemeCore,1.23,2795161064,1086756,0.411,-7.2492,50.67,,1.3023,1.2315,True,0.66,-18.57,0.4689,نگه‌داری,0.0622,,,0.479,False,0.7,False,0.3,,,,0.445,0.555,False,0,0,0,,,0 واقعی + 3 پروکسی,681
2026-09-26 03:11:27,1790392287,pump-fun,PUMP,Pump.fun,0.00432448,2018696408,210081917,10.8943,2.417,51.52,,0.0042,0.004,True,0.14,1.53,0.5211,نگه‌داری,0.0422,0.00042,9.73,0.743,False,0.55,True,0.093,-0.102,False,none,0.361,0.639,True,0,0,0,0.7,2,2 واقعی + 2 پروکسی,671
2026-09-26 03:11:27,1790392287,pepe,PEPE,Pepe,4.47e-06,1878411824,352421038,1.4339,19.3976,59.91,,0.0,0.0,True,0.06,8.31,0.4978,نگه‌داری,0.0044,0.0,7.74,0.783,False,0.7,True,0.022,0.043,False,none,0.403,0.597,True,0,0,0,0.5,1,2 واقعی + 2 پروکسی,675
2026-09-26 03:11:27,1790392287,pudgy-penguins,PENGU,Pudgy Penguins,0.01022884,643062137,279130630,6.6744,29.2054,66.3,,0.0095,0.0082,True,0.1,28.57,0.5044,نگه‌داری,0.0089,0.000731,7.14,0.939,False,0.8,True,0.059,0.205,False,none,0.422,0.578,True,0,0,0,0.5,1,2 واقعی + 2 پروکسی,672
2026-09-26 03:11:27,1790392287,official-trump,TRUMP,Official Trump,2.13,602302420,267197372,2.8375,3.7274,43.85,,2.1134,2.071,True,0.07,1.29,0.5444,نگه‌داری,0.0889,0.176889,8.31,0.653,False,0.7,True,0.047,0.066,False,none,0.457,0.543,True,0,0,0,0.7,2,2 واقعی + 2 پروکسی,670
2026-09-26 03:11:27,1790392287,spx6900,SPX,SPX6900,0.457736,426248624,10564092,5.5871,-7.0829,44.87,,0.4689,0.4866,False,0.02,-6.86,0.4767,نگه‌داری,0.0467,0.046894,10.27,0.278,False,0.6,True,0.132,0.039,False,none,0.473,0.527,True,0,0,0,0.3,2,2 واقعی + 2 پروکسی,680
2026-09-26 03:11:27,1790392287,bonk,BONK,Bonk,3.67e-06,323207857,52606727,-0.538,22.3389,64.32,,0.0,0.0,True,0.08,20.61,0.5044,نگه‌داری,0.0089,0.0,7.75,0.875,False,0.7,True,0.055,-0.032,False,none,0.501,0.499,True,0,0,0,0.7,2,2 واقعی + 2 پروکسی,673
2026-09-26 03:11:27,1790392287,useless-3,USELESS,Useless Coin,0.282784,282920661,43683993,1.263,-3.4434,60.68,,0.288,0.2532,True,0.03,10.26,0.4933,نگه‌داری,0.0133,0.051944,18.42,0.681,False,0.8,True,0.103,0.34,False,none,0.23,0.77,True,0,0,0,0.5,1,2 واقعی + 2 پروکسی,676
2026-09-26 03:11:27,1790392287,floki,FLOKI,FLOKI,2.853e-05,275229861,22475997,1.5994,11.4044,58.57,,0.0,0.0,True,0.03,8.66,0.4811,نگه‌داری,0.0378,2e-06,6.03,0.809,False,0.7,True,0.07,0.068,False,none,0.563,0.437,True,0,0,0,0.5,1,2 واقعی + 2 پروکسی,678
2026-09-26 03:11:27,1790392287,artificial-inu-3,AI,Artificial Inu,0.256065,253855912,27329827,14.992,-19.0172,59.32,,0.0209,0.02,True,0.16,4.36,0.4811,نگه‌داری,0.0378,0.001072,5.03,0.855,False,0.7,True,0.094,0.001,False,none,0.686,0.314,True,0,0,0,0.7,2,2 واقعی + 2 پروکسی,679
2026-09-26 03:11:27,1790392287,binance-peg-dogecoin,DOGE,Binance-Peg Dogecoin,0.098595,252793980,1552862,3.4076,12.4395,62.41,,0.0962,0.0889,True,0.06,12.16,0.5044,نگه‌داری,0.0089,0.005593,5.69,0.864,False,0.7,True,0.01,-0.069,False,none,0.744,0.256,True,0,0,0,0.7,2,2 واقعی + 2 پروکسی,674
2026-09-26 10:43:31,1790419411,shiba-inu,SHIB,Shiba Inu,5.93e-06,3496433047,112951519,1.5304,8.3373,61.08,,0.0,0.0,True,0.26,7.79,0.4811,نگه‌داری,0.0378,0.0,5.3,0.849,False,0.8,True,0.017,0.254,False,none,0.485,0.515,True,0,0,0,0.7,2,2 واقعی + 2 پروکسی,691
2026-09-26 10:43:31,1790419411,pump-fun,PUMP,Pump.fun,0.00446927,2082922297,258964401,9.3053,8.1256,53.93,,0.0042,0.004,True,0.79,5.2,0.5044,نگه‌داری,0.0089,0.000439,9.82,0.849,False,0.7,True,0.067,0.01,False,none,0.168,0.832,True,0,0,0,0.7,2,2 واقعی + 2 پروکسی,684
2026-09-26 10:43:31,1790419411,pepe,PEPE,Pepe,4.43e-06,1864239307,328631834,-1.4924,16.2442,59.31,,0.0,0.0,True,0.15,7.67,0.4978,نگه‌داری,0.0044,0.0,7.89,0.772,False,0.8,True,0.023,0.142,False,none,0.848,0.152,True,0,0,0,0.5,1,2 واقعی + 2 پروکسی,689
2026-09-26 10:43:31,1790419411,pudgy-penguins,PENGU,Pudgy Penguins,0.01012664,635945956,263552196,2.1801,28.1094,65.03,,0.0095,0.0082,True,0.29,27.43,0.5044,نگه‌داری,0.0089,0.000747,7.36,0.923,False,0.8,True,0.01,0.25,False,none,0.686,0.314,True,0,0,0,0.7,2,2 واقعی + 2 پروکسی,685
2026-09-26 10:43:31,1790419411,official-trump,TRUMP,Official Trump,2.14,601826630,258067808,2.8748,2.3446,44.39,,2.1151,2.0715,True,0.18,1.86,0.5444,نگه‌داری,0.0889,0.177747,8.31,0.677,False,0.8,True,0.047,0.142,False,none,0.521,0.479,True,0,0,0,0.7,2,2 واقعی + 2 پروکسی,683
2026-09-26 10:43:31,1790419411,bianrensheng,币安人生,币安人生 (BinanceLife),0.502274,502129749,1818785,-0.4101,-1.7636,50.7,,0.5053,0.4953,True,0.52,-2.26,0.4756,نگه‌داری,0.0489,,,0.624,False,0.7,True,0.06,-0.075,,,0.609,0.391,True,0,0,0,0.7,2,2 واقعی + 1 پروکسی,693
2026-09-26 10:43:31,1790419411,spx6900,SPX,SPX6900,0.460193,428177580,10324133,1.4141,-7.113,45.39,,0.4694,0.4868,False,0.08,-6.06,0.4533,نگه‌داری,0.0933,0.047337,10.28,0.309,False,0.6,True,0.174,-0.083,False,none,0.512,0.488,True,0,0,0,0.5,1,2 واقعی + 2 پروکسی,695
2026-09-26 10:43:31,1790419411,bonk,BONK,Bonk,3.68e-06,323801996,48857249,-0.6216,22.3322,64.9,,0.0,0.0,True,0.21,21.17,0.5044,نگه‌داری,0.0089,0.0,7.77,0.884,False,0.7,True,0.054,0.018,False,none,0.377,0.623,True,0,0,0,0.7,2,2 واقعی + 2 پروکسی,686
2026-09-26 10:43:31,1790419411,useless-3,USELESS,Useless Coin,0.283455,283116699,44294022,-0.8701,2.9447,61.0,,0.2883,0.2533,True,0.2,11.05,0.4933,نگه‌داری,0.0133,0.052579,18.51,0.694,False,0.7,True,0.12,0.276,False,none,0.701,0.299,True,0,0,0,0.5,1,2 واقعی + 2 پروکسی,690
2026-09-26 10:43:31,1790419411,floki,FLOKI,FLOKI,2.87e-05,276631398,21766713,0.8024,9.976,59.8,,0.0,0.0,True,0.11,9.69,0.4811,نگه‌داری,0.0378,2e-06,6.04,0.838,False,0.7,True,0.035,0.05,False,none,0.62,0.38,True,0,0,0,0.7,2,2 واقعی + 2 پروکسی,692
2026-09-26 10:43:31,1790419411,artificial-inu-3,AI,Artificial Inu,0.259145,256718195,22671367,7.3409,-15.3963,62.03,,0.021,0.02,True,0.5,6.32,0.4644,نگه‌داری,0.0711,0.001077,4.96,0.941,False,0.7,True,0.092,-0.008,False,none,0.389,0.611,True,0,0,0,0.7,2,2 واقعی + 2 پروکسی,694
2026-09-26 10:43:31,1790419411,binance-peg-dogecoin,DOGE,Binance-Peg Dogecoin,0.097789,250717671,1512267,1.4991,11.8618,61.68,,0.0961,0.0889,True,0.12,11.63,0.5044,نگه‌داری,0.0089,0.00568,5.8,0.849,False,0.55,True,0.01,-0.109,False,none,0.438,0.562,True,0,0,0,0.7,2,2 واقعی + 2 پروکسی,687
2026-09-26 10:43:31,1790419411,dogwifcoin,WIF,dogwifhat,0.248137,247809872,81671097,3.9422,18.8076,62.07,,0.2392,0.2117,True,0.55,17.42,0.5044,نگه‌داری,0.0089,0.019935,8.04,0.867,False,0.8,True,0.04,0.126,False,none,0.495,0.505,True,0,0,0,0.7,2,2 واقعی + 2 پروکسی,688
2026-09-26 15:38:18,1790437098,shiba-inu,SHIB,Shiba Inu,6e-06,3536976898,95692606,3.2748,9.1561,62.51,,0.0,0.0,True,0.39,9.17,0.4811,نگه‌داری,0.0378,0.0,5.24,0.894,False,0.9,True,0.033,0.464,False,none,0.502,0.498,True,0,0,0,0.7,2,2 واقعی + 2 پروکسی,707
2026-09-26 15:38:18,1790437098,pump-fun,PUMP,Pump.fun,0.00447173,2084662545,226821391,9.0547,7.6633,53.99,,0.0042,0.004,True,1.03,5.29,0.5278,نگه‌داری,0.0556,0.000439,9.81,0.851,False,0.8,True,0.067,0.134,False,none,0.301,0.699,True,0,0,0,0.7,2,2 واقعی + 2 پروکسی,698
2026-09-26 15:38:18,1790437098,pepe,PEPE,Pepe,4.46e-06,1874329827,244245158,0.0764,16.0943,60.0,,0.0,0.0,True,0.23,8.4,0.4978,نگه‌داری,0.0044,0.0,7.89,0.785,False,0.7,True,0.022,-0.058,False,none,0.498,0.502,True,0,0,0,0.5,1,2 واقعی + 2 پروکسی,705
2026-09-26 15:38:18,1790437098,pudgy-penguins,PENGU,Pudgy Penguins,0.01027617,645964174,224375465,5.307,29.3485,67.16,,0.0095,0.0082,True,0.53,29.31,0.5044,نگه‌داری,0.0089,0.000747,7.26,0.949,False,0.8,True,0.058,0.104,False,none,0.517,0.483,True,0,0,0,0.7,2,2 واقعی + 2 پروکسی,700
2026-09-26 15:38:18,1790437098,official-trump,TRUMP,Official Trump,2.17,611440668,229552396,3.8267,5.0656,46.01,,2.1204,2.0733,True,0.27,3.62,0.5211,نگه‌داری,0.0422,0.179318,8.24,0.75,False,0.7,True,0.046,0.07,False,none,0.444,0.556,True,0,0,0,0.7,2,2 واقعی + 2 پروکسی,699
2026-09-26 15:38:18,1790437098,bianrensheng,币安人生,币安人生 (BinanceLife),0.503494,503494426,1595661,0.6639,-2.0339,50.98,,0.5055,0.4954,True,0.46,-2.07,0.4811,نگه‌داری,0.0378,0.019931,3.96,0.636,False,0.7,True,0.099,-0.074,True,low_sweep,0.655,0.345,True,0,0,0,0.7,2,2 واقعی + 2 پروکسی,708
2026-09-26 15:38:18,1790437098,spx6900,SPX,SPX6900,0.466421,434231920,10719005,4.6651,-4.4107,46.61,,0.4706,0.4872,False,0.17,-4.41,0.4533,نگه‌داری,0.0933,0.047694,10.18,0.374,False,0.6,True,0.128,-0.018,False,none,0.45,0.55,True,0,0,0,0.5,1,2 واقعی + 2 پروکسی,710
2026-09-26 15:38:18,1790437098,bonk,BONK,Bonk,3.75e-06,330410842,41298752,2.5924,25.8647,67.54,,0.0,0.0,True,0.29,23.9,0.5044,نگه‌داری,0.0089,0.0,7.6,0.926,False,0.7,True,0.08,-0.03,False,none,0.401,0.599,True,0,0,0,0.7,2,2 واقعی + 2 پروکسی,701
2026-09-26 15:38:18,1790437098,useless-3,USELESS,Useless Coin,0.295681,295663101,27977261,-0.7561,8.1559,62.82,,0.2899,0.2538,True,0.31,15.46,0.4933,نگه‌داری,0.0133,0.052579,17.81,0.762,False,0.6,True,0.126,0.095,False,none,0.631,0.369,True,0,0,0,0.5,1,2 واقعی + 2 پروکسی,706
2026-09-26 15:38:18,1790437098,ribbita-by-virtuals,TIBBIR,Ribbita by Virtuals,0.282582,282554982,2635654,5.9189,28.3779,58.96,,0.2593,0.2272,True,1.25,33.58,0.5822,خرید,0.1644,0.035502,12.56,0.984,False,0.7,False,0.3,,True,high_sweep,0.446,0.554,False,0,0,0,,,0 واقعی + 4 پروکسی,697
2026-09-26 15:38:18,1790437098,floki,FLOKI,FLOKI,2.907e-05,280301958,17788948,2.6909,11.5398,60.88,,0.0,0.0,True,0.18,10.91,0.5044,نگه‌داری,0.0089,2e-06,6.03,0.871,False,0.7,True,0.069,0.059,False,none,0.696,0.304,True,0,0,0,0.7,2,2 واقعی + 2 پروکسی,702
2026-09-26 15:38:18,1790437098,artificial-inu-3,AI,Artificial Inu,0.259086,256821440,20874105,8.7,-7.4839,63.99,,0.021,0.02,True,0.59,8.23,0.4644,نگه‌داری,0.0711,0.001097,4.96,1.016,False,0.6,True,0.136,0.093,False,none,0.492,0.508,True,0,0,0,0.7,2,2 واقعی + 2 پروکسی,709
2026-09-26 15:38:18,1790437098,dogwifcoin,WIF,dogwifhat,0.253867,253594004,78767924,5.342,20.1177,64.56,,0.24,0.212,True,0.8,20.08,0.5044,نگه‌داری,0.0089,0.02035,8.02,0.913,False,0.8,True,0.079,0.195,False,none,0.506,0.494,True,0,0,0,0.7,2,2 واقعی + 2 پروکسی,703
2026-09-26 15:38:18,1790437098,binance-peg-dogecoin,DOGE,Binance-Peg Dogecoin,0.098169,251704517,1327104,0.803,9.7527,62.8,,0.0962,0.0889,True,0.19,12.43,0.5044,نگه‌داری,0.0089,0.00568,5.76,0.872,False,0.8,True,0.01,0.137,False,none,0.461,0.539,True,0,0,0,0.7,2,2 واقعی + 2 پروکسی,704
2026-09-26 20:35:49,1790454949,shiba-inu,SHIB,Shiba Inu,5.91e-06,3480010109,94307566,-0.0934,5.7581,60.11,,0.0,0.0,True,0.54,7.11,0.4811,نگه‌داری,0.0378,0.0,5.38,0.827,False,0.8,True,0.017,0.184,False,none,0.384,0.616,True,0,0,0,0.7,2,2 واقعی + 2 پروکسی,721
2026-09-26 20:35:49,1790454949,pump-fun,PUMP,Pump.fun,0.00440027,2051064332,207287989,5.646,5.4329,52.82,,0.0042,0.004,True,1.14,3.46,0.5444,نگه‌داری,0.0889,0.000439,9.99,0.8,False,0.7,True,0.068,0.07,False,none,0.246,0.754,True,0,0,0,0.7,2,2 واقعی + 2 پروکسی,712
2026-09-26 20:35:49,1790454949,pepe,PEPE,Pepe,4.36e-06,1832584234,218205801,-3.3371,2.6916,57.65,,0.0,0.0,True,0.29,5.85,0.4978,نگه‌داری,0.0044,0.0,8.09,0.74,False,0.7,True,0.023,-0.056,False,none,0.527,0.473,True,0,0,0,0.7,2,2 واقعی + 2 پروکسی,718
2026-09-26 20:35:49,1790454949,pudgy-penguins,PENGU,Pudgy Penguins,0.00988391,621306662,190930841,-3.2265,22.1361,61.5,,0.0095,0.0082,True,0.81,24.03,0.5278,نگه‌داری,0.0556,0.000756,7.66,0.875,False,0.7,True,0.01,0.03,False,none,0.97,0.03,True,0,0,0,0.7,2,2 واقعی + 2 پروکسی,714
2026-09-26 20:35:49,1790454949,official-trump,TRUMP,Official Trump,2.11,594965591,221315294,-0.4883,-0.2291,43.16,,2.1109,2.0701,True,0.37,0.43,0.5444,نگه‌داری,0.0889,0.179818,8.52,0.616,False,0.7,True,0.047,-0.046,False,none,0.527,0.473,True,0,0,0,0.7,2,2 واقعی + 2 پروکسی,713
2026-09-26 20:35:49,1790454949,bianrensheng,币安人生,币安人生 (BinanceLife),0.496785,496784559,1805375,-1.4224,-1.8338,49.12,,0.5045,0.4951,True,0.52,-3.34,0.4922,نگه‌داری,0.0156,,,0.551,False,0.8,True,0.101,0.309,,,0.384,0.616,True,0,0,0,0.7,2,2 واقعی + 1 پروکسی,720
2026-09-26 20:35:49,1790454949,spx6900,SPX,SPX6900,0.45568,424232183,10061367,-0.4827,-7.3895,44.81,,0.4688,0.4866,False,0.19,-6.94,0.4767,نگه‌داری,0.0467,0.047694,10.46,0.275,False,0.7,True,0.066,-0.068,False,none,0.71,0.29,True,0,0,0,0.5,1,2 واقعی + 2 پروکسی,724
2026-09-26 20:35:49,1790454949,bonk,BONK,Bonk,3.67e-06,322635533,38301561,-1.0605,19.552,64.15,,0.0,0.0,True,0.38,20.44,0.5044,نگه‌داری,0.0089,0.0,7.82,0.872,False,0.7,True,0.055,-0.004,False,none,0.366,0.634,True,0,0,0,0.7,2,2 واقعی + 2 پروکسی,716
2026-09-26 20:35:49,1790454949,useless-3,USELESS,Useless Coin,0.281334,281317435,21613436,-4.2812,7.9067,60.67,,0.288,0.2532,True,0.4,10.23,0.4933,نگه‌داری,0.0133,0.052579,18.65,0.681,False,0.8,True,0.068,0.168,False,none,0.515,0.485,True,0,0,0,0.5,1,2 واقعی + 2 پروکسی,719
2026-09-26 20:35:49,1790454949,floki,FLOKI,FLOKI,2.869e-05,276704389,17886817,-0.1519,7.7246,59.52,,0.0,0.0,True,0.47,9.46,0.4811,نگه‌داری,0.0378,2e-06,6.25,0.831,False,0.7,True,0.07,-0.05,False,none,0.107,0.893,True,0,0,0,0.7,2,2 واقعی + 2 پروکسی,722
2026-09-26 20:35:49,1790454949,artificial-inu-3,AI,Artificial Inu,0.252046,249842706,11903754,-10.5152,-14.0966,61.44,,0.021,0.02,True,0.69,5.78,0.4811,نگه‌داری,0.0378,0.001105,5.12,0.918,False,0.9,True,0.093,0.462,True,high_sweep,0.474,0.526,True,0,0,0,0.7,2,2 واقعی + 2 پروکسی,723
2026-09-26 20:35:49,1790454949,binance-peg-dogecoin,DOGE,Binance-Peg Dogecoin,0.096542,247533658,1159774,-1.8822,7.5769,59.76,,0.0959,0.0888,True,0.23,10.18,0.5044,نگه‌داری,0.0089,0.005708,5.91,0.807,False,0.7,True,0.01,0.006,False,none,0.58,0.42,True,0,0,0,0.7,2,2 واقعی + 2 پروکسی,717
2026-09-26 20:35:49,1790454949,dogwifcoin,WIF,dogwifhat,0.244731,244468016,76024384,-1.3169,15.4875,60.55,,0.2387,0.2116,True,1.04,15.72,0.5278,نگه‌داری,0.0556,0.02035,8.33,0.836,False,0.8,True,0.082,0.284,False,none,0.502,0.498,True,0,0,0,0.7,2,2 واقعی + 2 پروکسی,715
2026-09-27 03:17:56,1790479076,shiba-inu,SHIB,Shiba Inu,5.87e-06,3458644723,84364386,-1.0184,7.0124,59.32,,0.0,0.0,True,0.07,7.0,0.4978,نگه‌داری,0.0044,0.0,5.22,0.776,False,0.9,True,0.017,0.432,False,none,0.608,0.392,True,0,0,0,0.7,2,2 واقعی + 2 پروکسی,733
2026-09-27 03:17:56,1790479076,pump-fun,PUMP,Pump.fun,0.00440591,2052097267,197953688,2.0599,6.7798,49.95,,0.0042,0.004,True,0.09,4.07,0.5211,نگه‌داری,0.0422,0.000412,9.36,0.797,False,0.7,True,0.068,0.096,False,none,0.549,0.451,True,0,0,0,0.7,2,2 واقعی + 2 پروکسی,727
2026-09-27 03:17:56,1790479076,pepe,PEPE,Pepe,4.35e-06,1831672546,219545675,-2.0423,6.9104,57.4,,0.0,0.0,True,0.04,8.83,0.4978,نگه‌داری,0.0044,0.0,7.87,0.715,False,0.7,True,0.023,-0.017,False,none,0.457,0.543,True,0,0,0,0.5,1,2 واقعی + 2 پروکسی,734
2026-09-27 03:17:56,1790479076,pudgy-penguins,PENGU,Pudgy Penguins,0.00981561,616604214,170900748,-3.8273,23.4707,60.16,,0.0098,0.0083,True,0.1,24.76,0.5044,نگه‌داری,0.0089,0.000727,7.42,0.829,False,0.8,True,0.01,0.154,False,none,0.453,0.547,True,0,0,0,0.7,2,2 واقعی + 2 پروکسی,730
2026-09-27 03:17:56,1790479076,official-trump,TRUMP,Official Trump,2.1,591966584,205678281,-1.2694,0.0373,42.91,,2.1159,2.0592,True,0.18,1.4,0.5444,نگه‌داری,0.0889,0.16611,7.91,0.63,False,0.8,True,0.048,0.167,False,none,0.501,0.499,True,0,0,0,0.7,2,2 واقعی + 2 پروکسی,726
2026-09-27 03:17:56,1790479076,bianrensheng,币安人生,币安人生 (BinanceLife),0.493741,493742949,1782348,-2.2719,-3.963,49.62,,0.5038,0.4931,True,0.53,-0.98,0.4922,نگه‌داری,0.0156,,,0.528,False,0.8,True,0.061,0.234,,,0.508,0.492,True,0,0,0,0.5,1,2 واقعی + 1 پروکسی,737
2026-09-27 03:17:56,1790479076,spx6900,SPX,SPX6900,0.447024,416136864,9522142,-1.9324,-7.8051,42.36,,0.4662,0.4804,False,0.02,-3.94,0.4933,نگه‌داری,0.0133,0.045898,10.3,0.198,False,0.7,True,0.09,-0.002,False,none,0.69,0.31,True,0,0,0,0.5,1,2 واقعی + 2 پروکسی,735
2026-09-27 03:17:56,1790479076,bonk,BONK,Bonk,3.63e-06,319081189,36881083,-0.7798,19.6588,62.43,,0.0,0.0,True,0.05,20.47,0.5044,نگه‌داری,0.0089,0.0,7.67,0.821,False,0.7,True,0.055,0.016,False,none,0.722,0.278,True,0,0,0,0.7,2,2 واقعی + 2 پروکسی,731
2026-09-27 03:17:56,1790479076,useless-3,USELESS,Useless Coin,0.286813,286779686,24050014,1.7873,12.097,61.46,,0.2956,0.2568,True,0.07,20.8,0.4933,نگه‌داری,0.0133,0.050613,17.61,0.695,False,0.55,True,0.087,-0.159,False,none,0.417,0.583,True,0,0,0,0.5,1,2 واقعی + 2 پروکسی,736
2026-09-27 03:17:56,1790479076,floki,FLOKI,FLOKI,2.874e-05,277117787,17412264,1.0681,10.2748,59.22,,0.0,0.0,True,0.03,11.69,0.5044,نگه‌داری,0.0089,2e-06,5.96,0.806,False,0.7,True,0.07,-0.054,False,none,0.673,0.327,True,0,0,0,0.7,2,2 واقعی + 2 پروکسی,732
2026-09-27 03:17:56,1790479076,binance-peg-dogecoin,DOGE,Binance-Peg Dogecoin,0.096052,246494395,1010808,-2.1916,10.7906,59.08,,0.0973,0.0891,True,0.01,10.37,0.5211,نگه‌داری,0.0422,0.005507,5.72,0.775,False,0.7,True,0.01,0.07,False,none,0.706,0.294,True,0,0,0,0.7,2,2 واقعی + 2 پروکسی,728
2026-09-27 03:17:56,1790479076,dogwifcoin,WIF,dogwifhat,0.242843,242448205,67623281,-1.6099,16.0878,59.96,,0.2446,0.2128,True,0.03,19.95,0.5211,نگه‌داری,0.0422,0.019452,8.01,0.796,False,0.8,True,0.041,0.269,False,none,0.57,0.43,True,0,0,0,0.7,2,2 واقعی + 2 پروکسی,729
2026-09-27 03:17:56,1790479076,artificial-inu-3,AI,Artificial Inu,0.243817,241726210,8153972,-4.5651,-9.798,57.84,,0.0211,0.02,True,0.21,4.53,0.4644,نگه‌داری,0.0711,0.001053,4.96,0.805,False,0.7,True,0.094,0.015,False,none,0.283,0.717,True,0,0,0,0.7,2,2 واقعی + 2 پروکسی,738
2026-09-27 11:16:57,1790507817,shiba-inu,SHIB,Shiba Inu,5.96e-06,3512984626,90534625,0.283,11.0618,61.52,,0.0,0.0,True,0.23,8.66,0.4811,نگه‌داری,0.0378,0.0,5.26,0.831,False,0.9,True,0.017,0.606,False,none,0.5,0.5,True,0,0,0,0.7,2,2 واقعی + 2 پروکسی,750
2026-09-27 11:16:57,1790507817,pump-fun,PUMP,Pump.fun,0.0044566,2077222585,131849529,-0.5009,12.7272,50.89,,0.0043,0.004,True,0.28,5.35,0.5044,نگه‌داری,0.0089,0.00042,9.44,0.833,False,0.8,True,0.067,0.12,False,none,0.463,0.537,True,0,0,0,0.7,2,2 واقعی + 2 پروکسی,742
2026-09-27 11:16:57,1790507817,pepe,PEPE,Pepe,4.4e-06,1853225366,220991609,-0.4043,11.4997,58.41,,0.0,0.0,True,0.17,10.23,0.5211,نگه‌داری,0.0422,0.0,7.9,0.739,False,0.7,True,0.023,-0.056,False,none,0.513,0.487,True,0,0,0,0.5,1,2 واقعی + 2 پروکسی,741
2026-09-27 11:16:57,1790507817,pudgy-penguins,PENGU,Pudgy Penguins,0.0101611,638977334,179416714,-0.2123,31.4968,63.44,,0.0098,0.0083,True,0.39,29.3,0.5044,نگه‌داری,0.0089,0.00075,7.38,0.892,False,0.7,True,0.089,0.071,False,none,0.65,0.35,True,0,0,0,0.7,2,2 واقعی + 2 پروکسی,743
2026-09-27 11:16:57,1790507817,official-trump,TRUMP,Official Trump,2.14,602054413,214130851,-1.6914,5.5986,44.45,,2.121,2.0609,True,0.62,3.14,0.5444,نگه‌داری,0.0889,0.16961,7.94,0.713,False,0.7,True,0.094,0.041,False,none,0.495,0.505,True,0,0,0,0.7,2,2 واقعی + 2 پروکسی,740
2026-09-27 11:16:57,1790507817,bianrensheng,币安人生,币安人生 (BinanceLife),0.497995,497772526,2022372,-0.8471,1.0822,50.95,,0.5044,0.4933,True,0.6,-0.08,0.4922,نگه‌داری,0.0156,,,0.592,False,0.9,True,0.08,0.315,,,0.569,0.431,True,0,0,0,0.5,1,2 واقعی + 1 پروکسی,749
2026-09-27 11:16:57,1790507817,spx6900,SPX,SPX6900,0.454823,423355616,9767156,-1.4672,0.415,43.39,,0.4673,0.4808,False,0.07,-2.28,0.4767,نگه‌داری,0.0467,0.046155,10.18,0.265,False,0.6,True,0.11,-0.037,False,none,0.628,0.372,True,0,0,0,0.5,1,2 واقعی + 2 پروکسی,752
2026-09-27 11:16:57,1790507817,bonk,BONK,Bonk,3.69e-06,325001439,39369322,0.4162,24.0385,64.2,,0.0,0.0,True,0.22,22.77,0.5044,نگه‌داری,0.0089,0.0,7.76,0.857,False,0.7,True,0.054,0.0,False,none,0.405,0.595,True,0,0,0,0.7,2,2 واقعی + 2 پروکسی,744
2026-09-27 11:16:57,1790507817,useless-3,USELESS,Useless Coin,0.292344,292345955,18456235,2.5227,14.6461,61.86,,0.2961,0.257,True,0.19,22.42,0.4933,نگه‌داری,0.0133,0.05138,17.64,0.719,False,0.6,True,0.103,0.07,False,none,0.446,0.554,True,0,0,0,0.5,1,2 واقعی + 2 پروکسی,748
2026-09-27 11:16:57,1790507817,floki,FLOKI,FLOKI,2.886e-05,278352112,21800994,0.3189,14.1345,59.6,,0.0,0.0,True,0.21,12.0,0.5044,نگه‌داری,0.0089,2e-06,6.08,0.815,False,0.6,True,0.139,0.039,False,none,0.677,0.323,True,0,0,0,0.7,2,2 واقعی + 2 پروکسی,745
2026-09-27 11:16:57,1790507817,binance-peg-dogecoin,DOGE,Binance-Peg Dogecoin,0.097049,249867989,1123187,-0.2714,14.3195,60.72,,0.0975,0.0891,True,0.14,11.95,0.5044,نگه‌داری,0.0089,0.005676,5.81,0.821,False,0.55,True,0.01,-0.207,False,none,0.461,0.539,True,0,0,0,0.7,2,2 واقعی + 2 پروکسی,746
2026-09-27 11:16:57,1790507817,dogwifcoin,WIF,dogwifhat,0.247555,247315233,62231449,-0.642,24.8873,61.56,,0.2452,0.213,True,0.11,22.22,0.5044,نگه‌داری,0.0089,0.020002,8.08,0.834,False,0.8,True,0.04,0.178,False,none,0.49,0.51,True,0,0,0,0.7,2,2 واقعی + 2 پروکسی,747
2026-09-27 11:16:57,1790507817,artificial-inu-3,AI,Artificial Inu,0.228694,226914330,9738047,-11.4899,-6.2115,59.29,,0.0211,0.0201,True,0.34,5.36,0.4811,نگه‌داری,0.0378,0.001077,5.03,0.842,False,0.7,True,0.14,0.214,False,none,0.358,0.642,True,0,0,0,0.7,2,2 واقعی + 2 پروکسی,751
2026-09-27 16:17:28,1790525848,shiba-inu,SHIB,Shiba Inu,5.92e-06,3485992886,82554743,-1.7095,10.468,60.74,,0.0,0.0,True,0.43,7.95,0.4811,نگه‌داری,0.0378,0.0,5.29,0.808,False,0.9,True,0.017,0.379,False,none,0.574,0.426,True,0,0,0,0.7,2,2 واقعی + 2 پروکسی,767
2026-09-27 16:17:28,1790525848,pump-fun,PUMP,Pump.fun,0.00486059,2265153212,200515209,9.1417,20.7486,57.31,,0.0043,0.0041,True,0.85,15.47,0.5278,نگه‌داری,0.0556,0.000449,9.19,1.073,False,0.7,True,0.061,0.091,False,none,0.549,0.451,True,0,0,0,0.7,2,2 واقعی + 2 پروکسی,756
2026-09-27 16:17:28,1790525848,pepe,PEPE,Pepe,4.39e-06,1846394538,222496683,-1.372,12.2938,58.1,,0.0,0.0,True,0.3,9.76,0.4978,نگه‌داری,0.0044,0.0,7.95,0.731,False,0.7,True,0.023,0.001,False,none,0.523,0.477,True,0,0,0,0.5,1,2 واقعی + 2 پروکسی,763
2026-09-27 16:17:28,1790525848,pudgy-penguins,PENGU,Pudgy Penguins,0.01008391,633885467,225374174,-1.3064,32.9464,62.88,,0.0098,0.0083,True,1.47,28.35,0.5511,خرید,0.1022,0.000801,7.94,0.879,False,0.8,True,0.02,0.257,False,none,0.722,0.278,True,0,0,0,0.7,2,2 واقعی + 2 پروکسی,755
2026-09-27 16:17:28,1790525848,official-trump,TRUMP,Official Trump,2.13,600555296,195972714,-1.8728,5.4367,44.36,,2.1207,2.0608,True,0.96,3.04,0.5678,خرید,0.1356,0.170038,7.97,0.709,False,0.7,True,0.047,-0.043,False,none,0.507,0.493,True,0,0,0,0.7,2,2 واقعی + 2 پروکسی,754
2026-09-27 16:17:28,1790525848,bianrensheng,币安人生,币安人生 (BinanceLife),0.495665,495233061,1978913,-1.4628,1.0635,50.17,,0.504,0.4932,True,0.64,-0.61,0.4978,نگه‌داری,0.0044,0.020972,4.23,0.554,False,0.8,True,0.061,0.179,True,high_sweep,0.445,0.555,True,0,0,0,0.5,1,2 واقعی + 2 پروکسی,762
2026-09-27 16:17:28,1790525848,spx6900,SPX,SPX6900,0.440738,410262048,8463946,-5.3792,-3.5603,41.76,,0.4655,0.4802,False,0.12,-4.96,0.4933,نگه‌داری,0.0133,0.046577,10.56,0.159,False,0.8,True,0.091,0.15,False,none,0.882,0.118,True,0,0,0,0.3,2,2 واقعی + 2 پروکسی,765
2026-09-27 16:17:28,1790525848,bonk,BONK,Bonk,3.73e-06,328451332,47976889,-0.6137,27.8561,64.9,,0.0,0.0,True,0.43,23.99,0.5044,نگه‌داری,0.0089,0.0,7.74,0.876,False,0.7,True,0.054,0.023,False,none,0.47,0.53,True,0,0,0,0.7,2,2 واقعی + 2 پروکسی,759
2026-09-27 16:17:28,1790525848,ribbita-by-virtuals,TIBBIR,Ribbita by Virtuals,0.285116,285102568,2029785,0.8621,43.7298,56.72,,0.2695,0.23,True,0.93,24.64,0.5278,نگه‌داری,0.0556,0.0417,14.6,0.92,False,0.7,False,0.3,,False,none,0.406,0.594,False,0,0,0,,,0 واقعی + 4 پروکسی,757
2026-09-27 16:17:28,1790525848,useless-3,USELESS,Useless Coin,0.284622,284623653,20184718,-2.8571,11.9511,61.04,,0.2951,0.2567,True,0.32,19.48,0.4933,نگه‌داری,0.0133,0.052053,18.31,0.676,False,0.55,True,0.092,-0.107,False,none,0.441,0.559,True,0,0,0,0.5,1,2 واقعی + 2 پروکسی,766
2026-09-27 16:17:28,1790525848,floki,FLOKI,FLOKI,2.854e-05,275205844,22187137,-3.1237,13.4254,58.15,,0.0,0.0,True,0.51,10.8,0.5211,نگه‌داری,0.0422,2e-06,6.17,0.782,False,0.6,True,0.14,0.081,False,none,0.292,0.708,True,0,0,0,0.7,2,2 واقعی + 2 پروکسی,758
2026-09-27 16:17:28,1790525848,ape-and-pepe,APEPE,Ape and Pepe,1.3e-06,274000885,11772294,-0.6736,7.3741,60.07,,0.0,0.0,False,0.86,6.98,0.4211,نگه‌داری,0.1578,,,0.614,False,0.9,False,0.1,,,,0.611,0.389,False,0,0,0,,,0 واقعی + 3 پروکسی,768
2026-09-27 16:17:28,1790525848,dogwifcoin,WIF,dogwifhat,0.247994,247689497,59012317,-2.1274,26.4376,61.75,,0.2453,0.2131,True,0.21,22.57,0.5044,نگه‌داری,0.0089,0.02008,8.09,0.84,False,0.8,True,0.04,0.274,False,none,0.513,0.487,True,0,0,0,0.7,2,2 واقعی + 2 پروکسی,760
2026-09-27 16:17:28,1790525848,artificial-inu-3,AI,Artificial Inu,0.209194,207672038,11553166,-19.3537,-16.9699,56.06,,0.0211,0.02,True,0.5,3.44,0.4978,نگه‌داری,0.0044,0.001082,5.15,0.756,False,0.6,True,0.143,-0.026,False,none,0.641,0.359,True,0,0,0,0.7,2,2 واقعی + 2 پروکسی,764
2026-09-27 16:17:28,1790525848,fartcoin,FARTCOIN,Fartcoin,0.194573,194398448,36151496,-1.7947,21.0051,55.47,,0.1934,0.165,True,0.44,16.37,0.5044,نگه‌داری,0.0089,0.016936,8.69,0.82,False,0.45,True,0.103,-0.122,False,none,0.604,0.396,True,0,0,0,0.7,2,2 واقعی + 2 پروکسی,761
2026-09-27 20:46:20,1790541980,shiba-inu,SHIB,Shiba Inu,5.91e-06,3485036890,82638699,1.5005,7.9668,60.83,,0.0,0.0,True,0.49,8.0,0.4811,نگه‌داری,0.0378,0.0,5.29,0.809,False,0.9,True,0.017,0.366,False,none,0.574,0.426,True,0,0,0,0.7,2,2 واقعی + 2 پروکسی,781
2026-09-27 20:46:20,1790541980,pump-fun,PUMP,Pump.fun,0.00502541,2338304856,264077999,15.6353,18.0936,59.18,,0.0043,0.0041,True,1.39,19.02,0.5511,خرید,0.1022,0.000463,9.2,1.138,False,0.8,True,0.06,0.17,False,none,0.771,0.229,True,0,0,0,0.7,2,2 واقعی + 2 پروکسی,772
2026-09-27 20:46:20,1790541980,pepe,PEPE,Pepe,4.37e-06,1840315538,206982550,2.218,10.0432,58.03,,0.0,0.0,True,0.36,9.66,0.4978,نگه‌داری,0.0044,0.0,7.95,0.729,False,0.9,True,0.023,0.306,False,none,0.456,0.544,True,0,0,0,0.5,1,2 واقعی + 2 پروکسی,779
2026-09-27 20:46:20,1790541980,pudgy-penguins,PENGU,Pudgy Penguins,0.01009138,634309850,230384273,3.8976,29.6415,63.08,,0.0098,0.0083,True,2.62,28.69,0.5744,خرید,0.1489,0.000801,7.92,0.884,False,0.8,True,0.03,0.124,False,none,0.748,0.252,True,0,0,0,0.7,2,2 واقعی + 2 پروکسی,771
2026-09-27 20:46:20,1790541980,official-trump,TRUMP,Official Trump,2.12,598293264,201031003,2.0029,3.6277,43.98,,2.1196,2.0604,True,1.21,2.66,0.5911,خرید,0.1822,0.170038,8.0,0.69,False,0.7,True,0.047,0.025,False,none,0.476,0.524,True,0,0,0,0.7,2,2 واقعی + 2 پروکسی,770
2026-09-27 20:46:20,1790541980,bianrensheng,币安人生,币安人生 (BinanceLife),0.494154,494075977,1907536,0.0822,-0.2519,49.92,,0.5039,0.4931,True,0.57,-0.78,0.4978,نگه‌داری,0.0044,0.020477,4.14,0.543,False,0.9,True,0.02,0.307,True,low_sweep,0.357,0.643,True,0,0,0,0.5,1,2 واقعی + 2 پروکسی,778
2026-09-27 20:46:20,1790541980,spx6900,SPX,SPX6900,0.448255,417338422,8205066,0.0646,-3.3279,42.69,,0.4665,0.4805,False,0.15,-3.41,0.4767,نگه‌داری,0.0467,0.046577,10.39,0.219,False,0.7,True,0.089,-0.026,False,none,0.454,0.546,True,0,0,0,0.3,2,2 واقعی + 2 پروکسی,783
2026-09-27 20:46:20,1790541980,bonk,BONK,Bonk,3.72e-06,327544787,47578401,3.9456,24.054,64.95,,0.0,0.0,True,0.53,24.09,0.5044,نگه‌داری,0.0089,0.0,7.73,0.877,False,0.8,True,0.054,0.1,False,none,0.372,0.628,True,0,0,0,0.7,2,2 واقعی + 2 پروکسی,775
2026-09-27 20:46:20,1790541980,useless-3,USELESS,Useless Coin,0.29383,293769503,30971554,6.5076,22.4787,62.21,,0.2966,0.2572,True,0.43,23.9,0.4933,نگه‌داری,0.0133,0.052053,17.66,0.74,False,0.8,True,0.098,0.157,False,none,0.268,0.732,True,0,0,0,0.7,2,2 واقعی + 2 پروکسی,780
2026-09-27 20:46:20,1790541980,ribbita-by-virtuals,TIBBIR,Ribbita by Virtuals,0.287642,287618921,2027190,4.3047,33.4686,57.55,,0.27,0.2301,True,0.93,26.04,0.5278,نگه‌داری,0.0556,0.042189,14.61,0.939,False,0.7,False,0.3,,False,none,0.406,0.594,False,0,0,0,,,0 واقعی + 4 پروکسی,773
2026-09-27 20:46:20,1790541980,floki,FLOKI,FLOKI,2.855e-05,275371683,20226451,0.6678,11.0726,58.43,,0.0,0.0,True,0.65,11.03,0.5211,نگه‌داری,0.0422,2e-06,6.16,0.789,False,0.8,True,0.07,0.136,False,none,0.431,0.569,True,0,0,0,0.7,2,2 واقعی + 2 پروکسی,774
2026-09-27 20:46:20,1790541980,dogwifcoin,WIF,dogwifhat,0.245359,245088503,54079809,1.6995,22.11,61.12,,0.245,0.213,True,0.26,21.43,0.5044,نگه‌داری,0.0089,0.02008,8.17,0.821,False,0.9,True,0.081,0.338,False,none,0.516,0.484,True,0,0,0,0.7,2,2 واقعی + 2 پروکسی,776
2026-09-27 20:46:20,1790541980,artificial-inu-3,AI,Artificial Inu,0.220257,218365769,13118316,-12.4318,-11.9306,59.29,,0.0211,0.0201,True,0.6,5.36,0.4811,نگه‌داری,0.0378,0.001082,5.06,0.842,False,0.55,True,0.047,-0.229,False,none,0.648,0.352,True,0,0,0,0.7,2,2 واقعی + 2 پروکسی,782
2026-09-27 20:46:20,1790541980,fartcoin,FARTCOIN,Fartcoin,0.196295,196268019,35430148,3.8828,18.5439,56.0,,0.1936,0.1651,True,0.55,17.26,0.5044,نگه‌داری,0.0089,0.016936,8.63,0.834,False,0.3,True,0.153,-0.571,False,none,0.528,0.472,True,0,0,0,0.7,2,2 واقعی + 2 پروکسی,777
2026-09-28 03:14:36,1790565276,shiba-inu,SHIB,Shiba Inu,5.76e-06,3397392748,92237194,-1.6842,5.6062,57.92,,0.0,0.0,True,0.19,-4.71,0.4744,نگه‌داری,0.0511,0.0,5.3,0.686,False,0.9,True,0.035,0.332,False,none,0.496,0.504,True,0,0,0,0.7,2,2 واقعی + 2 پروکسی,789
2026-09-28 03:14:36,1790565276,memecore,M,MemeCore,1.19,2707895900,1326541,-3.3398,-21.1215,49.11,,1.2206,1.2346,False,0.82,-17.67,0.4311,نگه‌داری,0.1378,,,0.398,False,0.7,False,0.3,,,,0.453,0.547,False,0,0,0,,,0 واقعی + 3 پروکسی,796
2026-09-28 03:14:36,1790565276,pump-fun,PUMP,Pump.fun,0.0051352,2397543799,356427090,16.9479,22.2012,62.91,,0.0045,0.0041,True,0.23,16.97,0.5044,نگه‌داری,0.0089,0.000446,8.7,1.056,False,0.8,True,0.059,0.234,True,high_sweep,0.287,0.713,True,0,0,0,0.7,2,2 واقعی + 2 پروکسی,786
2026-09-28 03:14:36,1790565276,pepe,PEPE,Pepe,4.26e-06,1790954795,239633454,-2.1551,6.3346,56.99,,0.0,0.0,True,0.22,-10.59,0.4511,نگه‌داری,0.0978,0.0,7.79,0.657,False,0.8,True,0.047,0.183,False,none,0.565,0.435,True,0,0,0,0.5,1,2 واقعی + 2 پروکسی,795
2026-09-28 03:14:36,1790565276,pudgy-penguins,PENGU,Pudgy Penguins,0.00999708,629049148,269584056,2.0767,26.6861,62.42,,0.01,0.0083,True,0.31,13.82,0.5044,نگه‌داری,0.0089,0.000775,7.75,0.822,False,0.7,True,0.06,-0.092,False,none,0.083,0.917,True,0,0,0,0.7,2,2 واقعی + 2 پروکسی,787
2026-09-28 03:14:36,1790565276,official-trump,TRUMP,Official Trump,2.07,583677557,221397415,-1.3612,0.9707,45.61,,2.1026,2.0491,True,0.12,-5.44,0.5144,نگه‌داری,0.0289,0.158692,7.67,0.575,False,0.8,True,0.048,0.129,False,none,0.469,0.531,True,0,0,0,0.7,2,2 واقعی + 2 پروکسی,785
2026-09-28 03:14:36,1790565276,spx6900,SPX,SPX6900,0.430077,400945413,8115050,-3.6289,-8.9978,40.36,,0.4545,0.4747,False,0.03,-15.7,0.47,نگه‌داری,0.06,0.044742,10.43,0.074,False,0.6,True,0.14,-0.032,False,none,0.485,0.515,True,0,0,0,0.3,2,2 واقعی + 2 پروکسی,793
2026-09-28 03:14:36,1790565276,bonk,BONK,Bonk,3.61e-06,317649993,55462707,-0.4711,20.5903,61.72,,0.0,0.0,True,0.14,6.43,0.4978,نگه‌داری,0.0044,0.0,7.9,0.767,False,0.8,True,0.084,0.207,False,none,0.576,0.424,True,0,0,0,0.5,1,2 واقعی + 2 پروکسی,788
2026-09-28 03:14:36,1790565276,floki,FLOKI,FLOKI,2.798e-05,269955952,23129009,-2.5692,8.763,57.46,,0.0,0.0,True,0.08,-3.72,0.4744,نگه‌داری,0.0511,2e-06,6.12,0.696,False,0.8,True,0.107,0.309,False,none,0.608,0.392,True,0,0,0,0.5,1,2 واقعی + 2 پروکسی,790
2026-09-28 03:14:36,1790565276,useless-3,USELESS,Useless Coin,0.266566,266683446,23359583,-6.8595,12.4834,58.3,,0.2937,0.2585,True,0.23,-4.27,0.4633,نگه‌داری,0.0733,0.051088,19.13,0.566,False,0.8,True,0.113,0.447,False,none,0.609,0.391,True,0,0,0,0.5,1,2 واقعی + 2 پروکسی,794
2026-09-28 03:14:36,1790565276,binance-peg-dogecoin,DOGE,Binance-Peg Dogecoin,0.094937,243438056,1174556,-1.2427,8.2618,58.16,,0.0966,0.0893,True,0.09,-4.97,0.4744,نگه‌داری,0.0511,0.005504,5.8,0.706,False,0.7,True,0.011,-0.016,False,none,0.524,0.476,True,0,0,0,0.5,1,2 واقعی + 2 پروکسی,791
2026-09-28 03:14:36,1790565276,dogwifcoin,WIF,dogwifhat,0.23842,238289006,61796785,-1.6781,18.1211,59.29,,0.2438,0.2139,True,0.19,-2.94,0.4744,نگه‌داری,0.0511,0.019176,8.05,0.729,False,0.8,True,0.084,0.239,False,none,0.491,0.509,True,0,0,0,0.7,2,2 واقعی + 2 پروکسی,792
2026-09-28 12:44:39,1790599479,shiba-inu,SHIB,Shiba Inu,5.73e-06,3373828721,100408126,-4.5206,-0.7196,56.78,,0.0,0.0,True,0.59,-5.42,0.4744,نگه‌داری,0.0511,0.0,5.55,0.659,False,0.8,True,0.017,0.246,False,none,0.505,0.495,True,0,0,0,0.5,1,2 واقعی + 2 پروکسی,802
2026-09-28 12:44:39,1790599479,memecore,M,MemeCore,1.17,2663260791,1738915,-3.0482,-22.6249,47.44,,1.2177,1.2337,False,1.07,-19.06,0.4311,نگه‌داری,0.1378,,,0.357,False,0.7,False,0.3,,,,0.457,0.543,False,0,0,0,,,0 واقعی + 3 پروکسی,809
2026-09-28 12:44:39,1790599479,pump-fun,PUMP,Pump.fun,0.00520233,2422248780,514511450,14.0673,13.4713,64.35,,0.0045,0.0041,True,1.2,19.32,0.5511,خرید,0.1022,0.00047,9.0,1.094,False,0.7,True,0.077,-0.066,False,none,0.327,0.673,True,0,0,0,0.7,2,2 واقعی + 2 پروکسی,798
2026-09-28 12:44:39,1790599479,pepe,PEPE,Pepe,4.26e-06,1793575346,297562030,-4.3393,0.6897,57.33,,0.0,0.0,True,0.57,-10.3,0.4511,نگه‌داری,0.0978,0.0,7.96,0.663,False,0.8,True,0.023,0.108,True,low_sweep,0.475,0.525,True,0,0,0,0.5,1,2 واقعی + 2 پروکسی,808
2026-09-28 12:44:39,1790599479,pudgy-penguins,PENGU,Pudgy Penguins,0.0099023,622400738,274755644,-8.0307,15.4301,61.34,,0.01,0.0083,True,0.78,12.86,0.5044,نگه‌داری,0.0089,0.000816,8.23,0.807,False,0.7,True,0.071,-0.082,True,low_sweep,0.425,0.575,True,0,0,0,0.5,1,2 واقعی + 2 پروکسی,800
2026-09-28 12:44:39,1790599479,official-trump,TRUMP,Official Trump,2.03,573380940,257716989,-5.4849,-7.4865,44.2,,2.0977,2.0475,True,0.38,-7.0,0.5378,نگه‌داری,0.0756,0.165192,8.12,0.488,False,0.7,True,0.098,0.033,False,none,0.445,0.555,True,0,0,0,0.5,1,2 واقعی + 2 پروکسی,799
2026-09-28 12:44:39,1790599479,spx6900,SPX,SPX6900,0.426463,397045363,9898028,-6.74,-16.979,40.12,,0.4543,0.4746,False,0.38,-16.09,0.47,نگه‌داری,0.06,0.046735,10.94,0.058,False,0.45,True,0.117,-0.118,True,low_sweep,0.301,0.699,True,0,0,0,0.3,2,2 واقعی + 2 پروکسی,806
2026-09-28 12:44:39,1790599479,bonk,BONK,Bonk,3.52e-06,310027898,64842249,-5.4389,6.1652,59.48,,0.0,0.0,True,0.47,4.33,0.4978,نگه‌داری,0.0044,0.0,8.4,0.73,False,0.55,True,0.057,-0.145,False,none,0.506,0.494,True,0,0,0,0.5,1,2 واقعی + 2 پروکسی,801
2026-09-28 12:44:39,1790599479,floki,FLOKI,FLOKI,2.768e-05,266903646,25038505,-4.7082,0.8154,56.34,,0.0,0.0,True,0.33,-4.55,0.4744,نگه‌داری,0.0511,2e-06,6.46,0.67,False,0.6,True,0.108,0.048,False,none,0.242,0.758,True,0,0,0,0.5,1,2 واقعی + 2 پروکسی,803
2026-09-28 12:44:39,1790599479,useless-3,USELESS,Useless Coin,0.25713,257094614,37857742,-13.9325,-11.7338,56.86,,0.2923,0.258,True,0.66,-7.6,0.4633,نگه‌داری,0.0733,0.052422,20.34,0.507,False,0.8,True,0.105,0.336,False,none,0.501,0.499,True,0,0,0,0.5,1,2 واقعی + 2 پروکسی,807
2026-09-28 12:44:39,1790599479,binance-peg-dogecoin,DOGE,Binance-Peg Dogecoin,0.093564,239906930,1539108,-5.1764,0.8359,56.86,,0.0965,0.0893,True,0.29,-5.82,0.4744,نگه‌داری,0.0511,0.005679,6.04,0.677,False,0.7,True,0.011,-0.037,False,none,0.366,0.634,True,0,0,0,0.5,1,2 واقعی + 2 پروکسی,804
2026-09-28 12:44:39,1790599479,dogwifcoin,WIF,dogwifhat,0.233905,233624471,71612258,-6.8481,7.4608,57.42,,0.2431,0.2137,True,0.66,-4.69,0.4744,نگه‌داری,0.0511,0.019969,8.54,0.692,False,0.8,True,0.043,0.268,True,low_sweep,0.496,0.504,True,0,0,0,0.5,1,2 واقعی + 2 پروکسی,805
2026-09-28 22:54:26,1790636066,shiba-inu,SHIB,Shiba Inu,5.64e-06,3326025942,110424318,-3.7851,-5.6544,54.88,,0.0,0.0,True,1.08,-6.68,0.5211,نگه‌داری,0.0422,0.0,5.66,0.61,False,0.8,True,0.018,0.159,False,none,0.493,0.507,True,0,0,0,0.5,1,2 واقعی + 2 پروکسی,814
2026-09-28 22:54:26,1790636066,memecore,M,MemeCore,1.17,2659511616,1752490,-0.6065,-21.6336,47.32,,1.2175,1.2336,False,1.08,-19.16,0.4311,نگه‌داری,0.1378,,,0.354,False,0.7,False,0.3,,,,0.457,0.543,False,0,0,0,,,0 واقعی + 3 پروکسی,822
2026-09-28 22:54:26,1790636066,pump-fun,PUMP,Pump.fun,0.00481166,2237112901,517062894,-4.1589,14.0111,57.55,,0.0044,0.0041,True,2.47,10.14,0.5744,خرید,0.1489,0.00049,10.15,0.93,False,0.7,True,0.062,0.057,True,high_sweep,0.393,0.607,True,0,0,0,0.7,2,2 واقعی + 2 پروکسی,811
2026-09-28 22:54:26,1790636066,pepe,PEPE,Pepe,4.17e-06,1753627967,340405884,-3.4851,-15.5407,54.97,,0.0,0.0,True,1.08,-12.44,0.4978,نگه‌داری,0.0044,0.0,8.19,0.618,False,0.7,True,0.024,0.045,False,none,0.624,0.376,True,0,0,0,0.5,1,2 واقعی + 2 پروکسی,818
2026-09-28 22:54:26,1790636066,pudgy-penguins,PENGU,Pudgy Penguins,0.00930322,584856574,257876229,-7.2679,6.6204,54.5,,0.0099,0.0083,True,1.6,5.86,0.5678,خرید,0.1356,0.000831,8.94,0.697,False,0.8,True,0.075,0.135,False,none,0.578,0.422,True,0,0,0,0.5,1,2 واقعی + 2 پروکسی,812
2026-09-28 22:54:26,1790636066,official-trump,TRUMP,Official Trump,1.99,561563594,275348796,-4.86,-9.3286,42.68,,2.0921,2.0457,True,0.67,-8.78,0.5544,خرید,0.1089,0.166907,8.37,0.388,False,0.7,True,0.1,0.111,False,none,0.513,0.487,True,0,0,0,0.5,1,2 واقعی + 2 پروکسی,813
2026-09-28 22:54:26,1790636066,spx6900,SPX,SPX6900,0.41414,385591298,10024127,-5.4207,-18.3659,38.66,,0.4525,0.474,False,0.51,-18.51,0.47,نگه‌داری,0.06,0.046735,11.27,-0.031,False,0.7,True,0.096,0.007,False,none,0.38,0.62,True,0,0,0,0.3,2,2 واقعی + 2 پروکسی,821
2026-09-28 22:54:26,1790636066,bonk,BONK,Bonk,3.46e-06,304054034,63543464,-6.0928,1.6391,57.59,,0.0,0.0,True,0.68,2.43,0.4978,نگه‌داری,0.0044,0.0,8.63,0.696,False,0.7,True,0.058,0.031,True,low_sweep,0.705,0.295,True,0,0,0,0.5,1,2 واقعی + 2 پروکسی,819
2026-09-28 22:54:26,1790636066,floki,FLOKI,FLOKI,2.68e-05,258491687,26804887,-5.0308,-6.7894,52.52,,0.0,0.0,True,0.75,-7.66,0.5144,نگه‌داری,0.0289,2e-06,6.73,0.571,False,0.45,True,0.149,-0.285,True,low_sweep,0.714,0.286,True,0,0,0,0.5,1,2 واقعی + 2 پروکسی,816
2026-09-28 22:54:26,1790636066,binance-peg-dogecoin,DOGE,Binance-Peg Dogecoin,0.093181,239013677,6774442,-2.3739,-6.5414,56.04,,0.0964,0.0892,True,0.48,-6.38,0.4744,نگه‌داری,0.0511,0.005725,6.13,0.657,False,0.8,True,0.011,0.117,False,none,0.595,0.405,True,0,0,0,0.5,1,2 واقعی + 2 پروکسی,820
2026-09-28 22:54:26,1790636066,useless-3,USELESS,Useless Coin,0.23662,236503068,38857056,-16.4472,-21.0988,53.89,,0.2894,0.2571,True,0.97,-15.08,0.5033,نگه‌داری,0.0067,0.053431,22.56,0.373,False,0.7,True,0.042,-0.018,False,none,0.885,0.115,True,0,0,0,0.5,1,2 واقعی + 2 پروکسی,817
2026-09-28 22:54:26,1790636066,dogwifcoin,WIF,dogwifhat,0.231207,230926341,82475446,-4.1989,-3.566,56.51,,0.2428,0.2136,True,1.21,-5.58,0.5211,نگه‌داری,0.0422,0.020198,8.72,0.672,False,0.8,True,0.043,0.29,True,low_sweep,0.518,0.482,True,0,0,0,0.5,1,2 واقعی + 2 پروکسی,815
2026-09-30 03:40:37,1790739637,shiba-inu,SHIB,Shiba Inu,5.74e-06,3379816553,100955302,2.6904,-5.3291,56.0,,0.0,0.0,True,0.11,2.04,0.4978,نگه‌داری,0.0044,0.0,5.44,0.649,False,0.9,True,0.017,0.46,False,none,0.502,0.498,True,0,0,0,0.5,1,2 واقعی + 2 پروکسی,826
2026-09-30 03:40:37,1790739637,pump-fun,PUMP,Pump.fun,0.00569353,2649026736,513348510,18.9357,34.3218,65.3,,0.0049,0.0042,True,0.16,42.55,0.5356,نگه‌داری,0.0711,0.000537,9.4,1.038,False,0.8,True,0.052,0.233,False,none,0.287,0.713,True,0,0,0,0.7,2,2 واقعی + 2 پروکسی,825
2026-09-30 03:40:37,1790739637,memecore,M,MemeCore,1.041,2374439378,1100715,-6.4847,-19.5884,39.26,,1.1475,1.215,False,0.71,-15.16,0.4478,نگه‌داری,0.1044,,,0.159,False,0.7,False,0.3,,,,0.397,0.603,False,0,0,0,,,0 واقعی + 3 پروکسی,835
2026-09-30 03:40:37,1790739637,pepe,PEPE,Pepe,4.26e-06,1791523064,269590258,1.9102,-12.1086,56.65,,0.0,0.0,True,0.06,-1.18,0.4744,نگه‌داری,0.0511,0.0,7.59,0.632,False,0.7,True,0.023,0.081,False,none,0.58,0.42,True,0,0,0,0.5,1,2 واقعی + 2 پروکسی,834
2026-09-30 03:40:37,1790739637,pudgy-penguins,PENGU,Pudgy Penguins,0.00982128,617361208,216834653,6.8494,-0.4555,58.95,,0.0099,0.0085,True,0.12,1.45,0.4978,نگه‌داری,0.0044,0.00083,8.39,0.753,False,0.7,True,0.081,0.089,False,none,0.551,0.449,True,0,0,0,0.5,1,2 واقعی + 2 پروکسی,827
2026-09-30 03:40:37,1790739637,official-trump,TRUMP,Official Trump,2.05,577929439,225459086,4.2544,-6.0413,46.42,,2.0771,2.0385,True,0.07,4.98,0.5378,نگه‌داری,0.0756,0.160678,7.78,0.557,False,0.7,True,0.048,-0.068,False,none,0.41,0.59,True,0,0,0,0.5,1,2 واقعی + 2 پروکسی,824
2026-09-30 03:40:37,1790739637,spx6900,SPX,SPX6900,0.421243,392132487,6785660,4.1243,-19.1947,38.38,,0.437,0.4661,False,0.02,-1.63,0.4933,نگه‌داری,0.0133,0.042988,10.15,0.154,False,0.45,True,0.142,-0.105,False,none,0.475,0.525,True,0,0,0,0.3,2,2 واقعی + 2 پروکسی,831
2026-09-30 03:40:37,1790739637,bonk,BONK,Bonk,3.75e-06,329670508,95319840,8.8158,2.6587,62.75,,0.0,0.0,True,0.12,7.28,0.4811,نگه‌داری,0.0378,0.0,8.1,0.815,False,0.7,True,0.053,0.018,False,none,0.598,0.402,True,0,0,0,0.7,2,2 واقعی + 2 پروکسی,832
2026-09-30 03:40:37,1790739637,floki,FLOKI,FLOKI,2.752e-05,265267270,22963239,3.6801,-7.6631,55.7,,0.0,0.0,True,0.08,1.58,0.4978,نگه‌داری,0.0044,2e-06,6.33,0.637,False,0.6,True,0.145,0.022,False,none,0.428,0.572,True,0,0,0,0.5,1,2 واقعی + 2 پروکسی,828
2026-09-30 03:40:37,1790739637,binance-peg-dogecoin,DOGE,Binance-Peg Dogecoin,0.093667,240298114,2222247,0.26,-7.3148,56.44,,0.0957,0.0898,True,0.04,1.02,0.4978,نگه‌داری,0.0044,0.005412,5.78,0.632,False,0.7,True,0.011,-0.093,False,none,0.371,0.629,True,0,0,0,0.5,1,2 واقعی + 2 پروکسی,829
2026-09-30 03:40:37,1790739637,dogwifcoin,WIF,dogwifhat,0.240512,240043658,74167341,3.9823,-2.778,59.49,,0.2423,0.2169,True,0.26,3.55,0.4978,نگه‌داری,0.0044,0.019508,8.06,0.723,False,0.8,True,0.083,0.151,False,none,0.506,0.494,True,0,0,0,0.5,1,2 واقعی + 2 پروکسی,830
2026-09-30 03:40:37,1790739637,useless-3,USELESS,Useless Coin,0.237561,237409756,44472419,2.3194,-29.6442,52.94,,0.2665,0.2556,True,0.07,-18.49,0.48,نگه‌داری,0.04,0.050141,20.97,0.379,False,0.6,True,0.109,-0.093,False,none,0.541,0.459,True,0,0,0,0.5,1,2 واقعی + 2 پروکسی,833
2026-09-30 11:49:56,1790768996,shiba-inu,SHIB,Shiba Inu,5.85e-06,3446643624,98079454,0.4828,-4.2137,57.8,,0.0,0.0,True,0.34,3.56,0.4978,نگه‌داری,0.0044,0.0,5.41,0.705,False,0.9,True,0.017,0.38,False,none,0.489,0.511,True,0,0,0,0.7,2,2 واقعی + 2 پروکسی,844
2026-09-30 11:49:56,1790768996,pump-fun,PUMP,Pump.fun,0.00575769,2679009465,485535601,5.7608,32.9917,65.72,,0.0049,0.0042,True,0.38,43.2,0.5356,نگه‌داری,0.0711,0.00054,9.41,1.045,False,0.7,True,0.07,-0.02,False,none,0.413,0.587,True,0,0,0,0.7,2,2 واقعی + 2 پروکسی,840
2026-09-30 11:49:56,1790768996,memecore,M,MemeCore,1.043,2379854900,1216117,-1.5856,-18.4401,39.36,,1.1476,1.2151,False,0.78,-15.07,0.4478,نگه‌داری,0.1044,,,0.161,False,0.7,False,0.3,,,,0.399,0.601,False,0,0,0,,,0 واقعی + 3 پروکسی,849
2026-09-30 11:49:56,1790768996,pepe,PEPE,Pepe,4.35e-06,1830893854,276327930,1.2642,-10.6334,58.17,,0.0,0.0,True,0.26,0.65,0.4978,نگه‌داری,0.0044,0.0,7.54,0.669,False,0.7,True,0.023,0.026,False,none,0.703,0.297,True,0,0,0,0.7,2,2 واقعی + 2 پروکسی,845
2026-09-30 11:49:56,1790768996,pudgy-penguins,PENGU,Pudgy Penguins,0.01012254,636356640,236300375,4.0479,-6.0963,60.58,,0.01,0.0085,True,0.44,3.23,0.4978,نگه‌داری,0.0044,0.000842,8.37,0.783,False,0.6,True,0.159,0.065,False,none,0.672,0.328,True,0,0,0,0.7,2,2 واقعی + 2 پروکسی,846
2026-09-30 11:49:56,1790768996,official-trump,TRUMP,Official Trump,2.07,582230729,230293772,1.5664,-6.208,46.53,,2.0774,2.0386,True,0.21,5.09,0.5378,نگه‌داری,0.0756,0.161321,7.81,0.563,False,0.7,True,0.048,0.062,False,none,0.483,0.517,True,0,0,0,0.5,1,2 واقعی + 2 پروکسی,838
2026-09-30 11:49:56,1790768996,spx6900,SPX,SPX6900,0.42772,398173885,7641877,2.6191,-13.8396,39.13,,0.4375,0.4663,False,0.21,-0.74,0.4933,نگه‌داری,0.0133,0.043409,10.16,0.181,False,0.7,True,0.07,0.036,False,none,0.637,0.363,True,0,0,0,0.3,2,2 واقعی + 2 پروکسی,847
2026-09-30 11:49:56,1790768996,bonk,BONK,Bonk,3.92e-06,344805243,119806373,6.7899,-1.7146,65.14,,0.0,0.0,True,0.55,11.15,0.5044,نگه‌داری,0.0089,0.0,8.24,0.88,False,0.45,True,0.103,-0.108,True,high_sweep,0.38,0.62,True,0,0,0,0.7,2,2 واقعی + 2 پروکسی,841
2026-09-30 11:49:56,1790768996,dogwifcoin,WIF,dogwifhat,0.256547,256213671,102633729,6.6799,2.4032,63.11,,0.2441,0.2175,True,0.91,8.78,0.5044,نگه‌داری,0.0089,0.020137,7.92,0.824,False,0.9,True,0.079,0.313,False,none,0.468,0.532,True,0,0,0,0.7,2,2 واقعی + 2 پروکسی,842
2026-09-30 11:49:56,1790768996,binance-peg-dogecoin,DOGE,Binance-Peg Dogecoin,0.096159,246978960,2019060,1.0816,-4.9492,59.13,,0.096,0.0899,True,1.52,3.34,0.5444,نگه‌داری,0.0889,0.005588,5.83,0.707,False,0.4,True,0.01,-0.604,False,none,0.525,0.475,True,0,0,0,0.5,1,2 واقعی + 2 پروکسی,837
2026-09-30 11:49:56,1790768996,useless-3,USELESS,Useless Coin,0.239251,239188658,40452497,-0.0146,-25.3291,52.67,,0.2662,0.2555,True,0.24,-19.09,0.48,نگه‌داری,0.04,0.050417,21.24,0.368,False,0.7,True,0.122,0.255,False,none,0.063,0.937,True,0,0,0,0.5,1,2 واقعی + 2 پروکسی,848
2026-09-30 11:49:56,1790768996,artificial-inu-3,AI,Artificial Inu,0.187539,185893049,47611581,-11.3183,-31.6498,52.34,,0.0208,0.0201,True,0.2,2.71,0.5378,نگه‌داری,0.0756,0.001069,5.22,0.587,False,0.7,True,0.098,0.093,False,none,0.231,0.769,True,0,0,0,0.5,1,2 واقعی + 2 پروکسی,839
2026-09-30 11:49:56,1790768996,fartcoin,FARTCOIN,Fartcoin,0.180131,180172288,40503372,0.973,-10.6386,51.79,,0.185,0.1671,True,0.15,-2.44,0.4978,نگه‌داری,0.0044,0.017515,9.74,0.626,False,0.7,True,0.056,-0.031,False,none,0.829,0.171,True,0,0,0,0.5,1,2 واقعی + 2 پروکسی,843
2026-09-30 17:30:28,1790789428,shiba-inu,SHIB,Shiba Inu,5.77e-06,3402807531,92909310,1.2883,4.5264,56.71,,0.0,0.0,True,0.59,2.62,0.4978,نگه‌داری,0.0044,0.0,5.62,0.67,False,0.7,True,0.017,0.018,False,none,0.615,0.385,True,0,0,0,0.7,2,2 واقعی + 2 پروکسی,859
2026-09-30 17:30:28,1790789428,pump-fun,PUMP,Pump.fun,0.00587914,2736682552,449819226,4.2566,46.7172,68.43,,0.0049,0.0043,True,0.81,47.67,0.5589,خرید,0.1178,0.000554,9.37,1.091,False,0.8,True,0.068,0.102,False,none,0.633,0.367,True,0,0,0,0.7,2,2 واقعی + 2 پروکسی,851
2026-09-30 17:30:28,1790789428,memecore,M,MemeCore,1.037,2365050529,1423426,0.2911,-14.9676,38.89,,1.1469,1.2148,False,0.93,-15.49,0.4711,نگه‌داری,0.0578,,,0.152,False,0.7,False,0.3,,,,0.402,0.598,False,0,0,0,,,0 واقعی + 3 پروکسی,862
2026-09-30 17:30:28,1790789428,pepe,PEPE,Pepe,4.34e-06,1827181845,322005846,3.7016,-0.2284,58.11,,0.0,0.0,True,0.76,0.58,0.4978,نگه‌داری,0.0044,0.0,7.76,0.667,False,0.8,True,0.023,0.113,False,none,0.379,0.621,True,0,0,0,0.7,2,2 واقعی + 2 پروکسی,860
2026-09-30 17:30:28,1790789428,pudgy-penguins,PENGU,Pudgy Penguins,0.00989809,622500831,238506014,3.1245,4.2752,59.56,,0.0099,0.0085,True,0.77,1.99,0.4978,نگه‌داری,0.0044,0.000863,8.68,0.762,False,0.7,True,0.03,-0.06,False,none,0.547,0.453,True,0,0,0,0.7,2,2 واقعی + 2 پروکسی,861
2026-09-30 17:30:28,1790789428,official-trump,TRUMP,Official Trump,2.05,577662189,218519521,1.6941,5.5492,45.93,,2.0759,2.038,True,0.35,4.53,0.5378,نگه‌داری,0.0756,0.163463,7.95,0.534,False,0.7,True,0.049,-0.026,False,none,0.378,0.622,True,0,0,0,0.7,2,2 واقعی + 2 پروکسی,853
2026-09-30 17:30:28,1790789428,spx6900,SPX,SPX6900,0.440239,410265835,10797490,8.0574,-1.3111,41.99,,0.4397,0.467,False,0.46,2.81,0.5,نگه‌داری,0.0,0.044966,10.16,0.296,False,0.7,True,0.113,0.207,False,none,0.675,0.325,True,0,0,0,0.5,1,2 واقعی + 2 پروکسی,857
2026-09-30 17:30:28,1790789428,bonk,BONK,Bonk,3.83e-06,337386919,93103100,7.058,11.8233,64.11,,0.0,0.0,True,0.83,9.41,0.5044,نگه‌داری,0.0089,0.0,8.37,0.851,False,0.8,True,0.052,0.139,True,high_sweep,0.354,0.646,True,0,0,0,0.7,2,2 واقعی + 2 پروکسی,856
2026-09-30 17:30:28,1790789428,dogwifcoin,WIF,dogwifhat,0.250161,250167944,115326886,7.7873,12.7308,62.45,,0.2437,0.2173,True,1.44,7.75,0.5278,نگه‌داری,0.0556,0.020501,8.14,0.805,False,0.8,True,0.079,0.174,False,none,0.51,0.49,True,0,0,0,0.7,2,2 واقعی + 2 پروکسی,855
2026-09-30 17:30:28,1790789428,useless-3,USELESS,Useless Coin,0.247042,247235061,38136527,5.8628,-13.494,54.31,,0.268,0.2561,True,0.68,-14.89,0.4633,نگه‌داری,0.0733,0.051265,20.53,0.447,False,0.8,True,0.169,0.353,False,none,0.151,0.849,True,0,0,0,0.5,1,2 واقعی + 2 پروکسی,863
2026-09-30 17:30:28,1790789428,binance-peg-dogecoin,DOGE,Binance-Peg Dogecoin,0.094629,242664984,1569811,1.2773,2.4311,57.96,,0.0959,0.0899,True,1.82,2.28,0.5444,نگه‌داری,0.0889,0.005697,6.01,0.673,False,0.7,True,0.011,-0.026,False,none,0.589,0.411,True,0,0,0,0.5,1,2 واقعی + 2 پروکسی,852
2026-09-30 17:30:28,1790789428,fartcoin,FARTCOIN,Fartcoin,0.178912,178949590,38552241,2.4295,-2.1011,51.79,,0.185,0.1671,True,0.41,-2.44,0.4978,نگه‌داری,0.0044,0.017758,9.87,0.626,False,0.6,True,0.111,0.044,False,none,0.428,0.572,True,0,0,0,0.7,2,2 واقعی + 2 پروکسی,858
2026-09-30 17:30:28,1790789428,non-playable-coin,NPC,Non-Playable Coin,0.02171022,174842175,3473003,-1.4687,-5.4656,53.39,,0.0224,0.022,True,1.18,-5.11,0.5378,نگه‌داری,0.0756,0.002629,12.09,0.417,False,0.7,True,0.046,-0.043,True,low_sweep,0.529,0.471,True,0,0,0,0.5,1,2 واقعی + 2 پروکسی,854
2026-09-30 21:49:27,1790804967,shiba-inu,SHIB,Shiba Inu,5.74e-06,3384219616,91429873,-0.0852,2.6463,55.66,,0.0,0.0,True,0.66,1.81,0.4978,نگه‌داری,0.0044,0.0,5.7,0.64,False,0.7,True,0.017,0.066,False,none,0.498,0.502,True,0,0,0,0.7,2,2 واقعی + 2 پروکسی,876
2026-09-30 21:49:27,1790804967,pump-fun,PUMP,Pump.fun,0.00589462,2742865168,413264010,1.9078,45.7495,68.29,,0.0049,0.0043,True,0.93,47.22,0.5589,خرید,0.1178,0.000554,9.4,1.086,False,0.7,True,0.051,0.011,False,none,0.324,0.676,True,0,0,0,0.7,2,2 واقعی + 2 پروکسی,865
2026-09-30 21:49:27,1790804967,memecore,M,MemeCore,1.019,2320249527,1966435,-1.9768,-18.5821,37.5,,1.1442,1.2139,False,1.26,-17.04,0.4889,نگه‌داری,0.0222,0.154198,15.13,0.121,False,0.7,False,0.3,,False,none,0.368,0.632,False,0,0,0,,,0 واقعی + 4 پروکسی,877
2026-09-30 21:49:27,1790804967,pepe,PEPE,Pepe,4.29e-06,1804596005,333945257,0.9222,-1.8378,56.92,,0.0,0.0,True,0.87,-0.85,0.4978,نگه‌داری,0.0044,0.0,7.88,0.639,False,0.8,True,0.023,0.137,False,none,0.478,0.522,True,0,0,0,0.7,2,2 واقعی + 2 پروکسی,874
2026-09-30 21:49:27,1790804967,pudgy-penguins,PENGU,Pudgy Penguins,0.00962414,605011218,233491582,-2.7676,0.1771,56.17,,0.0099,0.0085,True,0.96,-1.2,0.4978,نگه‌داری,0.0044,0.000873,9.07,0.708,False,0.7,True,0.01,0.086,False,none,0.412,0.588,True,0,0,0,0.7,2,2 واقعی + 2 پروکسی,875
2026-09-30 21:49:27,1790804967,official-trump,TRUMP,Official Trump,2.05,577765951,222836562,0.7633,3.8695,45.6,,2.075,2.0378,True,0.44,4.22,0.5378,نگه‌داری,0.0756,0.163463,7.98,0.518,False,0.7,True,0.049,-0.086,False,none,0.497,0.503,True,0,0,0,0.7,2,2 واقعی + 2 پروکسی,868
2026-09-30 21:49:27,1790804967,bianrensheng,币安人生,币安人生 (BinanceLife),0.503049,503073356,2681787,1.0883,1.9129,52.53,,0.5009,0.4928,True,0.79,1.69,0.4989,نگه‌داری,0.0022,,,0.646,False,0.7,True,0.099,-0.03,,,0.469,0.531,True,0,0,0,0.7,2,2 واقعی + 1 پروکسی,873
2026-09-30 21:49:27,1790804967,spx6900,SPX,SPX6900,0.437026,407096705,11115740,5.2819,0.1922,41.16,,0.439,0.4668,False,0.48,1.74,0.5,نگه‌داری,0.0,0.044966,10.26,0.26,False,0.6,True,0.16,0.044,False,none,0.602,0.398,True,0,0,0,0.5,1,2 واقعی + 2 پروکسی,872
2026-09-30 21:49:27,1790804967,bonk,BONK,Bonk,3.75e-06,330111688,87850080,3.6092,6.7256,62.39,,0.0,0.0,True,0.97,6.74,0.5044,نگه‌داری,0.0089,0.0,8.58,0.805,False,0.7,True,0.053,0.019,True,high_sweep,0.676,0.324,True,0,0,0,0.7,2,2 واقعی + 2 پروکسی,871
2026-09-30 21:49:27,1790804967,dogwifcoin,WIF,dogwifhat,0.246946,246773417,121174731,2.5933,7.0339,61.12,,0.2431,0.2171,True,1.79,5.78,0.5444,نگه‌داری,0.0889,0.020501,8.3,0.767,False,0.7,True,0.081,0.052,False,none,0.5,0.5,True,0,0,0,0.7,2,2 واقعی + 2 پروکسی,866
2026-09-30 21:49:27,1790804967,binance-peg-dogecoin,DOGE,Binance-Peg Dogecoin,0.094114,241306752,1789824,-0.2251,2.2809,57.34,,0.0958,0.0898,True,1.86,1.73,0.5444,نگه‌داری,0.0889,0.005697,6.04,0.655,False,0.55,True,0.011,-0.122,False,none,0.555,0.445,True,0,0,0,0.5,1,2 واقعی + 2 پروکسی,867
2026-09-30 21:49:27,1790804967,useless-3,USELESS,Useless Coin,0.236642,236518583,31816298,-0.7813,-21.0837,52.63,,0.2662,0.2555,True,0.78,-19.18,0.48,نگه‌داری,0.04,0.051265,21.62,0.366,False,0.55,True,0.085,-0.214,False,none,0.868,0.132,True,0,0,0,0.5,1,2 واقعی + 2 پروکسی,878
2026-09-30 21:49:27,1790804967,artificial-inu-3,AI,Artificial Inu,0.180651,179101625,34870308,-1.9526,-28.7351,50.88,,0.0208,0.0201,True,0.23,1.71,0.5378,نگه‌داری,0.0756,0.001069,5.27,0.538,False,0.55,True,0.099,-0.143,False,none,0.164,0.836,True,0,0,0,0.5,1,2 واقعی + 2 پروکسی,869
2026-09-30 21:49:27,1790804967,fartcoin,FARTCOIN,Fartcoin,0.177029,177025028,35918325,-1.8349,-3.5546,50.77,,0.1846,0.167,True,0.51,-3.9,0.5144,نگه‌داری,0.0289,0.017758,10.02,0.598,False,0.6,True,0.169,0.061,False,none,0.303,0.697,True,0,0,0,0.7,2,2 واقعی + 2 پروکسی,870
2026-10-01 03:47:26,1790826446,shiba-inu,SHIB,Shiba Inu,5.8e-06,3418407295,92042064,0.8185,3.2247,56.48,,0.0,0.0,True,0.05,0.52,0.4978,نگه‌داری,0.0044,0.0,5.37,0.663,False,0.7,True,0.034,0.01,False,none,0.532,0.468,True,0,0,0,0.7,2,2 واقعی + 2 پروکسی,883
2026-10-01 03:47:26,1790826446,pump-fun,PUMP,Pump.fun,0.00573882,2668179962,353580084,-0.0897,45.176,66.35,,0.0052,0.0044,True,0.08,49.05,0.5356,نگه‌داری,0.0711,0.000533,9.29,0.956,False,0.7,True,0.035,0.068,False,none,0.845,0.155,True,0,0,0,0.7,2,2 واقعی + 2 پروکسی,880
2026-10-01 03:47:26,1790826446,memecore,M,MemeCore,1.052,2399682835,2187859,1.0884,-14.8758,41.03,,1.1242,1.2101,False,1.32,-13.29,0.4778,نگه‌داری,0.0444,,,0.203,False,0.7,False,0.3,,,,0.457,0.543,False,0,0,0,,,0 واقعی + 3 پروکسی,888
2026-10-01 03:47:26,1790826446,pepe,PEPE,Pepe,4.37e-06,1837257842,346266204,2.3564,0.3711,58.65,,0.0,0.0,True,0.05,-1.15,0.4744,نگه‌داری,0.0511,0.0,7.44,0.657,False,0.55,True,0.023,-0.136,False,none,0.531,0.469,True,0,0,0,0.7,2,2 واقعی + 2 پروکسی,890
2026-10-01 03:47:26,1790826446,pudgy-penguins,PENGU,Pudgy Penguins,0.00985784,619664309,231792087,-0.1251,1.5775,58.02,,0.0099,0.0086,True,0.08,1.5,0.4978,نگه‌داری,0.0044,0.000842,8.54,0.731,False,0.55,True,0.071,-0.192,False,none,0.691,0.309,True,0,0,0,0.7,2,2 واقعی + 2 پروکسی,884
2026-10-01 03:47:26,1790826446,official-trump,TRUMP,Official Trump,2.18,613346378,327510999,5.6328,14.2194,52.76,,2.0903,2.0492,True,0.3,4.96,0.5044,نگه‌داری,0.0089,0.166786,7.66,0.836,False,0.7,True,0.092,0.072,False,none,0.575,0.425,True,0,0,0,0.7,2,2 واقعی + 2 پروکسی,881
2026-10-01 03:47:26,1790826446,spx6900,SPX,SPX6900,0.453524,422249454,12907297,7.2289,4.5656,45.45,,0.4422,0.4662,False,0.03,3.52,0.4767,نگه‌داری,0.0467,0.042798,9.44,0.399,False,0.7,True,0.088,0.009,False,none,0.784,0.216,True,0,0,0,0.5,1,2 واقعی + 2 پروکسی,889
2026-10-01 03:47:26,1790826446,bonk,BONK,Bonk,3.87e-06,340191081,86934706,2.7153,12.1727,64.62,,0.0,0.0,True,0.09,2.08,0.4811,نگه‌داری,0.0378,0.0,8.0,0.829,False,0.7,True,0.052,0.066,False,none,0.438,0.562,True,0,0,0,0.7,2,2 واقعی + 2 پروکسی,886
2026-10-01 03:47:26,1790826446,dogwifcoin,WIF,dogwifhat,0.251699,251544958,114864750,4.3175,7.2215,61.66,,0.2455,0.2201,True,0.07,6.33,0.4978,نگه‌داری,0.0044,0.019471,7.73,0.779,False,0.8,True,0.04,0.116,False,none,0.521,0.479,True,0,0,0,0.7,2,2 واقعی + 2 پروکسی,885
2026-10-01 03:47:26,1790826446,binance-peg-dogecoin,DOGE,Binance-Peg Dogecoin,0.095081,243770395,1851876,1.4191,2.5255,58.67,,0.0958,0.0905,True,0.04,-0.19,0.4744,نگه‌داری,0.0511,0.005466,5.72,0.682,False,0.7,True,0.01,0.019,False,none,0.757,0.243,True,0,0,0,0.7,2,2 واقعی + 2 پروکسی,891
2026-10-01 03:47:26,1790826446,useless-3,USELESS,Useless Coin,0.237941,237784333,30692685,-0.0703,-19.4473,52.51,,0.2599,0.2558,True,0.09,-15.85,0.48,نگه‌داری,0.04,0.048586,20.43,0.359,False,0.7,True,0.042,-0.082,False,none,0.954,0.046,True,0,0,0,0.5,1,2 واقعی + 2 پروکسی,887
2026-10-01 03:47:26,1790826446,fartcoin,FARTCOIN,Fartcoin,0.179339,179312506,34878120,0.671,-2.4289,52.6,,0.1838,0.169,True,0.02,-2.92,0.4978,نگه‌داری,0.0044,0.016763,9.33,0.608,False,0.6,True,0.168,0.097,False,none,0.539,0.461,True,0,0,0,0.7,2,2 واقعی + 2 پروکسی,882
2026-10-01 12:19:31,1790857171,shiba-inu,SHIB,Shiba Inu,5.77e-06,3403176205,90802480,-0.9688,3.5617,55.67,,0.0,0.0,True,0.26,-0.1,0.4744,نگه‌داری,0.0511,0.0,5.49,0.639,False,0.7,True,0.017,-0.038,False,none,0.406,0.594,True,0,0,0,0.7,2,2 واقعی + 2 پروکسی,901
2026-10-01 12:19:31,1790857171,pump-fun,PUMP,Pump.fun,0.00568003,2642987777,352568672,-0.4478,48.1758,65.13,,0.0052,0.0043,True,0.42,47.18,0.5356,نگه‌داری,0.0711,0.000562,9.91,0.937,False,0.7,True,0.035,0.092,True,high_sweep,0.106,0.894,True,0,0,0,0.7,2,2 واقعی + 2 پروکسی,894
2026-10-01 12:19:31,1790857171,memecore,M,MemeCore,1.027,2342217138,2178252,-0.9819,-16.768,39.05,,1.1206,1.2089,False,1.31,-15.38,0.4944,نگه‌داری,0.0111,,,0.162,False,0.7,False,0.3,,,,0.412,0.588,False,0,0,0,,,0 واقعی + 3 پروکسی,899
2026-10-01 12:19:31,1790857171,pepe,PEPE,Pepe,4.42e-06,1861317419,370631201,1.9259,2.5873,59.87,,0.0,0.0,True,0.29,0.32,0.4978,نگه‌داری,0.0044,0.0,7.45,0.688,False,0.8,True,0.023,0.286,False,none,0.447,0.553,True,0,0,0,0.7,2,2 واقعی + 2 پروکسی,897
2026-10-01 12:19:31,1790857171,pudgy-penguins,PENGU,Pudgy Penguins,0.00960684,604888156,237598108,-3.9048,-1.2249,55.78,,0.0099,0.0086,True,0.45,-1.28,0.4744,نگه‌داری,0.0511,0.000849,8.84,0.682,False,0.55,True,0.01,-0.154,False,none,0.98,0.02,True,0,0,0,0.7,2,2 واقعی + 2 پروکسی,902
2026-10-01 12:19:31,1790857171,official-trump,TRUMP,Official Trump,2.08,585598099,392498856,1.1194,5.3012,47.6,,2.0756,2.0443,True,0.8,0.0,0.5611,خرید,0.1222,0.168215,8.11,0.578,False,0.55,True,0.048,-0.144,True,high_sweep,0.537,0.463,True,0,0,0,0.7,2,2 واقعی + 2 پروکسی,893
2026-10-01 12:19:31,1790857171,spx6900,SPX,SPX6900,0.43931,409392983,11986153,3.2787,2.1948,43.03,,0.4401,0.4655,False,0.07,0.21,0.5,نگه‌داری,0.0,0.043927,10.01,0.283,False,0.8,True,0.091,0.147,True,high_sweep,0.176,0.824,True,0,0,0,0.5,1,2 واقعی + 2 پروکسی,896
2026-10-01 12:19:31,1790857171,bonk,BONK,Bonk,3.75e-06,330459664,62129389,-3.1728,6.852,61.92,,0.0,0.0,True,0.26,-0.84,0.4744,نگه‌داری,0.0511,0.0,8.42,0.775,False,0.8,True,0.053,0.123,False,none,0.493,0.507,True,0,0,0,0.7,2,2 واقعی + 2 پروکسی,903
2026-10-01 12:19:31,1790857171,dogwifcoin,WIF,dogwifhat,0.248968,248650026,86127939,-2.4265,7.3556,60.88,,0.2451,0.22,True,0.24,5.28,0.4978,نگه‌داری,0.0044,0.019756,7.92,0.758,False,0.7,True,0.04,-0.072,False,none,0.49,0.51,True,0,0,0,0.7,2,2 واقعی + 2 پروکسی,898
2026-10-01 12:19:31,1790857171,binance-peg-dogecoin,DOGE,Binance-Peg Dogecoin,0.094354,241937596,1833075,-1.4034,2.3185,57.84,,0.0957,0.0904,True,0.15,-0.88,0.4744,نگه‌داری,0.0511,0.005544,5.84,0.659,False,0.7,True,0.011,-0.031,False,none,0.564,0.436,True,0,0,0,0.7,2,2 واقعی + 2 پروکسی,904
2026-10-01 12:19:31,1790857171,useless-3,USELESS,Useless Coin,0.228495,228509230,30046688,-4.7875,-16.763,51.12,,0.2586,0.2554,True,0.35,-19.06,0.48,نگه‌داری,0.04,0.05006,21.88,0.299,False,0.45,True,0.136,-0.13,True,low_sweep,0.455,0.545,True,0,0,0,0.5,1,2 واقعی + 2 پروکسی,900
2026-10-01 12:19:31,1790857171,fartcoin,FARTCOIN,Fartcoin,0.175816,175740278,34355465,-1.4879,-3.8871,51.16,,0.1833,0.1688,True,0.32,-4.92,0.5144,نگه‌داری,0.0289,0.017078,9.71,0.567,False,0.7,True,0.114,0.246,False,none,0.38,0.62,True,0,0,0,0.7,2,2 واقعی + 2 پروکسی,895
2026-10-01 22:17:28,1790893048,shiba-inu,SHIB,Shiba Inu,5.76e-06,3395179302,80352915,0.6507,-1.0291,55.46,,0.0,0.0,True,0.59,-0.26,0.4744,نگه‌داری,0.0511,0.0,5.51,0.633,False,0.8,True,0.035,0.198,False,none,0.488,0.512,True,0,0,0,0.7,2,2 واقعی + 2 پروکسی,915
2026-10-01 22:17:28,1790893048,pump-fun,PUMP,Pump.fun,0.00573637,2667673791,326182888,-3.1038,46.5489,66.11,,0.0052,0.0044,True,0.99,48.69,0.5589,خرید,0.1178,0.000567,9.9,0.952,False,0.7,True,0.052,0.007,True,high_sweep,0.174,0.826,True,0,0,0,0.7,2,2 واقعی + 2 پروکسی,907
2026-10-01 22:17:28,1790893048,memecore,M,MemeCore,1.05,2396150714,1424189,3.6099,-13.0704,40.85,,1.124,1.21,False,0.86,-13.44,0.4711,نگه‌داری,0.0578,,,0.2,False,0.7,False,0.3,,,,0.448,0.552,False,0,0,0,,,0 واقعی + 3 پروکسی,918
2026-10-01 22:17:28,1790893048,pepe,PEPE,Pepe,4.42e-06,1859100686,313443607,3.7077,-1.0591,59.56,,0.0,0.0,True,0.8,-0.07,0.4744,نگه‌داری,0.0511,0.0,7.51,0.68,False,0.7,True,0.023,-0.035,False,none,0.573,0.427,True,0,0,0,0.7,2,2 واقعی + 2 پروکسی,916
2026-10-01 22:17:28,1790893048,pudgy-penguins,PENGU,Pudgy Penguins,0.00940425,591155143,206678986,-1.2162,-5.9477,53.75,,0.0098,0.0086,True,0.73,-3.28,0.4978,نگه‌داری,0.0044,0.000872,9.27,0.646,False,0.7,True,0.053,-0.009,False,none,0.628,0.372,True,0,0,0,0.5,1,2 واقعی + 2 پروکسی,913
2026-10-01 22:17:28,1790893048,official-trump,TRUMP,Official Trump,2.06,580469211,368951260,1.1348,-2.3826,46.69,,2.0733,2.0436,True,1.27,-0.77,0.5611,خرید,0.1222,0.168215,8.17,0.535,False,0.7,True,0.049,0.089,True,high_sweep,0.515,0.485,True,0,0,0,0.7,2,2 واقعی + 2 پروکسی,906
2026-10-01 22:17:28,1790893048,spx6900,SPX,SPX6900,0.439495,409164141,8037806,0.7674,-0.2281,43.32,,0.4404,0.4656,False,0.11,0.66,0.5,نگه‌داری,0.0,0.044091,10.0,0.299,False,0.45,True,0.114,-0.118,True,high_sweep,0.598,0.402,True,0,0,0,0.5,1,2 واقعی + 2 پروکسی,912
2026-10-01 22:17:28,1790893048,bonk,BONK,Bonk,3.74e-06,328819795,46375878,0.1585,0.4015,61.25,,0.0,0.0,True,0.41,-1.4,0.4744,نگه‌داری,0.0511,0.0,8.53,0.764,False,0.7,True,0.054,0.005,False,none,0.371,0.629,True,0,0,0,0.7,2,2 واقعی + 2 پروکسی,917
2026-10-01 22:17:28,1790893048,dogwifcoin,WIF,dogwifhat,0.246123,245858365,66334015,-0.0573,3.2486,59.36,,0.2446,0.2199,True,0.51,3.89,0.4978,نگه‌داری,0.0044,0.020449,8.31,0.731,False,0.7,True,0.041,0.036,False,none,0.502,0.498,True,0,0,0,0.7,2,2 واقعی + 2 پروکسی,914
2026-10-01 22:17:28,1790893048,binance-peg-dogecoin,DOGE,Binance-Peg Dogecoin,0.093784,240463449,1456729,-0.3444,-2.1157,56.54,,0.0956,0.0904,True,1.46,-1.76,0.5211,نگه‌داری,0.0422,0.005544,5.89,0.629,False,0.55,True,0.011,-0.214,False,none,0.547,0.453,True,0,0,0,0.7,2,2 واقعی + 2 پروکسی,909
2026-10-01 22:17:28,1790893048,useless-3,USELESS,Useless Coin,0.234705,234690845,26545683,-0.5229,-17.9198,52.0,,0.2594,0.2557,True,0.88,-17.01,0.5033,نگه‌داری,0.0067,0.050169,21.39,0.337,False,0.45,True,0.107,-0.173,True,low_sweep,0.464,0.536,True,0,0,0,0.5,1,2 واقعی + 2 پروکسی,911
2026-10-01 22:17:28,1790893048,fartcoin,FARTCOIN,Fartcoin,0.175751,175736792,33193674,0.1434,-7.326,51.08,,0.1833,0.1688,True,0.59,-5.03,0.5144,نگه‌داری,0.0289,0.01717,9.77,0.565,False,0.7,True,0.057,-0.041,False,none,0.348,0.652,True,0,0,0,0.7,2,2 واقعی + 2 پروکسی,910
2026-10-01 22:17:28,1790893048,non-playable-coin,NPC,Non-Playable Coin,0.02146137,172766705,2653155,-1.9828,-5.4094,52.42,,0.0223,0.0222,True,0.62,-4.65,0.5311,نگه‌داری,0.0622,0.002604,12.1,0.35,False,0.4,True,0.093,-0.331,False,none,0.518,0.482,True,0,0,0,0.5,1,2 واقعی + 2 پروکسی,908
2026-10-02 03:45:06,1790912706,shiba-inu,SHIB,Shiba Inu,5.8e-06,3418343487,83491827,0.0299,0.2298,54.39,,0.0,0.0,True,0.06,-2.54,0.4978,نگه‌داری,0.0044,0.0,5.15,0.646,False,0.7,True,0.017,0.039,False,none,0.546,0.454,True,0,0,0,0.7,2,2 واقعی + 2 پروکسی,923
2026-10-02 03:45:06,1790912706,pump-fun,PUMP,Pump.fun,0.00572011,2662427211,333116419,-0.1484,47.0525,64.99,,0.0054,0.0045,True,0.15,36.86,0.5356,نگه‌داری,0.0711,0.000542,9.44,0.895,False,0.7,True,0.052,0.01,False,none,0.399,0.601,True,0,0,0,0.7,2,2 واقعی + 2 پروکسی,921
2026-10-02 03:45:06,1790912706,memecore,M,MemeCore,1.048,2389725828,1113892,-0.3367,-14.5126,41.0,,1.1004,1.2035,False,0.8,-13.64,0.4311,نگه‌داری,0.1378,,,0.218,False,0.7,False,0.3,,,,0.459,0.541,False,0,0,0,,,0 واقعی + 3 پروکسی,931
2026-10-02 03:45:06,1790912706,pepe,PEPE,Pepe,4.46e-06,1875851919,325879555,2.3133,0.2965,58.7,,0.0,0.0,True,0.06,-0.29,0.4744,نگه‌داری,0.0511,0.0,6.92,0.69,False,0.7,True,0.022,-0.065,False,none,0.649,0.351,True,0,0,0,0.7,2,2 واقعی + 2 پروکسی,930
2026-10-02 03:45:06,1790912706,pudgy-penguins,PENGU,Pudgy Penguins,0.00950617,597738330,213360199,-3.3093,-1.1625,53.37,,0.0097,0.0087,True,0.08,-7.48,0.4978,نگه‌داری,0.0044,0.000821,8.63,0.649,False,0.8,True,0.011,0.228,False,none,0.872,0.128,True,0,0,0,0.5,1,2 واقعی + 2 پروکسی,924
2026-10-02 03:45:06,1790912706,official-trump,TRUMP,Official Trump,2.07,582743746,280322410,-5.0202,-0.8943,43.28,,2.0654,2.0476,True,0.04,-2.64,0.5378,نگه‌داری,0.0756,0.155183,7.51,0.547,False,0.7,True,0.048,0.029,False,none,0.547,0.453,True,0,0,0,0.7,2,2 واقعی + 2 پروکسی,920
2026-10-02 03:45:06,1790912706,spx6900,SPX,SPX6900,0.442213,411691054,6553355,-2.4772,0.9142,38.43,,0.437,0.463,False,0.01,-4.8,0.4767,نگه‌داری,0.0467,0.040487,9.16,0.33,False,0.6,True,0.113,-0.011,False,none,0.827,0.173,True,0,0,0,0.5,1,2 واقعی + 2 پروکسی,929
2026-10-02 03:45:06,1790912706,bonk,BONK,Bonk,3.78e-06,332717762,42816401,-2.0581,1.2862,60.9,,0.0,0.0,True,0.04,1.34,0.4978,نگه‌داری,0.0044,0.0,7.84,0.768,False,0.7,True,0.053,0.083,False,none,0.352,0.648,True,0,0,0,0.7,2,2 واقعی + 2 پروکسی,927
2026-10-02 03:45:06,1790912706,dogwifcoin,WIF,dogwifhat,0.255728,255559536,75809691,1.7356,7.7558,61.15,,0.2455,0.2231,True,0.26,1.1,0.4978,نگه‌داری,0.0044,0.019392,7.57,0.792,False,0.8,True,0.078,0.15,False,none,0.493,0.507,True,0,0,0,0.7,2,2 واقعی + 2 پروکسی,928
2026-10-02 03:45:06,1790912706,useless-3,USELESS,Useless Coin,0.243535,243657231,22421641,2.5686,-13.9833,49.46,,0.2522,0.2571,False,0.17,-17.42,0.4022,نگه‌داری,0.1956,0.046796,19.17,0.398,False,0.8,True,0.086,0.236,False,none,0.368,0.632,True,0,0,0,0.3,2,2 واقعی + 2 پروکسی,932
2026-10-02 03:45:06,1790912706,binance-peg-dogecoin,DOGE,Binance-Peg Dogecoin,0.094033,241127735,1400955,-1.0297,-2.3225,54.19,,0.095,0.0909,True,0.3,-4.44,0.4978,نگه‌داری,0.0044,0.005168,5.46,0.63,False,0.7,True,0.011,0.072,False,none,0.656,0.344,True,0,0,0,0.7,2,2 واقعی + 2 پروکسی,925
2026-10-02 03:45:06,1790912706,artificial-inu-3,AI,Artificial Inu,0.179466,177912878,30528134,18.1373,-18.1361,52.21,,0.0206,0.0202,True,0.04,-4.47,0.4978,نگه‌داری,0.0044,0.000994,4.85,0.579,False,0.55,True,0.049,-0.116,False,none,0.968,0.032,True,0,0,0,0.7,2,2 واقعی + 2 پروکسی,926
2026-10-02 03:45:06,1790912706,fartcoin,FARTCOIN,Fartcoin,0.177725,177763361,32842801,-0.8099,-3.7869,50.24,,0.1807,0.1705,True,0.02,-9.51,0.5144,نگه‌داری,0.0289,0.016036,9.01,0.573,False,0.7,True,0.056,0.017,False,none,0.583,0.417,True,0,0,0,0.7,2,2 واقعی + 2 پروکسی,922
2026-10-02 11:47:49,1790941669,shiba-inu,SHIB,Shiba Inu,5.88e-06,3465284749,103055680,2.1241,0.5626,56.51,,0.0,0.0,True,0.26,-1.06,0.4744,نگه‌داری,0.0511,0.0,5.26,0.705,False,0.7,True,0.017,0.068,False,none,0.519,0.481,True,0,0,0,0.7,2,2 واقعی + 2 پروکسی,940
2026-10-02 11:47:49,1790941669,pump-fun,PUMP,Pump.fun,0.00581467,2703077257,601454482,2.6824,45.6326,66.64,,0.0054,0.0045,True,1.09,39.03,0.5589,خرید,0.1178,0.000564,9.67,0.918,False,0.8,True,0.051,0.117,True,high_sweep,0.227,0.773,True,0,0,0,0.7,2,2 واقعی + 2 پروکسی,934
2026-10-02 11:47:49,1790941669,memecore,M,MemeCore,1.051,2398183793,1212859,2.3466,-12.7314,41.24,,1.1009,1.2037,False,0.74,-13.37,0.4311,نگه‌داری,0.1378,,,0.223,False,0.7,False,0.3,,,,0.486,0.514,False,0,0,0,,,0 واقعی + 3 پروکسی,945
2026-10-02 11:47:49,1790941669,pepe,PEPE,Pepe,4.45e-06,1867136165,409704489,2.7346,0.9914,58.63,,0.0,0.0,True,0.41,-0.36,0.4744,نگه‌داری,0.0511,0.0,7.36,0.688,False,0.8,True,0.022,0.19,True,high_sweep,0.477,0.523,True,0,0,0,0.7,2,2 واقعی + 2 پروکسی,941
2026-10-02 11:47:49,1790941669,pudgy-penguins,PENGU,Pudgy Penguins,0.00990079,621966371,234244059,2.331,0.3062,56.81,,0.0098,0.0087,True,0.41,-3.65,0.4744,نگه‌داری,0.0511,0.000854,8.62,0.723,False,0.7,True,0.05,-0.085,False,none,0.366,0.634,True,0,0,0,0.5,1,2 واقعی + 2 پروکسی,942
2026-10-02 11:47:49,1790941669,official-trump,TRUMP,Official Trump,2.14,604167873,231392903,3.3946,2.5337,48.22,,2.0769,2.0514,True,0.18,1.13,0.5211,نگه‌داری,0.0422,0.160469,7.47,0.756,False,0.7,True,0.047,-0.047,False,none,0.425,0.575,True,0,0,0,0.7,2,2 واقعی + 2 پروکسی,935
2026-10-02 11:47:49,1790941669,spx6900,SPX,SPX6900,0.449855,418818557,6562210,2.6242,-0.5671,40.07,,0.4381,0.4634,False,0.08,-3.21,0.4767,نگه‌داری,0.0467,0.041872,9.32,0.39,False,0.6,True,0.133,0.008,True,high_sweep,0.375,0.625,True,0,0,0,0.5,1,2 واقعی + 2 پروکسی,939
2026-10-02 11:47:49,1790941669,bonk,BONK,Bonk,3.87e-06,340539528,50363738,4.1723,5.5274,62.63,,0.0,0.0,True,0.31,3.55,0.4811,نگه‌داری,0.0378,0.0,7.95,0.809,False,0.9,True,0.052,0.534,False,none,0.471,0.529,True,0,0,0,0.7,2,2 واقعی + 2 پروکسی,938
2026-10-02 11:47:49,1790941669,floki,FLOKI,FLOKI,2.828e-05,272652444,21766988,2.4938,-0.4105,55.92,,0.0,0.0,True,0.19,-1.77,0.4744,نگه‌داری,0.0511,2e-06,6.03,0.683,False,0.7,True,0.035,0.009,False,none,0.451,0.549,True,0,0,0,0.7,2,2 واقعی + 2 پروکسی,943
2026-10-02 11:47:49,1790941669,useless-3,USELESS,Useless Coin,0.256385,256447093,30398964,11.3522,-12.4151,51.34,,0.2539,0.2577,False,0.55,-13.47,0.3856,فروش,0.2289,0.047767,18.68,0.477,False,0.8,True,0.078,0.281,False,none,0.861,0.139,True,0,0,0,0.5,1,2 واقعی + 2 پروکسی,946
2026-10-02 11:47:49,1790941669,dogwifcoin,WIF,dogwifhat,0.254066,253842479,94243112,2.4936,6.4686,60.54,,0.2452,0.223,True,0.74,0.39,0.4978,نگه‌داری,0.0044,0.020235,7.95,0.777,False,0.8,True,0.079,0.202,True,high_sweep,0.49,0.51,True,0,0,0,0.7,2,2 واقعی + 2 پروکسی,937
2026-10-02 11:47:49,1790941669,binance-peg-dogecoin,DOGE,Binance-Peg Dogecoin,0.096485,247379039,1346273,2.3783,0.0408,57.25,,0.0953,0.091,True,0.58,-2.29,0.4744,نگه‌داری,0.0511,0.005401,5.58,0.705,False,0.7,True,0.01,-0.029,False,none,0.425,0.575,True,0,0,0,0.7,2,2 واقعی + 2 پروکسی,944
2026-10-02 11:47:49,1790941669,fartcoin,FARTCOIN,Fartcoin,0.185553,185509517,36149350,5.9256,-1.0838,53.37,,0.1818,0.1708,True,0.64,-5.54,0.4978,نگه‌داری,0.0044,0.016801,9.05,0.66,False,0.45,True,0.108,-0.202,False,none,0.697,0.303,True,0,0,0,0.7,2,2 واقعی + 2 پروکسی,936
2026-10-02 17:20:28,1790961628,shiba-inu,SHIB,Shiba Inu,5.83e-06,3433195665,110024191,0.9473,0.4699,55.14,,0.0,0.0,True,0.44,-2.03,0.4744,نگه‌داری,0.0511,0.0,5.31,0.666,False,0.9,True,0.017,0.434,False,none,0.5,0.5,True,0,0,0,0.7,2,2 واقعی + 2 پروکسی,957
2026-10-02 17:20:28,1790961628,pump-fun,PUMP,Pump.fun,0.00588959,2739114837,603579747,5.1088,44.0534,67.55,,0.0054,0.0045,True,1.54,41.37,0.5822,خرید,0.1644,0.000567,9.56,0.943,False,0.7,True,0.085,-0.037,True,high_sweep,0.716,0.284,True,0,0,0,0.7,2,2 واقعی + 2 پروکسی,948
2026-10-02 17:20:28,1790961628,memecore,M,MemeCore,1.048,2390540380,1252128,3.9925,-10.9077,41.06,,1.1005,1.2035,False,0.75,-13.56,0.4311,نگه‌داری,0.1378,,,0.219,False,0.7,False,0.3,,,,0.46,0.54,False,0,0,0,,,0 واقعی + 3 پروکسی,959
2026-10-02 17:20:28,1790961628,pepe,PEPE,Pepe,4.36e-06,1836086638,394138783,-1.6796,-1.251,55.77,,0.0,0.0,True,0.73,-2.83,0.4744,نگه‌داری,0.0511,0.0,7.59,0.632,False,0.8,True,0.046,0.267,True,high_sweep,0.364,0.636,True,0,0,0,0.7,2,2 واقعی + 2 پروکسی,958
2026-10-02 17:20:28,1790961628,pudgy-penguins,PENGU,Pudgy Penguins,0.00956942,601765502,209310606,1.6267,-1.1286,54.23,,0.0098,0.0087,True,0.67,-6.58,0.4978,نگه‌داری,0.0044,0.000854,8.89,0.667,False,0.7,True,0.083,0.081,False,none,0.176,0.824,True,0,0,0,0.5,1,2 واقعی + 2 پروکسی,951
2026-10-02 17:20:28,1790961628,official-trump,TRUMP,Official Trump,2.11,594499294,274403723,2.5377,1.7177,46.65,,2.073,2.0501,True,0.35,-0.14,0.4978,نگه‌داری,0.0044,0.164683,7.77,0.687,False,0.55,True,0.094,-0.118,False,none,0.331,0.669,True,0,0,0,0.7,2,2 واقعی + 2 پروکسی,952
2026-10-02 17:20:28,1790961628,spx6900,SPX,SPX6900,0.439285,408956772,6443640,0.5211,-0.7362,38.01,,0.4368,0.463,False,0.11,-5.19,0.4767,نگه‌داری,0.0467,0.041872,9.51,0.316,False,0.45,True,0.136,-0.237,True,high_sweep,0.606,0.394,True,0,0,0,0.5,1,2 واقعی + 2 پروکسی,956
2026-10-02 17:20:28,1790961628,bonk,BONK,Bonk,3.81e-06,334864596,54529370,1.5135,4.6135,61.65,,0.0,0.0,True,0.43,2.27,0.4978,نگه‌داری,0.0044,0.0,8.05,0.785,False,0.7,True,0.052,0.053,False,none,0.466,0.534,True,0,0,0,0.7,2,2 واقعی + 2 پروکسی,955
2026-10-02 17:20:28,1790961628,floki,FLOKI,FLOKI,2.792e-05,269199306,21290513,1.1154,-1.3409,54.44,,0.0,0.0,True,0.36,-3.02,0.4978,نگه‌داری,0.0044,2e-06,6.11,0.64,False,0.8,True,0.072,0.133,False,none,0.305,0.695,True,0,0,0,0.7,2,2 واقعی + 2 پروکسی,953
2026-10-02 17:20:28,1790961628,dogwifcoin,WIF,dogwifhat,0.250681,250490583,99307423,-2.1149,5.1096,59.5,,0.2448,0.2228,True,1.13,-0.79,0.4978,نگه‌داری,0.0044,0.020235,8.05,0.752,False,0.8,True,0.08,0.198,True,high_sweep,0.482,0.518,True,0,0,0,0.7,2,2 واقعی + 2 پروکسی,954
2026-10-02 17:20:28,1790961628,binance-peg-dogecoin,DOGE,Binance-Peg Dogecoin,0.094488,242249242,1233059,0.0502,-2.9173,54.71,,0.095,0.0909,True,0.84,-4.09,0.5211,نگه‌داری,0.0422,0.005401,5.69,0.643,False,0.7,True,0.011,-0.037,False,none,0.391,0.609,True,0,0,0,0.7,2,2 واقعی + 2 پروکسی,949
2026-10-02 17:20:28,1790961628,useless-3,USELESS,Useless Coin,0.23853,238536986,32393436,4.2931,-17.9091,48.97,,0.2518,0.257,False,0.8,-18.4,0.4022,نگه‌داری,0.1956,0.047767,19.81,0.379,False,0.6,True,0.116,0.004,False,none,0.235,0.765,True,0,0,0,0.5,1,2 واقعی + 2 پروکسی,960
2026-10-02 17:20:28,1790961628,fartcoin,FARTCOIN,Fartcoin,0.181708,181785780,38275148,3.9093,-2.4052,52.14,,0.1814,0.1707,True,1.03,-7.17,0.5211,نگه‌داری,0.0422,0.016922,9.27,0.625,False,0.45,True,0.11,-0.116,False,none,0.785,0.215,True,0,0,0,0.7,2,2 واقعی + 2 پروکسی,950
2026-10-02 21:46:15,1790977575,shiba-inu,SHIB,Shiba Inu,5.62e-06,3313194092,112189396,-2.0442,-4.9247,49.36,,0.0,0.0,True,0.58,-5.61,0.5144,نگه‌داری,0.0289,0.0,5.79,0.519,False,0.8,True,0.018,0.132,False,none,0.518,0.482,True,0,0,0,0.7,2,2 واقعی + 2 پروکسی,967
2026-10-02 21:46:15,1790977575,pump-fun,PUMP,Pump.fun,0.00533282,2479086521,576198040,-6.8418,25.9384,58.02,,0.0053,0.0044,True,1.98,26.63,0.5678,خرید,0.1356,0.000603,11.36,0.776,False,0.7,True,0.056,-0.031,True,high_sweep,0.527,0.473,True,0,0,0,0.5,1,2 واقعی + 2 پروکسی,962
2026-10-02 21:46:15,1790977575,memecore,M,MemeCore,1.058,2413806035,1238739,1.1981,-10.8913,41.91,,1.1018,1.204,False,0.76,-12.8,0.4311,نگه‌داری,0.1378,,,0.234,False,0.7,False,0.3,,,,0.486,0.514,False,0,0,0,,,0 واقعی + 3 پروکسی,973
2026-10-02 21:46:15,1790977575,pepe,PEPE,Pepe,4.19e-06,1760835698,434362660,-4.8432,-7.1779,51.3,,0.0,0.0,True,0.99,-6.84,0.5378,نگه‌داری,0.0756,0.0,8.39,0.539,False,0.7,True,0.024,-0.057,True,high_sweep,0.534,0.466,True,0,0,0,0.7,2,2 واقعی + 2 پروکسی,965
2026-10-02 21:46:15,1790977575,official-trump,TRUMP,Official Trump,2.05,576477767,288287485,-0.1239,-3.5902,42.04,,2.0623,2.0466,True,0.49,-3.67,0.5378,نگه‌داری,0.0756,0.169112,8.27,0.487,False,0.7,True,0.098,-0.035,False,none,0.493,0.507,True,0,0,0,0.7,2,2 واقعی + 2 پروکسی,964
2026-10-02 21:46:15,1790977575,pudgy-penguins,PENGU,Pudgy Penguins,0.00880642,553561699,235145327,-6.0019,-14.2852,46.61,,0.0096,0.0087,True,0.87,-14.38,0.5144,نگه‌داری,0.0289,0.000906,10.29,0.512,False,0.8,True,0.011,0.125,False,none,0.725,0.275,True,0,0,0,0.5,1,2 واقعی + 2 پروکسی,968
2026-10-02 21:46:15,1790977575,spx6900,SPX,SPX6900,0.416254,387512315,6486373,-4.5643,-8.5456,34.78,,0.4333,0.4618,False,0.14,-10.38,0.47,نگه‌داری,0.06,0.043737,10.51,0.135,False,0.45,True,0.12,-0.106,True,high_sweep,0.66,0.34,True,0,0,0,0.5,1,2 واقعی + 2 پروکسی,971
2026-10-02 21:46:15,1790977575,bonk,BONK,Bonk,3.56e-06,312893355,62021911,-4.421,-3.5572,53.84,,0.0,0.0,True,0.56,-5.05,0.4978,نگه‌داری,0.0044,0.0,9.11,0.643,False,0.7,True,0.056,0.06,False,none,0.404,0.596,True,0,0,0,0.5,1,2 واقعی + 2 پروکسی,970
2026-10-02 21:46:15,1790977575,floki,FLOKI,FLOKI,2.683e-05,258744573,24522812,-2.4057,-6.7621,49.33,,0.0,0.0,True,0.53,-6.84,0.5144,نگه‌داری,0.0289,2e-06,6.71,0.507,False,0.7,True,0.075,0.053,False,none,0.621,0.379,True,0,0,0,0.7,2,2 واقعی + 2 پروکسی,969
2026-10-02 21:46:15,1790977575,dogwifcoin,WIF,dogwifhat,0.241236,240939442,102135402,-1.7803,-3.6992,54.89,,0.2434,0.2224,True,1.42,-4.7,0.5444,نگه‌داری,0.0889,0.021271,8.81,0.667,False,0.8,True,0.041,0.134,True,high_sweep,0.502,0.498,True,0,0,0,0.7,2,2 واقعی + 2 پروکسی,963
2026-10-02 21:46:15,1790977575,binance-peg-dogecoin,DOGE,Binance-Peg Dogecoin,0.092168,236175801,1314575,-1.5523,-6.4868,49.62,,0.0946,0.0908,True,1.05,-7.19,0.5378,نگه‌داری,0.0756,0.005607,6.1,0.531,False,0.8,True,0.011,0.166,True,low_sweep,0.332,0.668,True,0,0,0,0.5,1,2 واقعی + 2 پروکسی,966
2026-10-02 21:46:15,1790977575,useless-3,USELESS,Useless Coin,0.222687,222651622,32505848,-6.0266,-25.1547,45.98,,0.2491,0.2561,False,0.96,-24.68,0.4256,نگه‌داری,0.1489,0.049002,22.01,0.259,False,0.7,True,0.058,0.077,True,low_sweep,0.838,0.162,True,0,0,0,0.5,1,2 واقعی + 2 پروکسی,974
2026-10-02 21:46:15,1790977575,non-playable-coin,NPC,Non-Playable Coin,0.0218937,176247348,2875755,1.4405,-1.1949,51.07,,0.0223,0.0223,False,0.4,-2.37,0.4533,نگه‌داری,0.0933,0.002559,11.71,0.384,False,0.45,True,0.137,-0.195,False,none,0.982,0.018,True,0,0,0,0.5,1,2 واقعی + 2 پروکسی,972
2026-10-03 03:30:02,1790998202,shiba-inu,SHIB,Shiba Inu,5.73e-06,3376234416,116057691,-0.9158,-4.7513,53.75,,0.0,0.0,True,0.04,-3.39,0.5144,نگه‌داری,0.0289,0.0,5.33,0.576,False,0.55,True,0.017,-0.262,False,none,0.495,0.505,True,0,0,0,0.7,2,2 واقعی + 2 پروکسی,976
2026-10-03 03:30:02,1790998202,pump-fun,PUMP,Pump.fun,0.00554746,2578305502,610053810,-3.6853,30.1516,61.0,,0.0055,0.0045,True,0.15,26.29,0.5044,نگه‌داری,0.0089,0.000593,10.69,0.818,False,0.7,True,0.09,0.02,False,none,0.51,0.49,True,0,0,0,0.5,1,2 واقعی + 2 پروکسی,982
2026-10-03 03:30:02,1790998202,memecore,M,MemeCore,1.048,2390544860,1132809,-0.055,-13.8539,41.86,,1.0764,1.1975,False,0.75,-14.38,0.4311,نگه‌داری,0.1378,,,0.23,False,0.7,False,0.3,,,,0.492,0.508,False,0,0,0,,,0 واقعی + 3 پروکسی,987
2026-10-03 03:30:02,1790998202,pepe,PEPE,Pepe,4.28e-06,1799854787,448100557,-3.7294,-4.937,54.9,,0.0,0.0,True,0.03,-2.13,0.5144,نگه‌داری,0.0289,0.0,7.7,0.564,False,0.7,True,0.023,-0.026,False,none,0.543,0.457,True,0,0,0,0.7,2,2 واقعی + 2 پروکسی,977
2026-10-03 03:30:02,1790998202,official-trump,TRUMP,Official Trump,2.1,591353508,320340491,1.8746,-1.9939,46.35,,2.0694,2.055,True,0.14,-0.9,0.4978,نگه‌داری,0.0044,0.155931,7.44,0.605,False,0.55,True,0.048,-0.171,False,none,0.49,0.51,True,0,0,0,0.7,2,2 واقعی + 2 پروکسی,983
2026-10-03 03:30:02,1790998202,pudgy-penguins,PENGU,Pudgy Penguins,0.0089812,564561755,247490625,-5.2189,-12.9534,49.09,,0.0095,0.0088,True,0.04,-9.43,0.5144,نگه‌داری,0.0289,0.000849,9.47,0.525,False,0.8,True,0.056,0.196,False,none,0.604,0.396,True,0,0,0,0.5,1,2 واقعی + 2 پروکسی,978
2026-10-03 03:30:02,1790998202,spx6900,SPX,SPX6900,0.430121,400437449,7072488,-2.3666,-6.5913,37.05,,0.4309,0.4594,False,0.03,-5.68,0.4767,نگه‌داری,0.0467,0.039802,9.26,0.264,False,0.7,True,0.093,0.01,False,none,0.496,0.504,True,0,0,0,0.5,1,2 واقعی + 2 پروکسی,986
2026-10-03 03:30:02,1790998202,bonk,BONK,Bonk,3.67e-06,322519726,66316704,-2.9552,-1.7259,55.59,,0.0,0.0,True,0.07,0.14,0.4978,نگه‌داری,0.0044,0.0,8.35,0.677,False,0.55,True,0.027,-0.14,False,none,0.44,0.56,True,0,0,0,0.5,1,2 واقعی + 2 پروکسی,984
2026-10-03 03:30:02,1790998202,floki,FLOKI,FLOKI,2.735e-05,263694993,25270731,-1.968,-4.8156,52.25,,0.0,0.0,True,0.01,-5.59,0.5144,نگه‌داری,0.0289,2e-06,6.07,0.556,False,0.6,True,0.146,0.014,False,none,0.354,0.646,True,0,0,0,0.7,2,2 واقعی + 2 پروکسی,979
2026-10-03 03:30:02,1790998202,dogwifcoin,WIF,dogwifhat,0.245749,245485401,96214386,-3.7625,-2.0868,58.06,,0.2445,0.2253,True,0.03,0.16,0.4978,نگه‌داری,0.0044,0.019976,8.14,0.676,False,0.7,True,0.041,-0.024,False,none,0.425,0.575,True,0,0,0,0.7,2,2 واقعی + 2 پروکسی,985
2026-10-03 03:30:02,1790998202,binance-peg-dogecoin,DOGE,Binance-Peg Dogecoin,0.093182,238917854,1398694,-0.7928,-5.884,53.07,,0.0942,0.0912,True,0.1,-3.86,0.5144,نگه‌داری,0.0289,0.005263,5.66,0.557,False,0.55,True,0.011,-0.119,False,none,0.482,0.518,True,0,0,0,0.5,1,2 واقعی + 2 پروکسی,980
2026-10-03 03:30:02,1790998202,useless-3,USELESS,Useless Coin,0.224463,224449420,36920382,-7.5672,-22.1452,42.88,,0.2405,0.2558,False,0.05,-21.55,0.4256,نگه‌داری,0.1489,0.045137,20.14,0.261,False,0.55,True,0.071,-0.105,False,none,0.621,0.379,True,0,0,0,0.5,1,2 واقعی + 2 پروکسی,988
2026-10-03 03:30:02,1790998202,fartcoin,FARTCOIN,Fartcoin,0.176888,176873850,42895936,-0.3259,-9.4828,50.33,,0.1786,0.172,True,0.03,-7.97,0.5144,نگه‌داری,0.0289,0.016414,9.29,0.538,False,0.6,True,0.113,0.078,False,none,0.467,0.533,True,0,0,0,0.7,2,2 واقعی + 2 پروکسی,981
2026-10-03 11:01:14,1791025274,shiba-inu,SHIB,Shiba Inu,5.68e-06,3348157311,88634350,-3.597,-3.928,52.37,,0.0,0.0,True,0.08,-4.15,0.5144,نگه‌داری,0.0289,0.0,5.44,0.543,False,0.7,True,0.018,0.066,False,none,0.637,0.363,True,0,0,0,0.5,1,2 واقعی + 2 پروکسی,992
2026-10-03 11:01:14,1791025274,pump-fun,PUMP,Pump.fun,0.00554257,2575521484,337485470,-5.2003,21.323,60.92,,0.0055,0.0045,True,0.3,26.1,0.5044,نگه‌داری,0.0089,0.000593,10.7,0.816,False,0.7,True,0.036,-0.079,False,none,0.482,0.518,True,0,0,0,0.5,1,2 واقعی + 2 پروکسی,997
2026-10-03 11:01:14,1791025274,pepe,PEPE,Pepe,4.29e-06,1802278468,330530084,-5.4669,-4.1753,55.26,,0.0,0.0,True,0.08,-1.76,0.4911,نگه‌داری,0.0178,0.0,7.71,0.573,False,0.7,True,0.023,0.085,False,none,0.463,0.537,True,0,0,0,0.5,1,2 واقعی + 2 پروکسی,1000
2026-10-03 11:01:14,1791025274,official-trump,TRUMP,Official Trump,2.07,584644427,290745093,-2.6542,-2.6358,44.95,,2.0657,2.0538,True,0.39,-2.13,0.5378,نگه‌داری,0.0756,0.158288,7.64,0.532,False,0.7,True,0.048,-0.015,False,none,0.462,0.538,True,0,0,0,0.7,2,2 واقعی + 2 پروکسی,991
2026-10-03 11:01:14,1791025274,pudgy-penguins,PENGU,Pudgy Penguins,0.00907656,570506369,222839881,-8.4752,-9.7579,50.13,,0.0095,0.0088,True,0.19,-8.37,0.5144,نگه‌داری,0.0289,0.000852,9.39,0.546,False,0.8,True,0.044,0.231,False,none,0.39,0.61,True,0,0,0,0.5,1,2 واقعی + 2 پروکسی,993
2026-10-03 11:01:14,1791025274,bianrensheng,币安人生,币安人生 (BinanceLife),0.496022,496016695,6052383,-4.2602,-1.0039,48.63,,0.4982,0.4966,True,1.79,-0.01,0.5389,نگه‌داری,0.0778,,,0.472,False,0.7,True,0.061,-0.056,,,0.684,0.316,True,0,0,0,0.5,1,2 واقعی + 1 پروکسی,990
2026-10-03 11:01:14,1791025274,spx6900,SPX,SPX6900,0.437298,407105819,5624879,-2.7759,-5.5409,38.72,,0.432,0.4597,False,0.04,-4.08,0.4767,نگه‌داری,0.0467,0.040124,9.18,0.32,False,0.7,True,0.046,-0.013,False,none,0.466,0.534,True,0,0,0,0.3,2,2 واقعی + 2 پروکسی,1001
2026-10-03 11:01:14,1791025274,bonk,BONK,Bonk,3.68e-06,323867064,56413188,-5.8205,-1.7607,56.13,,0.0,0.0,True,0.17,0.74,0.4978,نگه‌داری,0.0044,0.0,8.35,0.689,False,0.7,True,0.054,-0.081,False,none,0.52,0.48,True,0,0,0,0.5,1,2 واقعی + 2 پروکسی,998
2026-10-03 11:01:14,1791025274,floki,FLOKI,FLOKI,2.714e-05,261707507,19903081,-4.3376,-4.9821,51.2,,0.0,0.0,True,0.2,-6.34,0.5144,نگه‌داری,0.0289,2e-06,6.19,0.528,False,0.7,True,0.074,-0.016,False,none,0.861,0.139,True,0,0,0,0.5,1,2 واقعی + 2 پروکسی,994
2026-10-03 11:01:14,1791025274,dogwifcoin,WIF,dogwifhat,0.250393,250094855,75407559,-1.95,-1.3974,60.84,,0.2453,0.2256,True,0.09,2.33,0.4978,نگه‌داری,0.0044,0.020112,8.03,0.724,False,0.7,True,0.04,0.091,False,none,0.519,0.481,True,0,0,0,0.5,1,2 واقعی + 2 پروکسی,999
2026-10-03 11:01:14,1791025274,binance-peg-dogecoin,DOGE,Binance-Peg Dogecoin,0.092502,237174256,1099546,-4.1386,-5.1298,52.71,,0.0942,0.0912,True,0.33,-4.08,0.5144,نگه‌داری,0.0289,0.00529,5.7,0.549,False,0.7,True,0.011,-0.049,False,none,0.498,0.502,True,0,0,0,0.5,1,2 واقعی + 2 پروکسی,995
2026-10-03 11:01:14,1791025274,useless-3,USELESS,Useless Coin,0.233207,233157653,39698722,-7.0002,-21.4344,44.75,,0.2419,0.2562,False,0.28,-18.29,0.4256,نگه‌داری,0.1489,0.046533,19.93,0.322,False,0.7,True,0.094,-0.085,True,low_sweep,0.355,0.645,True,0,0,0,0.3,2,2 واقعی + 2 پروکسی,1002
2026-10-03 11:01:14,1791025274,fartcoin,FARTCOIN,Fartcoin,0.175684,175670555,38716496,-5.7953,-9.566,49.83,,0.1784,0.172,True,0.17,-8.54,0.5144,نگه‌داری,0.0289,0.0167,9.51,0.525,False,0.7,True,0.171,0.165,False,none,0.31,0.69,True,0,0,0,0.5,1,2 واقعی + 2 پروکسی,996
2026-10-03 15:38:09,1791041889,shiba-inu,SHIB,Shiba Inu,5.71e-06,3363209262,73088682,-2.6256,-2.9118,53.16,,0.0,0.0,True,0.11,-3.71,0.5144,نگه‌داری,0.0289,0.0,5.42,0.562,False,0.55,True,0.018,-0.168,False,none,0.42,0.58,True,0,0,0,0.5,1,2 واقعی + 2 پروکسی,1006
2026-10-03 15:38:09,1791041889,pump-fun,PUMP,Pump.fun,0.0056934,2645075899,320473921,-5.0772,31.3115,62.53,,0.0055,0.0045,True,0.53,29.86,0.5044,نگه‌داری,0.0089,0.000599,10.5,0.862,False,0.7,True,0.053,0.048,False,none,0.627,0.373,True,0,0,0,0.5,1,2 واقعی + 2 پروکسی,1011
2026-10-03 15:38:09,1791041889,pepe,PEPE,Pepe,4.27e-06,1795806041,234770982,-3.2578,-2.4048,54.94,,0.0,0.0,True,0.12,-2.09,0.5144,نگه‌داری,0.0289,0.0,7.76,0.566,False,0.8,True,0.023,0.123,False,none,0.579,0.421,True,0,0,0,0.5,1,2 واقعی + 2 پروکسی,1007
2026-10-03 15:38:09,1791041889,official-trump,TRUMP,Official Trump,2.06,579700452,223051367,-3.8203,-3.0598,44.28,,2.0639,2.0531,True,0.58,-2.74,0.5378,نگه‌داری,0.0756,0.158431,7.7,0.496,False,0.7,True,0.097,0.015,False,none,0.503,0.497,True,0,0,0,0.7,2,2 واقعی + 2 پروکسی,1005
2026-10-03 15:38:09,1791041889,pudgy-penguins,PENGU,Pudgy Penguins,0.00920442,578328184,216305590,-4.8809,-7.7319,51.39,,0.0096,0.0088,True,0.29,-7.04,0.5144,نگه‌داری,0.0289,0.000865,9.4,0.574,False,0.7,True,0.054,0.058,False,none,0.662,0.338,True,0,0,0,0.5,1,2 واقعی + 2 پروکسی,1008
2026-10-03 15:38:09,1791041889,bianrensheng,币安人生,币安人生 (BinanceLife),0.49591,496002613,5018829,-1.2876,-0.693,48.6,,0.4982,0.4966,True,1.48,-0.03,0.5389,نگه‌داری,0.0778,,,0.471,False,0.7,True,0.081,0.054,,,0.615,0.385,True,0,0,0,0.5,1,2 واقعی + 1 پروکسی,1004
2026-10-03 15:38:09,1791041889,spx6900,SPX,SPX6900,0.432943,403093634,4899541,-2.1167,-5.2209,37.72,,0.4313,0.4595,False,0.05,-5.05,0.4767,نگه‌داری,0.0467,0.040252,9.3,0.286,False,0.55,True,0.069,-0.141,False,none,0.566,0.434,True,0,0,0,0.3,2,2 واقعی + 2 پروکسی,1014
2026-10-03 15:38:09,1791041889,bonk,BONK,Bonk,3.77e-06,331432690,52890991,-1.409,1.7518,57.54,,0.0,0.0,True,0.31,2.38,0.4978,نگه‌داری,0.0044,0.0,8.4,0.722,False,0.7,True,0.053,0.061,False,none,0.428,0.572,True,0,0,0,0.5,1,2 واقعی + 2 پروکسی,1012
2026-10-03 15:38:09,1791041889,floki,FLOKI,FLOKI,2.733e-05,263476009,17751696,-2.7295,-4.3577,52.06,,0.0,0.0,True,0.21,-5.72,0.5144,نگه‌داری,0.0289,2e-06,6.17,0.551,False,0.6,True,0.11,-0.034,False,none,0.28,0.72,True,0,0,0,0.5,1,2 واقعی + 2 پروکسی,1009
2026-10-03 15:38:09,1791041889,dogwifcoin,WIF,dogwifhat,0.252547,252233677,65556239,-0.8331,1.2865,61.55,,0.2456,0.2257,True,0.15,3.1,0.4978,نگه‌داری,0.0044,0.020326,8.05,0.74,False,0.7,True,0.04,-0.086,False,none,0.516,0.484,True,0,0,0,0.5,1,2 واقعی + 2 پروکسی,1013
2026-10-03 15:38:09,1791041889,useless-3,USELESS,Useless Coin,0.232279,232250005,36849866,-7.7159,-18.0897,44.73,,0.2418,0.2562,False,0.43,-18.33,0.4256,نگه‌داری,0.1489,0.046533,19.94,0.321,False,0.3,True,0.193,-0.31,True,low_sweep,0.23,0.77,True,0,0,0,0.3,2,2 واقعی + 2 پروکسی,1016
2026-10-03 15:38:09,1791041889,fartcoin,FARTCOIN,Fartcoin,0.17652,176452718,35180201,-4.6273,-8.3508,50.29,,0.1785,0.172,True,0.27,-8.02,0.5144,نگه‌داری,0.0289,0.0167,9.46,0.537,False,0.7,True,0.17,0.13,False,none,0.539,0.461,True,0,0,0,0.5,1,2 واقعی + 2 پروکسی,1010
2026-10-03 15:38:09,1791041889,non-playable-coin,NPC,Non-Playable Coin,0.02111125,169944702,1810353,-7.7628,-9.9031,45.48,,0.0219,0.0224,False,0.12,-9.45,0.4533,نگه‌داری,0.0933,0.002417,11.42,0.233,False,0.8,True,0.142,0.53,False,none,0.193,0.807,True,0,0,0,0.5,1,2 واقعی + 2 پروکسی,1015
2026-10-03 20:32:29,1791059549,shiba-inu,SHIB,Shiba Inu,5.75e-06,3389689403,56684247,2.6535,-3.1853,54.46,,0.0,0.0,True,0.13,-2.95,0.5144,نگه‌داری,0.0289,0.0,5.4,0.594,False,0.7,True,0.017,-0.017,False,none,0.42,0.58,True,0,0,0,0.5,1,2 واقعی + 2 پروکسی,1021
2026-10-03 20:32:29,1791059549,pump-fun,PUMP,Pump.fun,0.00631721,2935428957,347760555,17.8756,42.8306,67.43,,0.0056,0.0046,True,1.06,43.58,0.5589,خرید,0.1178,0.000644,10.2,1.012,False,0.7,True,0.032,0.041,False,none,0.877,0.123,True,0,0,0,0.7,2,2 واقعی + 2 پروکسی,1018
2026-10-03 20:32:29,1791059549,pepe,PEPE,Pepe,4.32e-06,1818713562,147866775,3.6518,-1.5776,56.08,,0.0,0.0,True,0.17,-0.89,0.4911,نگه‌داری,0.0178,0.0,7.72,0.595,False,0.8,True,0.023,0.146,False,none,0.523,0.477,True,0,0,0,0.5,1,2 واقعی + 2 پروکسی,1027
2026-10-03 20:32:29,1791059549,pudgy-penguins,PENGU,Pudgy Penguins,0.00926817,582458967,166208114,4.8157,-8.2509,51.86,,0.0096,0.0088,True,0.36,-6.51,0.5144,نگه‌داری,0.0289,0.000865,9.34,0.584,False,0.8,True,0.054,0.158,False,none,0.425,0.575,True,0,0,0,0.5,1,2 واقعی + 2 پروکسی,1022
2026-10-03 20:32:29,1791059549,official-trump,TRUMP,Official Trump,2.05,577692723,166082128,1.1576,-3.7421,43.83,,2.0626,2.0527,True,0.77,-3.17,0.5378,نگه‌داری,0.0756,0.159074,7.76,0.47,False,0.7,True,0.098,-0.062,False,none,0.508,0.492,True,0,0,0,0.5,1,2 واقعی + 2 پروکسی,1019
2026-10-03 20:32:29,1791059549,bianrensheng,币安人生,币安人生 (BinanceLife),0.502358,502356386,2982884,3.0446,1.0638,51.11,,0.4992,0.4969,True,0.88,1.45,0.5278,نگه‌داری,0.0556,0.019947,3.96,0.604,False,0.55,True,0.06,-0.265,False,none,0.279,0.721,True,0,0,0,0.5,1,2 واقعی + 2 پروکسی,1020
2026-10-03 20:32:29,1791059549,spx6900,SPX,SPX6900,0.448954,417986972,4810562,7.615,-1.4536,41.26,,0.4337,0.4603,False,0.07,-1.47,0.46,نگه‌داری,0.08,0.041109,9.15,0.413,False,0.55,True,0.045,-0.112,False,none,0.644,0.356,True,0,0,0,0.3,2,2 واقعی + 2 پروکسی,1028
2026-10-03 20:32:29,1791059549,bonk,BONK,Bonk,3.81e-06,334598620,40901668,6.5839,2.6218,59.06,,0.0,0.0,True,0.45,4.27,0.4978,نگه‌داری,0.0044,0.0,8.4,0.759,False,0.7,True,0.053,0.044,False,none,0.489,0.511,True,0,0,0,0.5,1,2 واقعی + 2 پروکسی,1025
2026-10-03 20:32:29,1791059549,ape-and-pepe,APEPE,Ape and Pepe,1.28e-06,268084716,11926036,-0.2888,-2.7124,55.9,,0.0,0.0,True,0.51,-2.62,0.4578,نگه‌داری,0.0844,0.0,4.97,0.629,False,0.9,False,0.1,,False,none,0.65,0.35,False,0,0,0,,,0 واقعی + 4 پروکسی,1029
2026-10-03 20:32:29,1791059549,floki,FLOKI,FLOKI,2.741e-05,264260794,12846660,2.3426,-5.2465,52.43,,0.0,0.0,True,0.26,-5.45,0.5144,نگه‌داری,0.0289,2e-06,6.23,0.561,False,0.7,True,0.073,-0.013,False,none,0.318,0.682,True,0,0,0,0.5,1,2 واقعی + 2 پروکسی,1023
2026-10-03 20:32:29,1791059549,dogwifcoin,WIF,dogwifhat,0.253808,253498485,54102424,6.1107,3.0581,61.95,,0.2457,0.2257,True,0.24,3.55,0.4978,نگه‌داری,0.0044,0.020604,8.12,0.75,False,0.7,True,0.079,0.096,False,none,0.501,0.499,True,0,0,0,0.5,1,2 واقعی + 2 پروکسی,1026
2026-10-03 20:32:29,1791059549,useless-3,USELESS,Useless Coin,0.240297,240285351,35432116,8.4043,-16.0536,46.03,,0.2428,0.2565,False,0.55,-15.93,0.4022,نگه‌داری,0.1956,0.046712,19.45,0.367,False,0.6,True,0.2,0.092,True,low_sweep,0.509,0.491,True,0,0,0,0.3,2,2 واقعی + 2 پروکسی,1032
2026-10-03 20:32:29,1791059549,build-on,B,BUILDon,0.180212,180219227,3359256,0.8941,-3.5757,53.06,,0.1773,0.1952,False,0.66,-6.25,0.4311,نگه‌داری,0.1378,,,0.297,False,0.7,False,0.3,,,,0.561,0.439,False,0,0,0,,,0 واقعی + 3 پروکسی,1031
2026-10-03 20:32:29,1791059549,fartcoin,FARTCOIN,Fartcoin,0.178226,178207556,31559284,2.9464,-8.487,51.07,,0.1788,0.1721,True,0.35,-7.14,0.5144,نگه‌داری,0.0289,0.016743,9.39,0.558,False,0.6,True,0.169,0.084,False,none,0.439,0.561,True,0,0,0,0.5,1,2 واقعی + 2 پروکسی,1024
2026-10-03 20:32:29,1791059549,non-playable-coin,NPC,Non-Playable Coin,0.02163557,174163623,1969965,-0.3012,-7.5557,47.04,,0.022,0.0224,False,0.37,-7.74,0.4533,نگه‌داری,0.0933,0.002434,11.28,0.311,False,0.3,True,0.139,-0.453,False,none,0.664,0.336,True,0,0,0,0.3,2,2 واقعی + 2 پروکسی,1030
2026-10-04 03:57:51,1791086271,shiba-inu,SHIB,Shiba Inu,5.69e-06,3354073765,49851023,-0.7959,-3.5906,50.37,,0.0,0.0,True,0.01,-3.87,0.5144,نگه‌داری,0.0289,0.0,5.11,0.531,False,0.7,True,0.018,-0.098,False,none,0.518,0.482,True,0,0,0,0.5,1,2 واقعی + 2 پروکسی,1035
2026-10-04 03:57:51,1791086271,pump-fun,PUMP,Pump.fun,0.00638826,2967871253,348407272,15.1891,43.0469,69.67,,0.0058,0.0047,True,0.09,23.61,0.5044,نگه‌داری,0.0089,0.000617,9.68,0.963,False,0.7,True,0.078,-0.018,False,none,0.402,0.598,True,0,0,0,0.7,2,2 واقعی + 2 پروکسی,1038
2026-10-04 03:57:51,1791086271,pepe,PEPE,Pepe,4.26e-06,1793826013,123161058,0.0288,-1.9616,53.86,,0.0,0.0,True,0.03,-2.4,0.5144,نگه‌داری,0.0289,0.0,7.35,0.538,False,0.8,True,0.023,0.119,False,none,0.512,0.488,True,0,0,0,0.5,1,2 واقعی + 2 پروکسی,1036
2026-10-04 03:57:51,1791086271,pudgy-penguins,PENGU,Pudgy Penguins,0.00912384,573528032,136329977,1.6603,-6.5007,49.4,,0.0094,0.0089,True,0.03,-10.91,0.4911,نگه‌داری,0.0178,0.000814,8.92,0.537,False,0.8,True,0.044,0.18,False,none,0.493,0.507,True,0,0,0,0.5,1,2 واقعی + 2 پروکسی,1041
2026-10-04 03:57:51,1791086271,official-trump,TRUMP,Official Trump,2.03,573437134,134462107,-3.1626,-3.0984,41.5,,2.0494,2.0577,False,0.02,-4.24,0.46,نگه‌داری,0.08,0.149188,7.33,0.424,False,0.55,True,0.049,-0.103,False,none,0.537,0.463,True,0,0,0,0.3,2,2 واقعی + 2 پروکسی,1044
2026-10-04 03:57:51,1791086271,bianrensheng,币安人生,币安人生 (BinanceLife),0.502391,502390750,2282219,2.3654,1.5748,51.4,,0.5003,0.4981,True,0.69,1.87,0.5156,نگه‌داری,0.0311,,,0.565,True,0.55,True,0.06,-0.195,,,0.64,0.36,True,0,0,0,0.5,1,2 واقعی + 1 پروکسی,1034
2026-10-04 03:57:51,1791086271,spx6900,SPX,SPX6900,0.434197,404232131,6236220,0.7893,-3.6097,38.76,,0.4316,0.4579,False,0.04,-2.27,0.4767,نگه‌داری,0.0467,0.039687,9.14,0.311,False,0.6,True,0.115,-0.079,False,none,0.743,0.257,True,0,0,0,0.3,2,2 واقعی + 2 پروکسی,1043
2026-10-04 03:57:51,1791086271,bonk,BONK,Bonk,3.8e-06,334790413,36504376,4.1362,4.9029,58.58,,0.0,0.0,True,0.07,1.74,0.4978,نگه‌داری,0.0044,0.0,7.97,0.735,False,0.55,True,0.026,-0.169,False,none,0.336,0.664,True,0,0,0,0.5,1,2 واقعی + 2 پروکسی,1039
2026-10-04 03:57:51,1791086271,floki,FLOKI,FLOKI,2.715e-05,261824475,11856904,-0.7983,-5.5283,49.12,,0.0,0.0,True,0.02,-4.87,0.5144,نگه‌داری,0.0289,2e-06,5.84,0.51,False,0.55,True,0.037,-0.123,False,none,0.443,0.557,True,0,0,0,0.5,1,2 واقعی + 2 پروکسی,1037
2026-10-04 03:57:51,1791086271,dogwifcoin,WIF,dogwifhat,0.248528,248260959,54628796,1.2817,2.5282,58.03,,0.246,0.2285,True,0.19,1.72,0.4978,نگه‌داری,0.0044,0.019408,7.81,0.684,False,0.7,True,0.04,0.063,False,none,0.499,0.501,True,0,0,0,0.5,1,2 واقعی + 2 پروکسی,1040
2026-10-04 03:57:51,1791086271,useless-3,USELESS,Useless Coin,0.242542,242527669,30139015,8.7578,-16.0926,47.1,,0.2366,0.2579,False,0.11,-15.18,0.4022,نگه‌داری,0.1956,0.042848,17.67,0.355,False,0.45,True,0.103,-0.121,False,none,0.149,0.851,True,0,0,0,0.3,2,2 واقعی + 2 پروکسی,1046
2026-10-04 03:57:51,1791086271,non-playable-coin,NPC,Non-Playable Coin,0.02171857,174837198,1906201,-0.2442,-6.6017,49.96,,0.0219,0.0224,False,0.04,-1.45,0.4533,نگه‌داری,0.0933,0.002327,10.69,0.36,False,0.45,True,0.138,-0.3,False,none,0.108,0.892,True,0,0,0,0.3,2,2 واقعی + 2 پروکسی,1045
2026-10-04 03:57:51,1791086271,fartcoin,FARTCOIN,Fartcoin,0.174392,174377324,27657075,-1.519,-9.4269,47.97,,0.1756,0.1737,True,0.02,-10.47,0.4911,نگه‌داری,0.0178,0.015733,9.02,0.488,False,0.7,True,0.057,0.057,False,none,0.414,0.586,True,0,0,0,0.5,1,2 واقعی + 2 پروکسی,1042
2026-10-04 05:54:44,1791093284,shiba-inu,SHIB,Shiba Inu,5.71e-06,3365111594,49463466,0.046,-3.0046,50.81,,0.0,0.0,True,0.02,-3.63,0.5144,نگه‌داری,0.0289,0.0,5.1,0.542,False,0.55,True,0.018,-0.228,False,none,0.394,0.606,True,0,0,0,0.5,1,2 واقعی + 2 پروکسی,
2026-10-04 05:54:44,1791093284,pump-fun,PUMP,Pump.fun,0.00645317,2997923107,345599922,17.2649,45.8725,70.22,,0.0058,0.0047,True,0.14,25.15,0.4733,نگه‌داری,0.0533,0.000618,9.58,0.98,False,0.8,True,0.078,0.229,False,none,0.459,0.541,True,0,0,0,0.7,2,2 واقعی + 2 پروکسی,
2026-10-04 05:54:44,1791093284,pepe,PEPE,Pepe,4.28e-06,1802295428,120087076,0.8748,-1.2731,54.42,,0.0,0.0,True,0.03,-1.95,0.5144,نگه‌داری,0.0289,0.0,7.31,0.55,False,0.7,True,0.023,0.034,False,none,0.591,0.409,True,0,0,0,0.5,1,2 واقعی + 2 پروکسی,
2026-10-04 05:54:44,1791093284,pudgy-penguins,PENGU,Pudgy Penguins,0.00919438,577962403,132884139,2.4705,-6.089,50.11,,0.0094,0.0089,True,0.04,-10.22,0.4911,نگه‌داری,0.0178,0.000814,8.85,0.553,False,0.7,True,0.011,0.089,False,none,0.683,0.317,True,0,0,0,0.5,1,2 واقعی + 2 پروکسی,
2026-10-04 05:54:44,1791093284,official-trump,TRUMP,Official Trump,2.05,576712741,132600057,-1.8706,-2.3373,42.06,,2.051,2.0582,False,0.03,-3.72,0.46,نگه‌داری,0.08,0.149188,7.29,0.455,False,0.7,True,0.049,-0.079,False,none,0.488,0.512,True,0,0,0,0.3,2,2 واقعی + 2 پروکسی,
2026-10-04 05:56:20,1791093380,shiba-inu,SHIB,Shiba Inu,5.71e-06,3365111594,49463466,0.046,-3.0046,50.81,,0.0,0.0,True,0.02,-3.63,0.5144,نگه‌داری,0.0289,0.0,5.1,0.542,False,,,,,,,,,,,,,,,,
2026-10-04 05:56:20,1791093380,pump-fun,PUMP,Pump.fun,0.00645317,2997923107,345599922,17.2649,45.8725,70.26,,0.0058,0.0047,True,0.14,25.26,0.4733,نگه‌داری,0.0533,0.000618,9.57,0.981,False,,,,,,,,,,,,,,,,
2026-10-04 05:56:20,1791093380,pepe,PEPE,Pepe,4.28e-06,1802295428,120087076,0.8748,-1.2731,54.45,,0.0,0.0,True,0.03,-1.92,0.5144,نگه‌داری,0.0289,0.0,7.31,0.551,False,,,,,,,,,,,,,,,,
2026-10-04 05:56:20,1791093380,pudgy-penguins,PENGU,Pudgy Penguins,0.00919438,577962403,132884139,2.4705,-6.089,50.06,,0.0094,0.0089,True,0.04,-10.27,0.4911,نگه‌داری,0.0178,0.000814,8.85,0.552,False,,,,,,,,,,,,,,,,
2026-10-04 05:56:20,1791093380,official-trump,TRUMP,Official Trump,2.05,576712741,132600057,-1.8706,-2.3373,42.06,,2.051,2.0582,False,0.03,-3.72,0.46,نگه‌داری,0.08,0.149188,7.29,0.455,False,,,,,,,,,,,,,,,,
2026-10-04 05:56:20,1791093380,spx6900,SPX,SPX6900,0.43504,405016940,6287371,1.2341,-2.5416,38.81,,0.4316,0.4579,False,0.05,-2.18,0.4767,نگه‌داری,0.0467,0.039687,9.13,0.314,False,,,,,,,,,,,,,,,,
2026-10-04 05:56:20,1791093380,bonk,BONK,Bonk,3.84e-06,338233974,36380398,5.8077,5.7346,59.38,,0.0,0.0,True,0.1,2.7,0.4978,نگه‌داری,0.0044,0.0,7.91,0.755,False,,,,,,,,,,,,,,,,
2026-10-04 05:56:20,1791093380,floki,FLOKI,FLOKI,2.724e-05,262695060,12181803,-0.3149,-5.2734,49.57,,0.0,0.0,True,0.03,-4.55,0.5144,نگه‌داری,0.0289,2e-06,5.84,0.522,False,,,,,,,,,,,,,,,,
2026-10-04 05:56:20,1791093380,dogwifcoin,WIF,dogwifhat,0.249291,249023397,57045884,1.5116,3.4269,58.45,,0.2461,0.2286,True,0.29,2.0,0.4978,نگه‌داری,0.0044,0.019408,7.79,0.69,False,,,,,,,,,,,,,,,,
2026-10-04 05:56:20,1791093380,useless-3,USELESS,Useless Coin,0.2408,240785298,28730508,9.7653,-15.2173,46.7,,0.2363,0.2578,False,0.13,-15.91,0.4022,فروش,0.1956,0.042848,17.82,0.34,False,,,,,,,,,,,,,,,,
2026-10-04 05:56:20,1791093380,fartcoin,FARTCOIN,Fartcoin,0.176885,176869836,28114982,1.4406,-7.7044,49.1,,0.176,0.1739,True,0.05,-9.24,0.5144,نگه‌داری,0.0289,0.01574,8.9,0.52,False,,,,,,,,,,,,,,,,
2026-10-04 05:56:20,1791093380,non-playable-coin,NPC,Non-Playable Coin,0.0217862,175381677,1905168,0.7359,-7.4798,49.83,,0.0219,0.0224,False,0.05,-1.59,0.4533,نگه‌داری,0.0933,0.002327,10.71,0.354,False,,,,,,,,,,,,,,,,
2026-10-04 05:56:20,1791093380,cash-cat,CASHCAT,Cash Cat,0.165831,163820148,8274670,5.9889,-7.2184,40.67,,0.1675,0.1752,False,0.04,-4.43,0.4489,نگه‌داری,0.1022,0.028167,16.96,0.359,False,,,,,,,,,,,,,,,,
2026-10-04 05:56:20,1791093380,artificial-inu-3,AI,Artificial Inu,0.128246,127114964,14084878,-2.1282,-47.7564,49.54,,0.0204,0.0203,True,0.05,-2.75,0.4978,نگه‌داری,0.0044,0.000984,4.8,0.544,False,,,,,,,,,,,,,,,,
2026-10-04 05:56:20,1791093380,marscoin-4,MARSCOIN,MarsCoin,0.112986,112985671,24071718,3.8523,-13.4278,37.29,,0.1278,0.117,True,0.1,-8.27,0.51,نگه‌داری,0.02,0.026216,23.18,0.43,False,,,,,,,,,,,,,,,,
2026-10-04 05:56:20,1791093380,melania-meme,MELANIA,Melania Meme,0.103912,103911170,6231798,0.1726,-2.7562,42.73,,0.1035,0.1039,False,0.02,-2.73,0.46,نگه‌داری,0.08,0.005928,5.69,0.519,False,,,,,,,,,,,,,,,,
2026-10-04 05:56:20,1791093380,purr-2,PURR,Purr,0.171658,102100824,2099490,9.7179,31.8012,65.52,,0.1565,0.1362,True,0.6,7.3,0.4533,نگه‌داری,0.0933,0.027632,16.09,0.931,False,,,,,,,,,,,,,,,,
2026-10-04 08:03:39,1791101019,shiba-inu,SHIB,Shiba Inu,5.72e-06,3368415976,48269798,0.7903,-3.0481,51.04,,0.0,0.0,True,0.03,-3.51,0.5144,نگه‌داری,0.0289,0.0,5.1,0.547,False,0.7,True,0.018,0.067,False,none,0.461,0.539,True,0,0,0,0.7,2,2 واقعی + 2 پروکسی,1099
2026-10-04 08:03:39,1791101019,pump-fun,PUMP,Pump.fun,0.00640395,2974933138,362993495,16.394,45.2326,69.94,,0.0058,0.0047,True,0.21,24.37,0.5044,نگه‌داری,0.0089,0.000626,9.76,0.971,False,0.7,True,0.047,0.044,True,high_sweep,0.372,0.628,True,0,0,0,0.9,4,2 واقعی + 2 پروکسی,1113
2026-10-04 08:03:39,1791101019,pepe,PEPE,Pepe,4.28e-06,1801879629,118077311,1.301,-1.5438,54.48,,0.0,0.0,True,0.04,-1.9,0.5144,نگه‌داری,0.0289,0.0,7.31,0.551,False,0.8,True,0.023,0.14,False,none,0.444,0.556,True,0,0,0,0.7,2,2 واقعی + 2 پروکسی,1100
2026-10-04 08:03:39,1791101019,pudgy-penguins,PENGU,Pudgy Penguins,0.00928477,583644210,132819048,4.0236,-6.5371,50.82,,0.0094,0.0089,True,0.08,-9.53,0.5144,نگه‌داری,0.0289,0.000816,8.8,0.568,False,0.8,True,0.011,0.175,False,none,0.487,0.513,True,0,0,0,0.8,3,2 واقعی + 2 پروکسی,1101
2026-10-04 08:03:39,1791101019,official-trump,TRUMP,Official Trump,2.05,577020237,126851069,-0.5556,-2.3547,42.18,,2.0513,2.0583,False,0.04,-3.62,0.46,نگه‌داری,0.08,0.149188,7.28,0.461,False,0.7,True,0.049,-0.06,False,none,0.51,0.49,True,0,0,0,0.2,3,2 واقعی + 2 پروکسی,
2026-10-04 08:03:39,1791101019,bianrensheng,币安人生,币安人生 (BinanceLife),0.502415,502414765,1904765,2.2221,1.2381,51.51,,0.5004,0.4981,True,0.58,1.93,0.5211,خرید,0.0422,0.019326,3.84,0.572,True,0.55,True,0.04,-0.3,False,none,0.589,0.411,True,0,0,0,0.7,2,2 واقعی + 2 پروکسی,1097
2026-10-04 08:03:39,1791101019,spx6900,SPX,SPX6900,0.441241,410789858,6755535,2.955,-1.8052,39.92,,0.4327,0.4583,False,0.06,-0.45,0.4767,نگه‌داری,0.0467,0.039687,8.97,0.377,False,0.6,True,0.113,0.075,False,none,0.755,0.245,True,0,0,0,0.2,3,2 واقعی + 2 پروکسی,
2026-10-04 08:03:39,1791101019,bonk,BONK,Bonk,3.85e-06,338835908,37833370,6.496,5.5331,59.51,,0.0,0.0,True,0.14,2.86,0.4978,نگه‌داری,0.0044,0.0,7.95,0.758,False,0.7,True,0.052,-0.075,False,none,0.258,0.742,True,0,0,0,0.8,3,2 واقعی + 2 پروکسی,
2026-10-04 08:03:39,1791101019,ape-and-pepe,APEPE,Ape and Pepe,1.32e-06,276872655,11438821,2.8461,0.4156,61.52,,0.0,0.0,True,0.76,0.4,0.4644,نگه‌داری,0.0711,0.0,4.6,0.855,False,0.9,False,0.1,,False,none,0.674,0.326,False,0,0,0,,,0 واقعی + 4 پروکسی,
2026-10-04 08:03:39,1791101019,floki,FLOKI,FLOKI,2.735e-05,263712473,11873547,1.1041,-5.0633,49.98,,0.0,0.0,True,0.04,-4.27,0.5144,نگه‌داری,0.0289,2e-06,5.82,0.532,False,0.7,True,0.037,-0.088,False,none,0.443,0.557,True,0,0,0,0.7,2,2 واقعی + 2 پروکسی,1102
2026-10-04 08:03:39,1791101019,dogwifcoin,WIF,dogwifhat,0.248775,248507933,59190382,1.8591,2.1121,58.09,,0.246,0.2285,True,0.39,1.76,0.4978,نگه‌داری,0.0044,0.019479,7.83,0.685,False,0.8,True,0.04,0.127,False,none,0.486,0.514,True,0,0,0,0.2,3,2 واقعی + 2 پروکسی,
2026-10-04 08:03:39,1791101019,useless-3,USELESS,Useless Coin,0.242494,242479810,29531310,10.3341,-16.5722,47.22,,0.2367,0.2579,False,0.18,-14.96,0.4022,فروش,0.1956,0.042892,17.64,0.359,False,0.45,True,0.103,-0.282,False,none,0.72,0.28,True,0,0,0,0.2,3,2 واقعی + 2 پروکسی,
2026-10-04 08:03:39,1791101019,fartcoin,FARTCOIN,Fartcoin,0.179215,179199760,28369727,4.0403,-6.9438,50.08,,0.1763,0.174,True,0.07,-8.21,0.5144,نگه‌داری,0.0289,0.015897,8.89,0.546,False,0.7,True,0.056,-0.037,False,none,0.826,0.174,True,0,0,0,0.7,2,2 واقعی + 2 پروکسی,1103
2026-10-04 08:03:39,1791101019,build-on,B,BUILDon,0.177315,177314677,3168469,3.8541,-6.7375,52.13,,0.1753,0.1933,False,0.69,-7.03,0.4533,نگه‌داری,0.0933,0.019817,11.17,0.278,False,0.7,False,0.3,,False,none,0.542,0.458,False,0,0,0,,,0 واقعی + 4 پروکسی,
2026-10-04 08:03:39,1791101019,non-playable-coin,NPC,Non-Playable Coin,0.02180014,175493854,1929066,0.5919,-7.2621,50.05,,0.0219,0.0224,False,0.06,-1.36,0.4533,نگه‌داری,0.0933,0.002327,10.68,0.364,False,0.45,True,0.137,-0.244,False,none,0.548,0.452,True,0,0,0,0.2,3,2 واقعی + 2 پروکسی,
2026-10-04 08:03:39,1791101019,cash-cat,CASHCAT,Cash Cat,0.165933,163920817,8006389,7.0118,-7.149,40.57,,0.1674,0.1752,False,0.05,-4.6,0.4489,نگه‌داری,0.1022,0.028181,17.0,0.355,False,0.6,True,0.181,-0.023,False,none,0.426,0.574,True,0,0,0,0.7,2,2 واقعی + 2 پروکسی,
2026-10-04 08:03:39,1791101019,artificial-inu-3,AI,Artificial Inu,0.133896,132715023,15625662,0.7369,-45.9399,52.11,,0.0204,0.0203,True,0.06,-1.42,0.4811,نگه‌داری,0.0378,0.001001,4.82,0.618,False,0.3,True,0.145,-0.45,False,none,0.58,0.42,True,0,0,0,0.8,3,2 واقعی + 2 پروکسی,
2026-10-04 08:03:39,1791101019,marscoin-4,MARSCOIN,MarsCoin,0.112297,112296684,22151410,1.1683,-15.3143,36.99,,0.1277,0.117,True,0.13,-9.0,0.51,نگه‌داری,0.02,0.026216,23.37,0.419,False,0.8,True,0.089,0.251,False,none,0.601,0.399,True,0,0,0,0.7,2,2 واقعی + 2 پروکسی,1112
2026-10-04 08:03:39,1791101019,melania-meme,MELANIA,Melania Meme,0.103619,103618162,6256204,0.7715,-3.7271,41.91,,0.1034,0.1038,False,0.07,-3.26,0.46,نگه‌داری,0.08,0.005928,5.72,0.485,False,0.45,True,0.125,-0.222,False,none,0.653,0.347,True,0,0,0,0.2,3,2 واقعی + 2 پروکسی,
2026-10-04 08:03:39,1791101019,ordinals,ORDI,ORDI,4.58,96200728,8356442,1.2846,-5.3131,52.03,,4.5936,4.553,True,0.19,-5.16,0.5144,نگه‌داری,0.0289,0.31299,6.84,0.499,False,0.6,True,0.153,0.037,False,none,0.876,0.124,True,0,0,0,0.7,2,2 واقعی + 2 پروکسی,1104
2026-10-04 08:03:39,1791101019,niu-lai,牛来,牛来 (Niu Lai),0.082828,82828383,20047328,-0.9402,-20.7278,45.08,,0.0965,0.1045,False,0.5,-20.08,0.4189,فروش,0.1622,0.016756,20.17,-0.002,False,0.7,True,0.024,0.032,False,none,0.561,0.439,True,0,0,0,0.7,2,2 واقعی + 2 پروکسی,
2026-10-04 08:03:39,1791101019,baby-doge-coin,BABYDOGE,Baby Doge Coin,0.0,75894523,1991003,1.9709,-2.1842,49.62,,0.0,0.0,True,0.29,-4.41,0.4811,نگه‌داری,0.0378,0.0,4.98,0.602,False,0.7,True,0.243,0.115,False,none,0.445,0.555,True,0,0,0,0.8,3,2 واقعی + 2 پروکسی,
2026-10-04 08:03:39,1791101019,banana-for-scale-2,BANANAS31,Banana For Scale,0.00743234,74323427,2756935,1.498,-6.9327,39.77,,0.0076,0.0077,False,0.42,-7.78,0.4767,نگه‌داری,0.0467,0.000408,5.48,0.263,False,0.7,True,0.067,-0.031,False,none,0.482,0.518,True,0,0,0,0.2,3,2 واقعی + 2 پروکسی,
2026-10-04 08:03:39,1791101019,turbo,TURBO,Turbo,0.00104061,71801788,4962694,1.4552,-1.6024,51.97,,0.001,0.001,True,0.05,-2.62,0.4978,نگه‌داری,0.0044,6.7e-05,6.47,0.613,False,0.8,True,0.289,0.498,False,none,0.314,0.686,True,0,0,0,0.8,3,2 واقعی + 2 پروکسی,
2026-10-04 08:03:39,1791101019,book-of-meme,BOME,BOOK OF MEME,0.000999,68930450,5529022,-0.0247,-2.3028,51.11,,0.001,0.001,True,0.07,-2.73,0.5144,نگه‌داری,0.0289,7.5e-05,7.56,0.51,False,0.7,True,0.11,0.213,False,none,0.645,0.355,True,0,0,0,0.7,2,2 واقعی + 2 پروکسی,1105
2026-10-04 08:03:39,1791101019,comedian,BAN,Comedian,0.06723,67227229,3793386,6.5792,-0.9173,50.19,,0.0649,0.0663,False,0.49,-0.97,0.42,فروش,0.16,0.003542,5.27,0.648,False,0.3,True,0.313,-0.425,True,high_sweep,0.611,0.389,True,0,0,0,0.8,3,2 واقعی + 2 پروکسی,
2026-10-04 08:03:39,1791101019,mubarak,MUBARAK,Mubarak,0.065699,65699499,20509126,3.3514,16.2926,64.29,,0.062,0.0495,True,0.25,24.01,0.5211,خرید,0.0422,0.008618,13.09,0.768,False,0.6,True,0.182,0.067,False,none,0.413,0.587,True,0,0,0,0.8,3,2 واقعی + 2 پروکسی,1098
2026-10-04 08:03:39,1791101019,the-black-bull,ANSEM,The Black Bull,0.152739,63679771,3766823,17.6093,-15.0974,41.53,,0.1422,0.1514,False,0.31,-7.87,0.4322,نگه‌داری,0.1356,0.029533,19.25,0.525,False,0.45,True,0.13,-0.134,False,none,0.476,0.524,True,0,0,0,0.8,3,2 واقعی + 2 پروکسی,
2026-10-04 08:03:39,1791101019,based-brett,BRETT,Brett,0.00592579,58722180,3049909,2.4928,-0.3305,55.52,,0.0058,0.0055,True,0.06,-2.9,0.4744,نگه‌داری,0.0511,0.000483,8.11,0.732,False,0.7,True,0.269,0.218,False,none,0.671,0.329,True,0,0,0,0.9,4,2 واقعی + 2 پروکسی,
2026-10-04 08:03:39,1791101019,boner-coin,BONER,Boner Coin,0.056107,56103705,1483821,18.6779,23.3874,56.59,,0.0504,0.0486,True,0.73,27.29,0.4767,نگه‌داری,0.0467,0.008816,15.71,0.843,False,0.7,False,0.3,,True,high_sweep,0.572,0.428,False,0,0,0,,,0 واقعی + 4 پروکسی,
2026-10-04 08:03:39,1791101019,peanut-the-squirrel,PNUT,Peanut the Squirrel,0.054398,54389181,4663217,2.0716,-1.9639,53.2,,0.0537,0.0526,True,0.05,-1.81,0.5144,نگه‌داری,0.0289,0.003201,5.9,0.598,False,0.6,True,0.368,-0.064,False,none,0.684,0.316,True,0,0,0,0.8,3,2 واقعی + 2 پروکسی,1106
2026-10-04 08:03:39,1791101019,toshi,TOSHI,Toshi,0.0001247,52459202,2418229,0.7517,-1.9769,50.81,,0.0001,0.0001,True,0.29,-3.18,0.5144,نگه‌داری,0.0289,9e-06,6.87,0.581,False,0.7,True,0.24,0.173,False,none,0.421,0.579,True,0,0,0,0.8,3,2 واقعی + 2 پروکسی,1107
2026-10-04 08:03:39,1791101019,popcat,POPCAT,Popcat,0.05352,52448306,9937035,3.1724,-4.7463,49.4,,0.0529,0.0524,True,0.13,-4.1,0.5144,نگه‌داری,0.0289,0.003562,6.65,0.549,False,0.6,True,0.243,-0.038,False,none,0.758,0.242,True,0,0,0,0.9,4,2 واقعی + 2 پروکسی,1108
2026-10-04 08:03:39,1791101019,notcoin,NOT,Notcoin,0.00050634,50345549,3093264,0.459,-2.0217,56.22,,0.0005,0.0005,True,0.1,-3.8,0.4744,نگه‌داری,0.0511,3e-05,5.86,0.679,False,0.7,True,0.178,0.282,False,none,0.498,0.502,True,0,0,0,0.8,3,2 واقعی + 2 پروکسی,
2026-10-04 08:03:39,1791101019,cat-in-a-dogs-world,MEW,cat in a dogs world,0.00053381,47450099,4396502,1.9847,5.8128,66.37,,0.0005,0.0005,True,0.07,5.14,0.4811,نگه‌داری,0.0378,3.2e-05,6.06,0.814,False,0.7,True,0.188,0.218,False,none,0.401,0.599,True,0,0,0,0.8,3,2 واقعی + 2 پروکسی,
2026-10-04 08:03:39,1791101019,neiro-3,NEIRO,Neiro,9.04e-05,38029031,3483180,1.2617,-2.3752,51.27,,0.0001,0.0001,True,0.37,-1.02,0.5144,نگه‌داری,0.0289,5e-06,5.52,0.503,False,0.7,True,0.033,0.09,False,none,0.171,0.829,True,0,0,0,0.7,2,2 واقعی + 2 پروکسی,1109
2026-10-04 08:03:39,1791101019,dogelon-mars,ELON,Dogelon Mars,3e-08,32704150,1621763,-0.1538,-2.5529,48.42,,0.0,0.0,True,0.25,-1.26,0.4978,نگه‌داری,0.0044,0.0,4.11,0.547,False,0.6,True,0.244,-0.017,False,none,0.57,0.43,True,0,0,0,0.8,3,2 واقعی + 2 پروکسی,
2026-10-04 08:03:39,1791101019,czs-dog,BROCCOLI,CZ's Dog,0.02629877,25410148,3694685,3.7909,-10.0501,57.78,,0.0263,0.0237,True,0.34,-6.79,0.4467,نگه‌داری,0.1067,0.004688,17.82,0.633,False,0.7,False,0.3,,False,none,0.648,0.352,False,0,0,0,,,0 واقعی + 4 پروکسی,
2026-10-04 08:03:39,1791101019,dogs-2,DOGS,Dogs,4.811e-05,24860821,2129179,1.3978,-6.7233,51.95,,0.0,0.0,False,0.19,-7.2,0.4367,نگه‌داری,0.1267,4e-06,7.58,0.463,False,0.8,True,0.042,0.178,False,none,0.351,0.649,True,0,0,0,0.7,2,2 واقعی + 2 پروکسی,
2026-10-04 08:03:39,1791101019,pipedog,PIPEDOG,pipedog,0.00141078,17417045,3171773,-3.2771,-26.0759,12.78,,0.0016,0.002,False,0.34,-26.0,0.5011,نگه‌داری,0.0022,0.000168,11.96,0.09,False,0.7,True,0.285,0.133,False,none,0.565,0.435,True,0,0,0,0.2,3,2 واقعی + 2 پروکسی,1114
2026-10-04 08:03:39,1791101019,chill-guy,CHILLGUY,Just a chill guy,0.01318848,13187650,3347203,-0.4358,-3.451,48.92,,0.0133,0.0133,True,0.04,-3.91,0.5144,نگه‌داری,0.0289,0.001205,9.09,0.484,False,0.7,True,0.227,0.107,False,none,0.532,0.468,True,0,0,0,0.8,3,2 واقعی + 2 پروکسی,1110
2026-10-04 08:03:39,1791101019,koma-inu,KOMA,Koma Inu,0.01969393,11933622,1071661,0.3736,-1.9952,53.5,,0.0198,0.0202,False,0.06,-2.04,0.4533,نگه‌داری,0.0933,0.002124,10.8,0.398,False,0.8,True,0.559,0.516,False,none,0.358,0.642,True,0,0,0,0.2,3,2 واقعی + 2 پروکسی,
2026-10-04 08:03:39,1791101019,broccoli-3,BROCCOLI,Broccoli,0.00671361,6713607,1772193,2.4092,-13.5002,43.78,,0.007,0.007,True,0.97,-13.88,0.5544,خرید,0.1089,0.000741,11.05,0.371,False,0.7,False,0.3,,False,none,0.536,0.464,False,0,0,0,,,0 واقعی + 4 پروکسی,1096
2026-10-04 08:03:39,1791101019,allinu,ALLINU,ALLINU,0.00577519,5734196,2181917,-15.7598,-29.2363,42.37,,,,,0.61,-3.24,0.4933,نگه‌داری,0.0133,,,0.285,False,0.7,False,0.3,,,,0.397,0.603,False,0,0,0,,,0 واقعی + 3 پروکسی,
2026-10-04 08:03:39,1791101019,mog-coin,MOG,Mog Coin,1.2e-07,45687956,7874500,2.5764,-6.7813,52.89,,0.0,0.0,True,0.05,-5.65,0.5144,نگه‌داری,0.0289,0.0,6.37,0.558,False,0.6,True,0.171,0.075,False,none,0.655,0.345,True,0,0,0,0.9,4,2 واقعی + 2 پروکسی,1111
2026-10-04 11:50:26,1791114626,shiba-inu,SHIB,Shiba Inu,5.7e-06,3361881383,45172176,0.2274,-4.3255,50.5,,0.0,0.0,True,0.05,-3.8,0.5144,نگه‌داری,0.0289,0.0,5.11,0.534,False,0.4,True,0.018,-0.355,False,none,0.491,0.509,True,0,0,0,0.2,3,2 واقعی + 2 پروکسی,1120
2026-10-04 11:50:26,1791114626,pump-fun,PUMP,Pump.fun,0.00625837,2907657113,365346501,11.3634,41.6728,68.8,,0.0058,0.0047,True,0.29,21.44,0.5044,نگه‌داری,0.0089,0.000626,9.99,0.937,False,0.7,True,0.08,0.021,True,high_sweep,0.535,0.465,True,0,0,0,0.8,3,2 واقعی + 2 پروکسی,1133
2026-10-04 11:50:26,1791114626,pepe,PEPE,Pepe,4.27e-06,1798205139,113992397,-0.3007,-2.6872,54.14,,0.0,0.0,True,0.06,-2.17,0.5144,نگه‌داری,0.0289,0.0,7.33,0.544,False,0.7,True,0.023,0.049,False,none,0.478,0.522,True,0,0,0,0.2,3,2 واقعی + 2 پروکسی,1121
2026-10-04 11:50:26,1791114626,pudgy-penguins,PENGU,Pudgy Penguins,0.0092692,583316839,129968408,2.1542,-7.7322,50.74,,0.0094,0.0089,True,0.18,-9.61,0.5144,نگه‌داری,0.0289,0.000822,8.88,0.566,False,0.8,True,0.011,0.166,False,none,0.625,0.375,True,0,0,0,0.8,3,2 واقعی + 2 پروکسی,1122
2026-10-04 11:50:26,1791114626,official-trump,TRUMP,Official Trump,2.03,570954309,132967088,-2.1448,-5.4912,41.01,,2.048,2.0572,False,0.07,-4.71,0.4767,نگه‌داری,0.0467,0.149759,7.4,0.396,False,0.7,True,0.049,-0.08,False,none,0.522,0.478,True,0,0,0,0.1,4,2 واقعی + 2 پروکسی,
2026-10-04 11:50:26,1791114626,bianrensheng,币安人生,币安人生 (BinanceLife),0.501866,501862567,1648372,1.2473,0.9281,51.21,,0.5003,0.4981,True,0.5,1.76,0.5211,خرید,0.0422,0.019162,3.82,0.554,True,0.7,True,0.04,-0.097,False,none,0.58,0.42,True,0,0,0,0.7,2,2 واقعی + 2 پروکسی,1118
2026-10-04 11:50:26,1791114626,spx6900,SPX,SPX6900,0.439712,409431783,6987644,0.6379,-2.7279,39.38,,0.4322,0.4581,False,0.08,-1.28,0.4767,نگه‌داری,0.0467,0.039687,9.05,0.346,False,0.6,True,0.137,-0.085,False,none,0.652,0.348,True,0,0,0,0.2,3,2 واقعی + 2 پروکسی,
2026-10-04 11:50:26,1791114626,bonk,BONK,Bonk,3.8e-06,334613236,35685032,3.1015,2.8976,58.49,,0.0,0.0,True,0.18,1.63,0.4978,نگه‌داری,0.0044,0.0,8.04,0.732,False,0.7,True,0.053,-0.056,False,none,0.485,0.515,True,0,0,0,0.8,3,2 واقعی + 2 پروکسی,
2026-10-04 11:50:26,1791114626,ape-and-pepe,APEPE,Ape and Pepe,1.32e-06,277566932,11088234,3.3522,0.5378,61.87,,0.0,0.0,True,0.74,0.67,0.4644,نگه‌داری,0.0711,0.0,4.71,0.873,False,0.9,False,0.1,,False,none,0.673,0.327,False,0,0,0,,,0 واقعی + 4 پروکسی,
2026-10-04 11:50:26,1791114626,floki,FLOKI,FLOKI,2.713e-05,261580922,12252379,-0.4201,-6.0339,48.93,,0.0,0.0,True,0.14,-5.01,0.5144,نگه‌داری,0.0289,2e-06,5.87,0.504,False,0.7,True,0.037,-0.029,False,none,0.503,0.497,True,0,0,0,0.2,3,2 واقعی + 2 پروکسی,1123
2026-10-04 11:50:26,1791114626,dogwifcoin,WIF,dogwifhat,0.24642,246242241,60715770,-1.3221,-0.3949,56.69,,0.2457,0.2284,True,0.56,0.78,0.4978,نگه‌داری,0.0044,0.019572,7.95,0.662,False,0.7,True,0.081,-0.001,False,none,0.373,0.627,True,0,0,0,0.7,2,2 واقعی + 2 پروکسی,
2026-10-04 11:50:26,1791114626,useless-3,USELESS,Useless Coin,0.239387,239341302,24990627,1.309,-16.803,46.64,,0.2363,0.2578,False,0.27,-16.04,0.4022,فروش,0.1956,0.042978,17.91,0.337,False,0.55,True,0.071,-0.187,False,none,0.456,0.544,True,0,0,0,0.7,2,2 واقعی + 2 پروکسی,
2026-10-04 11:50:26,1791114626,non-playable-coin,NPC,Non-Playable Coin,0.02215447,178337132,1899918,3.6397,-3.9961,51.45,,0.022,0.0224,False,0.07,0.09,0.46,نگه‌داری,0.08,0.002358,10.67,0.428,False,0.55,True,0.045,-0.283,False,none,0.387,0.613,True,0,0,0,0.7,2,2 واقعی + 2 پروکسی,
2026-10-04 11:50:26,1791114626,fartcoin,FARTCOIN,Fartcoin,0.176027,176149621,29890202,0.1936,-10.4196,48.71,,0.1759,0.1738,True,0.14,-9.65,0.5144,نگه‌داری,0.0289,0.015933,9.05,0.509,False,0.7,True,0.057,0.019,False,none,0.551,0.449,True,0,0,0,0.7,2,2 واقعی + 2 پروکسی,1124
2026-10-04 11:50:26,1791114626,build-on,B,BUILDon,0.174328,174331570,3574746,1.148,-7.9288,50.92,,0.1748,0.1932,False,0.73,-8.65,0.4533,نگه‌داری,0.0933,0.020356,11.68,0.234,False,0.7,False,0.3,,False,none,0.542,0.458,False,0,0,0,,,0 واقعی + 4 پروکسی,
2026-10-04 11:50:26,1791114626,cash-cat,CASHCAT,Cash Cat,0.163562,161579740,7459640,4.7337,-9.2202,39.37,,0.1669,0.175,False,0.07,-6.56,0.4489,نگه‌داری,0.1022,0.028181,17.35,0.309,False,0.6,True,0.185,-0.061,False,none,0.484,0.516,True,0,0,0,0.2,3,2 واقعی + 2 پروکسی,
2026-10-04 11:50:26,1791114626,artificial-inu-3,AI,Artificial Inu,0.115256,114246163,15547651,-16.9637,-47.994,51.76,,0.0204,0.0203,True,0.07,-1.61,0.4811,نگه‌داری,0.0378,0.001014,4.89,0.608,False,0.8,True,0.048,0.261,False,none,0.6,0.4,True,0,0,0,0.8,3,2 واقعی + 2 پروکسی,
2026-10-04 11:50:26,1791114626,marscoin-4,MARSCOIN,MarsCoin,0.111312,111297620,20875040,0.5431,-13.5528,36.54,,0.1275,0.1169,True,0.19,-10.22,0.5033,نگه‌داری,0.0067,0.026216,23.68,0.4,False,0.8,True,0.09,0.155,False,none,0.437,0.563,True,0,0,0,0.8,3,2 واقعی + 2 پروکسی,1134
2026-10-04 11:50:26,1791114626,melania-meme,MELANIA,Melania Meme,0.103087,103061142,6455905,-0.9352,-6.3801,40.99,,0.1033,0.1038,False,0.09,-3.89,0.46,نگه‌داری,0.08,0.005928,5.75,0.446,False,0.45,True,0.136,-0.13,False,none,0.711,0.289,True,0,0,0,0.1,4,2 واقعی + 2 پروکسی,
2026-10-04 11:50:26,1791114626,purr-2,PURR,Purr,0.171569,102045614,2152184,7.7847,23.2055,65.48,,0.1565,0.1362,True,0.62,7.22,0.4533,نگه‌داری,0.0933,0.02859,16.66,0.93,False,0.7,False,0.3,,False,none,0.549,0.451,False,0,0,0,,,0 واقعی + 4 پروکسی,
2026-10-04 11:50:26,1791114626,ordinals,ORDI,ORDI,4.51,94830133,8683991,-1.6156,-7.2692,50.6,,4.5863,4.5505,True,0.24,-6.22,0.5144,نگه‌داری,0.0289,0.313419,6.93,0.451,False,0.7,True,0.089,-0.019,False,none,0.14,0.86,True,0,0,0,0.2,3,2 واقعی + 2 پروکسی,1125
2026-10-04 11:50:26,1791114626,niu-lai,牛来,牛来 (Niu Lai),0.083094,83113715,18281805,0.2432,-20.4299,44.95,,0.0964,0.1044,False,0.43,-20.36,0.4422,نگه‌داری,0.1156,0.017385,21.0,-0.007,False,0.8,True,0.012,0.104,True,high_sweep,0.359,0.641,True,0,0,0,0.2,3,2 واقعی + 2 پروکسی,
2026-10-04 11:50:26,1791114626,baby-doge-coin,BABYDOGE,Baby Doge Coin,0.0,75959545,2028424,1.9329,-2.3568,49.62,,0.0,0.0,True,0.46,-4.41,0.4978,نگه‌داری,0.0044,0.0,5.05,0.602,False,0.45,True,0.243,-0.193,False,none,0.082,0.918,True,0,0,0,0.8,3,2 واقعی + 2 پروکسی,
2026-10-04 11:50:26,1791114626,banana-for-scale-2,BANANAS31,Banana For Scale,0.00739178,73908981,2778424,-0.1729,-8.0009,39.03,,0.0076,0.0077,False,0.79,-8.35,0.4544,نگه‌داری,0.0911,,,0.229,False,0.7,True,0.068,0.021,,,0.483,0.517,True,0,0,0,0.1,4,2 واقعی + 1 پروکسی,
2026-10-04 11:50:26,1791114626,turbo,TURBO,Turbo,0.00103516,71417570,4892941,-0.3723,-2.9123,51.54,,0.001,0.001,True,0.08,-2.9,0.4978,نگه‌داری,0.0044,6.7e-05,6.48,0.601,False,0.8,True,0.193,0.395,False,none,0.421,0.579,True,0,0,0,0.7,2,2 واقعی + 2 پروکسی,
2026-10-04 11:50:26,1791114626,book-of-meme,BOME,BOOK OF MEME,0.00097781,67521918,4962700,-4.2969,-5.1724,48.73,,0.001,0.001,True,0.12,-4.82,0.5144,نگه‌داری,0.0289,7.7e-05,7.87,0.419,False,0.7,True,0.102,0.24,False,none,0.335,0.665,True,0,0,0,0.7,2,2 واقعی + 2 پروکسی,1126
2026-10-04 11:50:26,1791114626,mubarak,MUBARAK,Mubarak,0.067229,67242150,22655557,8.5472,24.6815,65.09,,0.0622,0.0495,True,0.29,26.63,0.5211,خرید,0.0422,0.008618,12.82,0.79,False,0.45,True,0.194,-0.128,False,none,0.515,0.485,True,0,0,0,0.9,4,2 واقعی + 2 پروکسی,1119
2026-10-04 11:50:26,1791114626,comedian,BAN,Comedian,0.066545,66554306,4008260,3.6985,-3.7869,49.02,,0.0648,0.0662,False,0.5,-1.91,0.4367,نگه‌داری,0.1267,0.003542,5.32,0.569,False,0.3,True,0.391,-0.42,True,high_sweep,0.6,0.4,True,0,0,0,0.7,2,2 واقعی + 2 پروکسی,
2026-10-04 11:50:26,1791114626,the-black-bull,ANSEM,The Black Bull,0.155044,64655508,4501949,20.4152,-11.3134,41.77,,0.1423,0.1514,False,0.52,-7.45,0.4322,نگه‌داری,0.1356,0.030333,19.68,0.536,False,0.8,True,0.195,0.384,False,none,0.527,0.473,True,0,0,0,0.8,3,2 واقعی + 2 پروکسی,
2026-10-04 11:50:26,1791114626,boner-coin,BONER,Boner Coin,0.059705,59701116,1824133,25.5482,25.0112,58.73,,0.0509,0.0488,True,0.91,36.5,0.5589,خرید,0.1178,0.008773,14.58,0.992,False,0.7,False,0.3,,False,none,0.573,0.427,False,0,0,0,,,0 واقعی + 4 پروکسی,1116
2026-10-04 11:50:26,1791114626,based-brett,BRETT,Brett,0.00587313,58208695,3085528,0.242,-5.3183,54.82,,0.0058,0.0055,True,0.08,-3.69,0.4978,نگه‌داری,0.0044,0.000483,8.17,0.706,False,0.6,True,0.22,0.058,False,none,0.528,0.472,True,0,0,0,0.8,3,2 واقعی + 2 پروکسی,
2026-10-04 11:50:26,1791114626,peanut-the-squirrel,PNUT,Peanut the Squirrel,0.053744,53723027,3939152,-0.1555,-3.3504,51.56,,0.0536,0.0526,True,0.08,-3.07,0.5144,نگه‌داری,0.0289,0.003201,5.97,0.551,False,0.6,True,0.187,0.1,False,none,0.26,0.74,True,0,0,0,0.7,2,2 واقعی + 2 پروکسی,1127
2026-10-04 11:50:26,1791114626,toshi,TOSHI,Toshi,0.000124,52155326,2469042,0.2964,-4.0701,50.49,,0.0001,0.0001,True,0.5,-3.42,0.5144,نگه‌داری,0.0289,9e-06,6.92,0.572,False,0.9,True,0.08,0.452,False,none,0.679,0.321,True,0,0,0,0.7,2,2 واقعی + 2 پروکسی,1128
2026-10-04 11:50:26,1791114626,popcat,POPCAT,Popcat,0.052893,51829881,9714442,0.7431,-6.745,48.17,,0.0529,0.0524,True,0.16,-5.01,0.5144,نگه‌داری,0.0289,0.003562,6.71,0.521,False,0.6,True,0.227,-0.073,False,none,0.753,0.247,True,0,0,0,0.8,3,2 واقعی + 2 پروکسی,1129
2026-10-04 11:50:26,1791114626,notcoin,NOT,Notcoin,0.0005031,50072417,3240653,0.2108,-2.9515,55.71,,0.0005,0.0005,True,0.22,-4.2,0.4744,نگه‌داری,0.0511,3e-05,5.88,0.66,False,0.45,True,0.119,-0.102,False,none,0.593,0.407,True,0,0,0,0.8,3,2 واقعی + 2 پروکسی,
2026-10-04 11:50:26,1791114626,cat-in-a-dogs-world,MEW,cat in a dogs world,0.00053231,47313027,4384728,2.3538,3.5248,66.37,,0.0005,0.0005,True,0.09,5.14,0.4811,نگه‌داری,0.0378,3.2e-05,6.06,0.814,False,0.7,True,0.377,0.148,False,none,0.308,0.692,True,0,0,0,0.7,2,2 واقعی + 2 پروکسی,
2026-10-04 11:50:26,1791114626,neiro-3,NEIRO,Neiro,8.906e-05,37463792,3217274,-1.4026,-4.4385,49.45,,0.0001,0.0001,True,0.37,-2.45,0.5144,نگه‌داری,0.0289,5e-06,5.65,0.439,False,0.8,True,0.045,0.192,False,none,0.169,0.831,True,1,0,1,0.2,3,2 واقعی + 2 پروکسی,1130
2026-10-04 11:50:26,1791114626,dogelon-mars,ELON,Dogelon Mars,3e-08,32734612,2697256,0.1679,-2.9818,47.55,,0.0,0.0,True,0.4,-1.51,0.4978,نگه‌داری,0.0044,0.0,4.14,0.529,False,0.7,True,0.122,0.126,False,none,0.29,0.71,True,0,0,0,0.8,3,2 واقعی + 2 پروکسی,
2026-10-04 11:50:26,1791114626,czs-dog,BROCCOLI,CZ's Dog,0.02635555,25472294,3515997,3.3368,-11.3321,58.08,,0.0263,0.0237,True,0.37,-6.4,0.4467,نگه‌داری,0.1067,0.004688,17.74,0.639,False,0.7,False,0.3,,False,none,0.649,0.351,False,0,0,0,,,0 واقعی + 4 پروکسی,
2026-10-04 11:50:26,1791114626,dogs-2,DOGS,Dogs,4.767e-05,24630993,2158212,-0.0261,-8.7119,50.92,,0.0,0.0,False,0.27,-7.96,0.4367,نگه‌داری,0.1267,4e-06,7.64,0.407,False,0.7,True,0.042,0.092,False,none,0.413,0.587,True,0,0,0,0.2,3,2 واقعی + 2 پروکسی,
2026-10-04 11:50:26,1791114626,pipedog,PIPEDOG,pipedog,0.00140709,17360708,3218349,-3.3383,-26.2317,12.45,,0.0016,0.002,False,0.53,-26.27,0.5011,نگه‌داری,0.0022,0.000168,12.03,0.087,False,0.6,True,0.143,-0.008,False,none,0.55,0.45,True,0,0,0,0.1,4,2 واقعی + 2 پروکسی,
2026-10-04 11:50:26,1791114626,bone-shibaswap,BONE,Bone ShibaSwap,0.05547,13862077,1071001,7.1805,9.6016,66.44,,0.0533,0.0504,True,0.73,3.68,0.4811,نگه‌داری,0.0378,0.003805,6.85,0.864,False,0.7,False,0.3,,False,none,0.536,0.464,False,0,0,0,,,0 واقعی + 4 پروکسی,
2026-10-04 11:50:26,1791114626,chill-guy,CHILLGUY,Just a chill guy,0.01307758,13077716,3299921,-1.2532,-6.3167,47.69,,0.0133,0.0133,True,0.07,-5.29,0.5144,نگه‌داری,0.0289,0.001205,9.22,0.429,False,0.6,True,0.153,0.087,False,none,0.519,0.481,True,0,0,0,0.2,3,2 واقعی + 2 پروکسی,1131
2026-10-04 11:50:26,1791114626,koma-inu,KOMA,Koma Inu,0.01968571,11928471,1070907,0.0512,-1.8383,53.42,,0.0198,0.0202,False,0.08,-2.14,0.4533,نگه‌داری,0.0933,0.002126,10.82,0.394,False,0.6,True,1.068,0.566,False,none,0.402,0.598,True,0,0,0,0.7,2,2 واقعی + 2 پروکسی,
2026-10-04 11:50:26,1791114626,broccoli-3,BROCCOLI,Broccoli,0.00669221,6701630,1730736,1.7054,-13.3974,43.59,,0.007,0.007,True,0.95,-14.07,0.5322,خرید,0.0644,,,0.365,False,0.7,False,0.3,,,,0.536,0.464,False,0,0,0,,,0 واقعی + 3 پروکسی,1117
2026-10-04 11:50:26,1791114626,mog-coin,MOG,Mog Coin,1.2e-07,45156428,7994402,0.1587,-8.2951,51.02,,0.0,0.0,True,0.12,-6.94,0.5144,نگه‌داری,0.0289,0.0,6.49,0.517,False,0.6,True,0.26,0.016,False,none,0.383,0.617,True,0,0,0,0.7,2,2 واقعی + 2 پروکسی,1132
2026-10-04 16:28:59,1791131339,shiba-inu,SHIB,Shiba Inu,5.75e-06,3385370415,49139866,0.4918,-2.7224,52.1,,0.0,0.0,True,0.11,-2.96,0.5144,نگه‌داری,0.0289,0.0,5.09,0.572,False,0.4,True,0.017,-0.378,False,none,0.499,0.501,True,0,0,0,0.7,2,2 واقعی + 2 پروکسی,1139
2026-10-04 16:28:59,1791131339,pump-fun,PUMP,Pump.fun,0.00671325,3118304649,383790397,16.5685,35.8127,71.63,,0.0058,0.0047,True,0.44,29.36,0.4733,نگه‌داری,0.0533,0.000636,9.54,1.025,False,0.7,True,0.075,-0.038,False,none,0.123,0.877,True,0,0,0,0.9,4,2 واقعی + 2 پروکسی,
2026-10-04 16:28:59,1791131339,memecore,M,MemeCore,1.024,2337422244,1044219,0.7639,-14.1462,38.13,,1.0546,1.1917,False,0.75,-11.83,0.4311,نگه‌داری,0.1378,,,0.208,False,0.7,False,0.3,,,,0.466,0.534,False,0,0,0,,,0 واقعی + 3 پروکسی,
2026-10-04 16:28:59,1791131339,pepe,PEPE,Pepe,4.3e-06,1810835994,115529214,0.4291,-1.2032,54.87,,0.0,0.0,True,0.1,-1.58,0.5144,نگه‌داری,0.0289,0.0,7.3,0.56,False,0.7,True,0.023,-0.071,False,none,0.667,0.333,True,0,0,0,0.7,2,2 واقعی + 2 پروکسی,1140
2026-10-04 16:28:59,1791131339,pudgy-penguins,PENGU,Pudgy Penguins,0.0092348,580503152,121956149,0.2215,-8.6161,50.53,,0.0094,0.0089,True,0.25,-9.82,0.5144,نگه‌داری,0.0289,0.000822,8.9,0.562,False,0.8,True,0.011,0.126,False,none,0.424,0.576,True,0,0,0,0.8,3,2 واقعی + 2 پروکسی,1141
2026-10-04 16:28:59,1791131339,official-trump,TRUMP,Official Trump,2.05,576951764,132252022,-0.0573,-3.8127,42.01,,2.0509,2.0582,False,0.1,-3.76,0.46,نگه‌داری,0.08,0.150117,7.34,0.452,False,0.7,True,0.049,0.055,False,none,0.552,0.448,True,0,0,0,0.2,3,2 واقعی + 2 پروکسی,
2026-10-04 16:28:59,1791131339,spx6900,SPX,SPX6900,0.443698,413076905,7077122,1.8828,0.009,40.16,,0.433,0.4584,False,0.09,-0.09,0.4767,نگه‌داری,0.0467,0.039687,8.94,0.39,False,0.6,True,0.113,0.044,False,none,0.673,0.327,True,0,0,0,0.8,3,2 واقعی + 2 پروکسی,
2026-10-04 16:28:59,1791131339,bonk,BONK,Bonk,3.85e-06,338418678,34152035,2.2693,4.1331,59.4,,0.0,0.0,True,0.23,2.73,0.4978,نگه‌داری,0.0044,0.0,7.97,0.755,False,0.55,True,0.052,-0.235,False,none,0.252,0.748,True,0,0,0,0.8,3,2 واقعی + 2 پروکسی,
2026-10-04 16:28:59,1791131339,ape-and-pepe,APEPE,Ape and Pepe,1.32e-06,277187270,11741502,3.4011,0.8552,61.72,,0.0,0.0,True,0.78,0.56,0.4644,نگه‌داری,0.0711,0.0,4.88,0.865,False,0.9,False,0.1,,False,none,0.674,0.326,False,0,0,0,,,0 واقعی + 4 پروکسی,
2026-10-04 16:28:59,1791131339,floki,FLOKI,FLOKI,2.75e-05,265228396,13474046,0.3309,-3.5914,50.76,,0.0,0.0,True,0.19,-3.75,0.5144,نگه‌داری,0.0289,2e-06,5.86,0.552,False,0.55,True,0.036,-0.109,False,none,0.787,0.213,True,0,0,0,0.7,2,2 واقعی + 2 پروکسی,1142
2026-10-04 16:28:59,1791131339,dogwifcoin,WIF,dogwifhat,0.246173,245909184,63561943,-2.69,0.3975,56.35,,0.2456,0.2284,True,0.79,0.53,0.4978,نگه‌داری,0.0044,0.019687,8.01,0.656,False,0.7,True,0.041,-0.033,False,none,0.507,0.493,True,0,0,0,0.7,2,2 واقعی + 2 پروکسی,
2026-10-04 16:28:59,1791131339,useless-3,USELESS,Useless Coin,0.239289,239275169,20026515,3.1202,-17.4345,46.38,,0.2361,0.2577,False,0.34,-16.57,0.4022,فروش,0.1956,0.043169,18.1,0.326,False,0.7,True,0.063,-0.089,False,none,0.576,0.424,True,0,0,0,0.2,3,2 واقعی + 2 پروکسی,
2026-10-04 16:28:59,1791131339,non-playable-coin,NPC,Non-Playable Coin,0.02198327,176968065,1790855,4.2415,-4.1072,51.28,,0.022,0.0224,False,0.18,-0.09,0.4367,نگه‌داری,0.1267,0.002358,10.69,0.42,False,0.45,True,0.137,-0.266,False,none,0.677,0.323,True,0,0,0,0.7,2,2 واقعی + 2 پروکسی,
2026-10-04 16:28:59,1791131339,fartcoin,FARTCOIN,Fartcoin,0.176852,176836917,29407987,-0.2021,-8.1913,49.15,,0.176,0.1739,True,0.2,-9.19,0.5144,نگه‌داری,0.0289,0.015933,9.01,0.521,False,0.7,True,0.057,0.081,False,none,0.306,0.694,True,0,0,0,0.7,2,2 واقعی + 2 پروکسی,1143
2026-10-04 16:28:59,1791131339,build-on,B,BUILDon,0.17215,172150442,3436807,-0.875,-7.479,50.13,,0.1745,0.1931,False,0.74,-9.76,0.4533,نگه‌داری,0.0933,0.020905,12.14,0.204,False,0.7,False,0.3,,False,none,0.542,0.458,False,0,0,0,,,0 واقعی + 4 پروکسی,
2026-10-04 16:28:59,1791131339,cash-cat,CASHCAT,Cash Cat,0.157745,155832406,6695564,0.1348,-8.2988,37.4,,0.1659,0.1747,False,0.1,-10.82,0.4256,فروش,0.1489,0.028588,18.44,0.214,False,0.6,True,0.194,0.061,False,none,0.355,0.645,True,0,0,0,0.1,4,2 واقعی + 2 پروکسی,
2026-10-04 16:28:59,1791131339,artificial-inu-3,AI,Artificial Inu,0.111205,110224351,18484558,-17.0766,-47.8445,52.8,,0.0204,0.0203,True,0.18,-1.04,0.4811,نگه‌داری,0.0378,0.001014,4.86,0.639,False,0.7,True,0.048,0.072,False,none,0.83,0.17,True,0,0,0,0.9,4,2 واقعی + 2 پروکسی,
2026-10-04 16:28:59,1791131339,marscoin-4,MARSCOIN,MarsCoin,0.107975,107975488,19897146,-0.8249,-14.9497,35.95,,0.127,0.1168,True,0.25,-12.81,0.5033,نگه‌داری,0.0067,0.026352,24.51,0.36,False,0.8,True,0.093,0.238,False,none,0.528,0.472,True,0,0,0,0.2,3,2 واقعی + 2 پروکسی,1151
2026-10-04 16:28:59,1791131339,melania-meme,MELANIA,Melania Meme,0.103412,103411307,6645296,-0.792,-3.8627,41.62,,0.1034,0.1038,False,0.26,-3.46,0.46,نگه‌داری,0.08,0.00594,5.74,0.473,False,0.45,True,0.136,-0.109,False,none,0.312,0.688,True,0,0,0,0.2,3,2 واقعی + 2 پروکسی,
2026-10-04 16:28:59,1791131339,purr-2,PURR,Purr,0.169526,100832693,1902790,3.1482,26.5548,64.88,,0.1562,0.1361,True,0.55,5.94,0.4533,نگه‌داری,0.0933,0.029883,17.63,0.909,False,0.7,False,0.3,,False,none,0.547,0.453,False,0,0,0,,,0 واقعی + 4 پروکسی,
2026-10-04 16:28:59,1791131339,ordinals,ORDI,ORDI,4.48,94127969,9722399,-2.0017,-6.5641,49.05,,4.578,4.5478,True,0.3,-7.42,0.5311,خرید,0.0622,0.31699,7.1,0.396,False,0.8,True,0.09,0.185,False,none,0.444,0.556,True,0,0,0,0.2,3,2 واقعی + 2 پروکسی,1137
2026-10-04 16:28:59,1791131339,niu-lai,牛来,牛来 (Niu Lai),0.080857,80856894,17351248,0.0008,-24.6827,44.12,,0.0962,0.1043,False,0.66,-22.26,0.4422,نگه‌داری,0.1156,0.018504,22.9,-0.042,False,0.7,True,0.025,-0.023,False,none,0.42,0.58,True,1,0,1,0.2,3,2 واقعی + 2 پروکسی,
2026-10-04 16:28:59,1791131339,mubarak,MUBARAK,Mubarak,0.078357,78356611,54382978,26.7888,35.5111,70.38,,0.0638,0.0501,True,0.71,47.55,0.5044,نگه‌داری,0.0089,0.009355,11.94,0.947,False,0.8,True,0.255,0.39,False,none,0.766,0.234,True,0,0,0,0.9,4,2 واقعی + 2 پروکسی,1150
2026-10-04 16:28:59,1791131339,baby-doge-coin,BABYDOGE,Baby Doge Coin,0.0,75949145,2076940,1.2112,-3.1651,50.07,,0.0,0.0,True,0.63,-4.18,0.4978,نگه‌داری,0.0044,0.0,5.03,0.614,False,0.6,True,0.242,-0.078,False,none,0.496,0.504,True,0,0,0,0.8,3,2 واقعی + 2 پروکسی,1153
2026-10-04 16:28:59,1791131339,banana-for-scale-2,BANANAS31,Banana For Scale,0.00745547,74554662,2674865,-0.5399,-7.7443,40.06,,0.0076,0.0077,False,0.76,-7.63,0.4767,نگه‌داری,0.0467,0.000411,5.51,0.273,False,0.55,True,0.094,-0.168,True,high_sweep,0.475,0.525,True,0,0,0,0.7,2,2 واقعی + 2 پروکسی,
2026-10-04 16:28:59,1791131339,turbo,TURBO,Turbo,0.00104377,72019966,4696461,-0.3866,-2.1679,52.26,,0.001,0.001,True,0.11,-2.43,0.4978,نگه‌داری,0.0044,6.8e-05,6.49,0.621,False,0.8,True,0.288,0.346,False,none,0.507,0.493,True,0,0,0,0.8,3,2 واقعی + 2 پروکسی,1154
2026-10-04 16:28:59,1791131339,book-of-meme,BOME,BOOK OF MEME,0.000975,67274406,5313015,-2.7956,-3.886,48.24,,0.001,0.001,True,0.22,-5.27,0.5144,نگه‌داری,0.0289,7.7e-05,7.94,0.4,False,0.7,True,0.103,0.291,False,none,0.628,0.372,True,0,0,0,0.2,3,2 واقعی + 2 پروکسی,1144
2026-10-04 16:28:59,1791131339,comedian,BAN,Comedian,0.066421,66418564,4005510,0.8192,-2.7533,48.67,,0.0648,0.0662,False,0.58,-2.18,0.4367,نگه‌داری,0.1267,0.003542,5.33,0.546,False,0.45,True,0.347,-0.257,True,high_sweep,0.511,0.489,True,0,0,0,0.7,2,2 واقعی + 2 پروکسی,
2026-10-04 16:28:59,1791131339,the-black-bull,ANSEM,The Black Bull,0.158384,66033540,4772113,18.6576,-11.1302,43.17,,0.1429,0.1516,False,0.74,-4.92,0.4322,نگه‌داری,0.1356,0.030497,19.27,0.599,False,0.8,True,0.253,0.375,False,none,0.509,0.491,True,0,0,0,0.8,3,2 واقعی + 2 پروکسی,
2026-10-04 16:28:59,1791131339,boner-coin,BONER,Boner Coin,0.060696,60693083,2694870,12.6362,38.5171,58.78,,0.051,0.0488,True,1.31,36.73,0.5544,خرید,0.1089,0.010314,17.11,0.995,False,0.7,False,0.3,,True,high_sweep,0.575,0.425,False,0,0,0,,,0 واقعی + 4 پروکسی,1136
2026-10-04 16:28:59,1791131339,based-brett,BRETT,Brett,0.00582717,57744962,3115100,-1.7428,-4.1702,53.86,,0.0058,0.0055,True,0.19,-4.62,0.4978,نگه‌داری,0.0044,0.000483,8.25,0.674,False,0.6,True,0.206,0.029,False,none,0.619,0.381,True,0,0,0,0.7,2,2 واقعی + 2 پروکسی,
2026-10-04 16:28:59,1791131339,peanut-the-squirrel,PNUT,Peanut the Squirrel,0.053698,53689616,3676878,0.0234,-2.1877,51.31,,0.0535,0.0526,True,0.19,-3.25,0.5144,نگه‌داری,0.0289,0.003215,6.01,0.544,False,0.45,True,0.187,-0.148,False,none,0.337,0.663,True,0,0,0,0.7,2,2 واقعی + 2 پروکسی,1145
2026-10-04 16:28:59,1791131339,toshi,TOSHI,Toshi,0.00012481,52506380,2568011,0.7495,-2.7512,51.02,,0.0001,0.0001,True,0.58,-3.03,0.5144,نگه‌داری,0.0289,9e-06,6.9,0.587,False,0.7,True,0.161,0.245,False,none,0.456,0.544,True,0,0,0,0.8,3,2 واقعی + 2 پروکسی,1146
2026-10-04 16:28:59,1791131339,popcat,POPCAT,Popcat,0.053332,52263736,8803301,0.9838,-4.2896,48.5,,0.0529,0.0524,True,0.21,-4.76,0.5144,نگه‌داری,0.0289,0.003569,6.71,0.529,False,0.45,True,0.245,-0.152,False,none,0.574,0.426,True,0,0,0,0.8,3,2 واقعی + 2 پروکسی,1147
2026-10-04 16:28:59,1791131339,notcoin,NOT,Notcoin,0.00050332,50044670,3083888,-0.3816,-1.893,55.4,,0.0005,0.0005,True,0.35,-4.43,0.4744,نگه‌داری,0.0511,3e-05,5.9,0.649,False,0.55,True,0.06,-0.192,False,none,0.628,0.372,True,0,0,0,0.9,4,2 واقعی + 2 پروکسی,
2026-10-04 16:28:59,1791131339,cat-in-a-dogs-world,MEW,cat in a dogs world,0.00052995,47106668,3670293,-0.4631,5.2303,65.27,,0.0005,0.0005,True,0.11,4.55,0.4811,نگه‌داری,0.0378,3.2e-05,6.14,0.801,False,0.7,True,0.189,0.135,False,none,0.216,0.784,True,0,0,0,0.8,3,2 واقعی + 2 پروکسی,
2026-10-04 16:28:59,1791131339,neiro-3,NEIRO,Neiro,8.935e-05,37588429,3401748,-1.0897,-2.4978,49.44,,0.0001,0.0001,True,0.38,-2.46,0.5144,نگه‌داری,0.0289,5e-06,5.42,0.438,False,0.8,True,0.034,0.196,True,low_sweep,0.375,0.625,True,0,0,0,0.7,2,2 واقعی + 2 پروکسی,1148
2026-10-04 16:28:59,1791131339,dogelon-mars,ELON,Dogelon Mars,3e-08,32806497,1273983,0.5496,-2.2528,48.09,,0.0,0.0,True,0.54,-1.35,0.4978,نگه‌داری,0.0044,0.0,4.14,0.54,False,0.6,True,0.183,-0.079,False,none,0.532,0.468,True,0,0,0,0.8,3,2 واقعی + 2 پروکسی,
2026-10-04 16:28:59,1791131339,czs-dog,BROCCOLI,CZ's Dog,0.02778759,26848661,4705159,10.0214,-7.4375,61.68,,0.0265,0.0238,True,0.46,-1.29,0.4522,نگه‌داری,0.0956,,,0.715,False,0.7,False,0.3,,,,0.65,0.35,False,0,0,0,,,0 واقعی + 3 پروکسی,
2026-10-04 16:28:59,1791131339,dogs-2,DOGS,Dogs,4.777e-05,24683927,2297695,0.1075,-6.0338,51.14,,0.0,0.0,False,0.37,-7.8,0.4367,نگه‌داری,0.1267,4e-06,7.63,0.419,False,0.7,True,0.063,0.082,False,none,0.965,0.035,True,0,0,0,0.7,2,2 واقعی + 2 پروکسی,
2026-10-04 16:28:59,1791131339,pipedog,PIPEDOG,pipedog,0.00141108,17420785,2326761,-2.9357,-26.1566,12.23,,0.0016,0.002,False,0.79,-26.48,0.5011,نگه‌داری,0.0022,0.000168,12.08,0.085,False,0.7,True,0.216,0.218,False,none,0.491,0.509,True,0,0,0,0.2,3,2 واقعی + 2 پروکسی,1152
2026-10-04 16:28:59,1791131339,chill-guy,CHILLGUY,Just a chill guy,0.01287485,12874039,3213204,-2.4468,-6.7474,46.47,,0.0133,0.0132,True,0.09,-6.74,0.5311,خرید,0.0622,0.00122,9.48,0.371,False,0.6,True,0.234,-0.005,False,none,0.448,0.552,True,0,0,0,0.2,3,2 واقعی + 2 پروکسی,1138
2026-10-04 16:28:59,1791131339,koma-inu,KOMA,Koma Inu,0.01980135,11998714,1210399,-0.4064,-1.8942,53.81,,0.0198,0.0202,False,0.25,-1.64,0.4367,نگه‌داری,0.1267,0.002142,10.85,0.415,False,0.8,True,0.711,0.487,False,none,0.615,0.385,True,0,0,0,0.2,3,2 واقعی + 2 پروکسی,
2026-10-04 16:28:59,1791131339,allinu,ALLINU,ALLINU,0.00549856,5454436,2265699,-15.7346,-10.3867,41.75,,,,,0.62,-9.75,0.4656,نگه‌داری,0.0689,0.004118,74.29,0.268,False,0.7,False,0.3,,False,none,0.37,0.63,False,0,0,0,,,0 واقعی + 4 پروکسی,
2026-10-04 16:28:59,1791131339,mog-coin,MOG,Mog Coin,1.2e-07,44968652,7828490,-0.6956,-7.0751,49.91,,0.0,0.0,True,0.26,-7.74,0.5144,نگه‌داری,0.0289,0.0,6.61,0.492,False,0.7,True,0.175,0.221,False,none,0.41,0.59,True,0,0,0,0.7,2,2 واقعی + 2 پروکسی,1149
2026-10-04 16:28:59,1791131339,anonymous-cat,ZCAT,Anonymous Cat,0.04383171,42392836,3924635,17.0374,-36.01,48.29,,0.0485,0.0806,False,0.77,-24.88,0.38,فروش,0.24,0.039641,83.69,0.227,False,0.9,False,0.1,,False,none,0.482,0.518,False,0,0,0,,,0 واقعی + 4 پروکسی,
2026-10-04 20:57:33,1791147453,shiba-inu,SHIB,Shiba Inu,5.81e-06,3422819299,60241037,1.0749,-2.3466,54.03,,0.0,0.0,True,0.21,-1.84,0.4978,نگه‌داری,0.0044,0.0,5.14,0.621,False,0.7,True,0.017,-0.098,False,none,0.479,0.521,True,0,0,0,0.8,3,2 واقعی + 2 پروکسی,1171
2026-10-04 20:57:33,1791147453,pump-fun,PUMP,Pump.fun,0.00640165,2973886809,319614185,1.561,28.7025,69.91,,0.0058,0.0047,True,0.64,24.27,0.5044,نگه‌داری,0.0089,0.000641,10.01,0.97,False,0.7,True,0.047,0.051,True,high_sweep,0.769,0.231,True,0,0,0,0.8,3,2 واقعی + 2 پروکسی,1169
2026-10-04 20:57:33,1791147453,memecore,M,MemeCore,1.045,2385063104,1095820,0.5929,-13.7158,39.98,,1.0573,1.1926,False,0.78,-10.22,0.4533,نگه‌داری,0.0933,0.143396,13.72,0.237,False,0.7,False,0.3,,False,none,0.49,0.51,False,0,0,0,,,0 واقعی + 4 پروکسی,
2026-10-04 20:57:33,1791147453,pepe,PEPE,Pepe,4.29e-06,1806226723,114041710,-0.7561,-2.7685,54.82,,0.0,0.0,True,0.13,-1.63,0.5144,نگه‌داری,0.0289,0.0,7.31,0.559,False,0.7,True,0.023,-0.002,False,none,0.697,0.303,True,0,0,0,0.7,2,2 واقعی + 2 پروکسی,1160
2026-10-04 20:57:33,1791147453,pudgy-penguins,PENGU,Pudgy Penguins,0.00946882,595232393,127562227,2.067,-6.8401,52.62,,0.0094,0.0089,True,0.38,-7.71,0.4978,نگه‌داری,0.0044,0.000835,8.83,0.609,False,0.8,True,0.053,0.121,False,none,0.566,0.434,True,0,0,0,0.8,3,2 واقعی + 2 پروکسی,1172
2026-10-04 20:57:33,1791147453,official-trump,TRUMP,Official Trump,2.05,576537815,130974923,-0.1933,-4.8464,42.06,,2.051,2.0582,False,0.14,-3.72,0.46,نگه‌داری,0.08,0.151045,7.38,0.455,False,0.7,True,0.049,-0.096,False,none,0.44,0.56,True,0,0,0,0.2,3,2 واقعی + 2 پروکسی,
2026-10-04 20:57:33,1791147453,bianrensheng,币安人生,币安人生 (BinanceLife),0.499419,499338487,1535316,-1.0774,0.8873,50.42,,0.5,0.498,True,0.41,1.31,0.5211,خرید,0.0422,0.017438,3.49,0.51,True,0.7,True,0.02,-0.097,True,low_sweep,0.556,0.444,True,0,0,0,0.7,2,2 واقعی + 2 پروکسی,1158
2026-10-04 20:57:33,1791147453,spx6900,SPX,SPX6900,0.436776,406590969,8172817,-2.6806,-3.1899,39.31,,0.4321,0.4581,False,0.11,-1.4,0.4767,نگه‌داری,0.0467,0.039687,9.06,0.342,False,0.7,True,0.138,0.101,False,none,0.572,0.428,True,0,0,0,0.2,3,2 واقعی + 2 پروکسی,
2026-10-04 20:57:33,1791147453,bonk,BONK,Bonk,3.85e-06,338750098,31598591,0.9167,3.0351,59.56,,0.0,0.0,True,0.28,2.92,0.4978,نگه‌داری,0.0044,0.0,7.96,0.759,False,0.7,True,0.052,0.0,False,none,0.662,0.338,True,0,0,0,0.9,4,2 واقعی + 2 پروکسی,
2026-10-04 20:57:33,1791147453,ape-and-pepe,APEPE,Ape and Pepe,1.32e-06,276757916,11872834,3.2801,0.938,61.56,,0.0,0.0,True,0.61,0.43,0.4644,نگه‌داری,0.0711,0.0,4.83,0.857,False,0.9,False,0.1,,False,none,0.672,0.328,False,0,0,0,,,0 واقعی + 4 پروکسی,
2026-10-04 20:57:33,1791147453,floki,FLOKI,FLOKI,2.773e-05,267373429,13587740,1.1074,-3.4876,52.62,,0.0,0.0,True,0.28,-2.42,0.4978,نگه‌داری,0.0044,2e-06,5.83,0.602,False,0.6,True,0.144,-0.096,False,none,0.783,0.217,True,0,0,0,0.8,3,2 واقعی + 2 پروکسی,1173
2026-10-04 20:57:33,1791147453,dogwifcoin,WIF,dogwifhat,0.250788,250541531,67657152,-1.3259,0.3725,59.67,,0.2464,0.2287,True,1.0,2.82,0.5211,خرید,0.0422,0.019687,7.83,0.709,False,0.8,True,0.04,0.12,False,none,0.484,0.516,True,0,0,0,0.7,2,2 واقعی + 2 پروکسی,1159
2026-10-04 20:57:33,1791147453,useless-3,USELESS,Useless Coin,0.237192,237108015,16108244,-0.9434,-20.9921,46.41,,0.2361,0.2577,False,0.4,-16.51,0.4022,فروش,0.1956,0.043185,18.09,0.327,False,0.55,True,0.008,-0.164,False,none,0.472,0.528,True,0,0,0,0.2,3,2 واقعی + 2 پروکسی,
2026-10-04 20:57:33,1791147453,fartcoin,FARTCOIN,Fartcoin,0.181202,181192347,31463764,2.0408,-8.2911,51.16,,0.1766,0.1741,True,0.4,-7.03,0.5144,نگه‌داری,0.0289,0.016176,8.93,0.576,False,0.55,True,0.055,-0.245,False,none,0.564,0.436,True,0,0,0,0.8,3,2 واقعی + 2 پروکسی,1161
2026-10-04 20:57:33,1791147453,build-on,B,BUILDon,0.174753,174752551,3040791,-2.7923,-7.8667,51.15,,0.1749,0.1932,False,0.69,-8.34,0.4533,نگه‌داری,0.0933,0.020725,11.85,0.242,False,0.7,False,0.3,,True,low_sweep,0.542,0.458,False,0,0,0,,,0 واقعی + 4 پروکسی,
2026-10-04 20:57:33,1791147453,non-playable-coin,NPC,Non-Playable Coin,0.021405,172310668,1493067,-0.9641,-5.7603,48.37,,0.0219,0.0224,False,0.24,-3.03,0.4533,نگه‌داری,0.0933,0.002365,11.05,0.292,False,0.7,True,0.14,0.138,False,none,0.358,0.642,True,0,0,0,0.2,3,2 واقعی + 2 پروکسی,
2026-10-04 20:57:33,1791147453,cash-cat,CASHCAT,Cash Cat,0.15902,157059371,6624559,-1.9539,-9.106,38.25,,0.1664,0.1748,False,0.14,-8.63,0.4489,نگه‌داری,0.1022,0.028624,18.03,0.262,False,0.6,True,0.189,-0.017,False,none,0.437,0.563,True,0,0,0,0.2,3,2 واقعی + 2 پروکسی,
2026-10-04 20:57:33,1791147453,artificial-inu-3,AI,Artificial Inu,0.122581,121508039,22606434,-9.7302,-48.8596,50.77,,0.0204,0.0203,True,0.32,-2.13,0.4978,نگه‌داری,0.0044,0.001014,4.91,0.579,False,0.7,True,0.048,-0.027,False,none,0.795,0.205,True,0,0,0,0.9,4,2 واقعی + 2 پروکسی,1174
2026-10-04 20:57:33,1791147453,marscoin-4,MARSCOIN,MarsCoin,0.109738,109732855,18760141,2.068,-15.3796,36.37,,0.1273,0.1169,True,0.32,-10.95,0.5033,نگه‌داری,0.0067,0.026352,24.0,0.389,False,0.8,True,0.091,0.184,False,none,0.547,0.453,True,0,0,0,0.7,2,2 واقعی + 2 پروکسی,1170
2026-10-04 20:57:33,1791147453,melania-meme,MELANIA,Melania Meme,0.103534,103552406,6522798,-0.4929,-5.1006,41.74,,0.1034,0.1038,False,0.29,-3.38,0.46,نگه‌داری,0.08,0.00594,5.73,0.478,False,0.45,True,0.164,-0.12,False,none,0.359,0.641,True,0,0,0,0.2,3,2 واقعی + 2 پروکسی,
2026-10-04 20:57:33,1791147453,purr-2,PURR,Purr,0.169444,100793083,1424686,-3.2672,16.6711,64.83,,0.1562,0.136,True,0.41,5.85,0.4533,نگه‌داری,0.0933,0.030502,18.01,0.908,False,0.7,False,0.3,,False,none,0.544,0.456,False,0,0,0,,,0 واقعی + 4 پروکسی,
2026-10-04 20:57:33,1791147453,ordinals,ORDI,ORDI,4.5,94445623,9558776,-1.5808,-7.0662,49.92,,4.5827,4.5493,True,0.36,-6.74,0.5144,نگه‌داری,0.0289,0.31699,7.05,0.427,False,0.6,True,0.134,-0.079,False,none,0.85,0.15,True,0,0,0,0.7,2,2 واقعی + 2 پروکسی,1162
2026-10-04 20:57:33,1791147453,niu-lai,牛来,牛来 (Niu Lai),0.079511,79515992,16730937,1.3965,-25.6307,43.6,,0.096,0.1043,False,0.63,-23.61,0.4422,نگه‌داری,0.1156,0.019078,24.03,-0.066,False,0.8,True,0.063,0.237,False,none,0.432,0.568,True,0,0,0,0.1,4,2 واقعی + 2 پروکسی,
2026-10-04 20:57:33,1791147453,baby-doge-coin,BABYDOGE,Baby Doge Coin,0.0,77397583,2210225,2.0745,-1.7832,52.19,,0.0,0.0,True,0.78,-3.02,0.4978,نگه‌داری,0.0044,0.0,5.04,0.674,False,0.6,True,0.239,0.093,False,none,0.576,0.424,True,0,0,0,0.9,4,2 واقعی + 2 پروکسی,
2026-10-04 20:57:33,1791147453,banana-for-scale-2,BANANAS31,Banana For Scale,0.00748166,74816757,2503519,-0.0672,-7.8012,40.79,,0.0076,0.0077,False,0.7,-7.26,0.4544,نگه‌داری,0.0911,,,0.296,False,0.45,True,0.107,-0.16,,,0.578,0.422,True,0,0,0,0.7,2,2 واقعی + 1 پروکسی,
2026-10-04 20:57:33,1791147453,turbo,TURBO,Turbo,0.00104671,72220654,4727843,-0.1884,-1.9094,52.39,,0.001,0.001,True,0.12,-2.34,0.4978,نگه‌داری,0.0044,6.8e-05,6.56,0.625,False,0.8,True,0.288,0.435,False,none,0.444,0.556,True,0,0,0,0.9,4,2 واقعی + 2 پروکسی,
2026-10-04 20:57:33,1791147453,book-of-meme,BOME,BOOK OF MEME,0.00101225,69853070,6041937,0.4103,-1.7234,52.75,,0.001,0.001,True,0.38,-1.35,0.5144,نگه‌داری,0.0289,7.7e-05,7.64,0.569,False,0.7,True,0.099,0.079,False,none,0.564,0.436,True,0,0,0,0.7,2,2 واقعی + 2 پروکسی,1163
2026-10-04 20:57:33,1791147453,the-black-bull,ANSEM,The Black Bull,0.163554,68188233,5079792,16.8194,-7.4327,44.97,,0.1437,0.1519,False,0.97,-1.5,0.4389,نگه‌داری,0.1222,0.030612,18.67,0.684,False,0.8,True,0.428,0.38,False,none,0.495,0.505,True,0,0,0,0.8,3,2 واقعی + 2 پروکسی,
2026-10-04 20:57:33,1791147453,comedian,BAN,Comedian,0.066615,66605902,3933482,1.5415,-3.5531,48.67,,0.0648,0.0662,False,0.58,-2.18,0.4367,نگه‌داری,0.1267,0.003542,5.33,0.546,False,0.3,True,0.406,-0.377,True,high_sweep,0.511,0.489,True,0,0,0,0.7,2,2 واقعی + 2 پروکسی,
2026-10-04 20:57:33,1791147453,mubarak,MUBARAK,Mubarak,0.066202,66191365,57423379,4.7607,25.8385,64.53,,0.0621,0.0495,True,0.98,24.8,0.5444,خرید,0.0889,0.009355,14.12,0.775,False,0.6,True,0.181,0.032,True,high_sweep,0.41,0.59,True,0,0,0,0.8,3,2 واقعی + 2 پروکسی,1156
2026-10-04 20:57:33,1791147453,based-brett,BRETT,Brett,0.00583669,57804768,3045144,-0.9171,-6.2974,53.93,,0.0058,0.0055,True,0.25,-4.55,0.4978,نگه‌داری,0.0044,0.000487,8.33,0.676,False,0.6,True,0.257,-0.009,False,none,0.62,0.38,True,0,0,0,0.8,3,2 واقعی + 2 پروکسی,
2026-10-04 20:57:33,1791147453,peanut-the-squirrel,PNUT,Peanut the Squirrel,0.053957,53969027,3753807,-0.076,-2.0363,52.28,,0.0536,0.0526,True,0.26,-2.53,0.5144,نگه‌داری,0.0289,0.003215,5.97,0.571,False,0.6,True,0.186,-0.009,False,none,0.302,0.698,True,0,0,0,0.7,2,2 واقعی + 2 پروکسی,1164
2026-10-04 20:57:33,1791147453,toshi,TOSHI,Toshi,0.0001244,52337877,2588989,-0.6756,-4.0484,50.39,,0.0001,0.0001,True,0.62,-3.49,0.5144,نگه‌داری,0.0289,9e-06,6.93,0.569,False,0.7,True,0.242,0.181,False,none,0.428,0.572,True,0,0,0,0.8,3,2 واقعی + 2 پروکسی,1165
2026-10-04 20:57:33,1791147453,popcat,POPCAT,Popcat,0.053319,52253720,9036628,-0.3386,-5.4371,49.15,,0.0529,0.0524,True,0.27,-4.28,0.5144,نگه‌داری,0.0289,0.003569,6.68,0.544,False,0.6,True,0.206,-0.015,False,none,0.64,0.36,True,0,0,0,0.8,3,2 واقعی + 2 پروکسی,1166
2026-10-04 20:57:33,1791147453,notcoin,NOT,Notcoin,0.0004998,49675120,3210979,-0.8095,-4.6039,54.54,,0.0005,0.0005,True,0.4,-4.98,0.4978,نگه‌داری,0.0044,3e-05,5.94,0.622,False,0.7,True,0.16,0.129,False,none,0.531,0.469,True,0,0,0,0.7,2,2 واقعی + 2 پروکسی,
2026-10-04 20:57:33,1791147453,cat-in-a-dogs-world,MEW,cat in a dogs world,0.00053333,47406000,3164144,-1.1817,4.2899,66.74,,0.0005,0.0005,True,0.14,5.34,0.4811,نگه‌داری,0.0378,3.2e-05,6.09,0.819,False,0.7,True,0.187,0.153,False,none,0.539,0.461,True,0,0,0,0.8,3,2 واقعی + 2 پروکسی,
2026-10-04 20:57:33,1791147453,neiro-3,NEIRO,Neiro,9.003e-05,37904212,3904350,-0.6786,-2.5425,50.74,,0.0001,0.0001,True,0.44,-1.44,0.5144,نگه‌داری,0.0289,5e-06,5.67,0.484,False,0.8,True,0.056,0.138,True,high_sweep,0.417,0.583,True,0,0,0,0.8,3,2 واقعی + 2 پروکسی,1167
2026-10-04 20:57:33,1791147453,dogelon-mars,ELON,Dogelon Mars,3e-08,32752866,1267323,0.4581,-2.4112,48.84,,0.0,0.0,True,0.65,-1.14,0.4978,نگه‌داری,0.0044,0.0,4.15,0.556,False,0.6,True,0.305,-0.051,False,none,0.42,0.58,True,0,0,0,0.9,4,2 واقعی + 2 پروکسی,
2026-10-04 20:57:33,1791147453,czs-dog,BROCCOLI,CZ's Dog,0.02741888,26498645,5226590,5.5073,-6.0243,60.71,,0.0264,0.0238,True,0.52,-2.76,0.4467,نگه‌داری,0.1067,0.004716,17.18,0.694,False,0.7,False,0.3,,False,none,0.651,0.349,False,0,0,0,,,0 واقعی + 4 پروکسی,
2026-10-04 20:57:33,1791147453,dogs-2,DOGS,Dogs,4.782e-05,24710347,2283276,0.1236,-8.4876,51.17,,0.0,0.0,False,0.42,-7.78,0.4367,نگه‌داری,0.1267,4e-06,7.62,0.42,False,0.8,True,0.063,0.155,False,none,0.179,0.821,True,0,0,0,0.2,3,2 واقعی + 2 پروکسی,
2026-10-04 20:57:33,1791147453,pipedog,PIPEDOG,pipedog,0.001405,17345961,2276544,-1.4805,-26.066,12.65,,0.0016,0.002,False,1.01,-26.11,0.5244,خرید,0.0489,0.000169,12.05,0.089,False,0.3,True,0.286,-0.328,True,low_sweep,0.452,0.548,True,0,0,0,0.2,3,2 واقعی + 2 پروکسی,1157
2026-10-04 20:57:33,1791147453,bone-shibaswap,BONE,Bone ShibaSwap,0.056683,14177235,1210924,7.9957,7.1041,68.97,,0.0535,0.0504,True,0.82,5.8,0.4822,نگه‌داری,0.0356,,,0.93,False,0.7,False,0.3,,,,0.559,0.441,False,0,0,0,,,0 واقعی + 3 پروکسی,
2026-10-04 20:57:33,1791147453,chill-guy,CHILLGUY,Just a chill guy,0.01297331,12972075,3416350,-1.6831,-7.6235,47.38,,0.0133,0.0133,True,0.18,-5.65,0.5144,نگه‌داری,0.0289,0.001223,9.4,0.414,False,0.7,True,0.231,0.134,False,none,0.5,0.5,True,0,0,0,0.7,2,2 واقعی + 2 پروکسی,1168
2026-10-04 20:57:33,1791147453,koma-inu,KOMA,Koma Inu,0.01985885,12030008,1191008,-2.0227,-2.6564,54.08,,0.0198,0.0202,False,0.26,-1.29,0.4367,نگه‌داری,0.1267,0.002142,10.81,0.429,False,0.8,True,0.96,0.393,False,none,0.662,0.338,True,0,0,0,0.2,3,2 واقعی + 2 پروکسی,
2026-10-05 03:50:33,1791172233,shiba-inu,SHIB,Shiba Inu,5.95e-06,3505096568,87606227,4.5524,2.1696,56.96,,0.0,0.0,True,0.12,4.73,0.4978,نگه‌داری,0.0044,0.0,5.04,0.713,False,0.8,True,0.017,0.143,False,none,0.478,0.522,True,0,0,0,0.9,4,2 واقعی + 2 پروکسی,
2026-10-05 03:50:33,1791172233,pump-fun,PUMP,Pump.fun,0.00640288,2973134267,314776183,-0.1419,24.5288,68.22,,0.006,0.0048,True,0.08,30.05,0.5356,خرید,0.0711,0.000611,9.53,0.913,False,0.7,True,0.016,0.047,False,none,0.605,0.395,True,0,0,0,0.8,3,2 واقعی + 2 پروکسی,1181
2026-10-05 03:50:33,1791172233,memecore,M,MemeCore,1.047,2389185247,1553822,-0.321,-11.4213,40.44,,1.0433,1.1904,False,1.24,-8.75,0.5233,خرید,0.0467,0.134807,12.88,0.252,False,0.7,False,0.3,,False,none,0.46,0.54,False,0,0,0,,,0 واقعی + 4 پروکسی,1182
2026-10-05 03:50:33,1791172233,pepe,PEPE,Pepe,4.46e-06,1874559353,171366311,4.493,3.7801,58.51,,0.0,0.0,True,0.1,6.06,0.4978,نگه‌داری,0.0044,0.0,6.91,0.645,False,0.7,True,0.022,0.078,False,none,0.49,0.51,True,0,0,0,0.8,3,2 واقعی + 2 پروکسی,
2026-10-05 03:50:33,1791172233,pudgy-penguins,PENGU,Pudgy Penguins,0.00983628,618163395,170799000,7.6748,-2.8854,55.41,,0.0095,0.009,True,0.11,4.06,0.4978,نگه‌داری,0.0044,0.000812,8.25,0.68,False,0.8,True,0.071,0.129,False,none,0.753,0.247,True,0,0,0,0.9,4,2 واقعی + 2 پروکسی,
2026-10-05 03:50:33,1791172233,official-trump,TRUMP,Official Trump,2.07,584832667,148822425,1.8209,-0.0567,44.45,,2.063,2.0626,True,0.15,3.18,0.5611,خرید,0.1222,0.144094,6.95,0.508,False,0.55,True,0.096,-0.135,False,none,0.489,0.511,True,0,0,0,0.8,3,2 واقعی + 2 پروکسی,1176
2026-10-05 03:50:33,1791172233,bianrensheng,币安人生,币安人生 (BinanceLife),0.501462,501419762,1629162,-0.0627,2.0659,42.18,,0.501,0.4993,True,0.5,1.57,0.5444,خرید,0.0889,0.01662,3.31,0.524,True,0.9,True,0.02,0.559,False,none,0.476,0.524,True,0,0,0,0.9,4,2 واقعی + 2 پروکسی,1177
2026-10-05 03:50:33,1791172233,spx6900,SPX,SPX6900,0.450412,419230083,8145663,3.4876,4.7124,42.27,,0.437,0.4558,False,0.01,7.01,0.4833,نگه‌داری,0.0333,0.037497,8.36,0.439,False,0.7,True,0.089,-0.095,False,none,0.53,0.47,True,0,0,0,0.8,3,2 واقعی + 2 پروکسی,
2026-10-05 03:50:33,1791172233,bonk,BONK,Bonk,4.02e-06,353364420,42004514,5.5451,9.4288,61.65,,0.0,0.0,True,0.09,15.3,0.5044,نگه‌داری,0.0089,0.0,7.23,0.845,False,0.55,True,0.05,-0.141,False,none,0.306,0.694,True,0,0,0,0.9,4,2 واقعی + 2 پروکسی,1191
2026-10-05 03:50:33,1791172233,floki,FLOKI,FLOKI,2.891e-05,278746513,32337167,6.3053,2.9373,57.16,,0.0,0.0,True,0.17,7.46,0.4978,نگه‌داری,0.0044,2e-06,5.87,0.729,False,0.7,True,0.104,0.133,False,none,0.623,0.377,True,0,0,0,0.8,3,2 واقعی + 2 پروکسی,
2026-10-05 03:50:33,1791172233,ape-and-pepe,APEPE,Ape and Pepe,1.33e-06,278682182,11461527,1.5131,0.6029,61.83,,0.0,0.0,True,0.75,0.59,0.4644,نگه‌داری,0.0711,0.0,4.38,0.856,False,0.9,False,0.1,,False,none,0.647,0.353,False,0,0,0,,,0 واقعی + 4 پروکسی,
2026-10-05 03:50:33,1791172233,dogwifcoin,WIF,dogwifhat,0.253131,252759885,70368015,1.4317,4.6688,59.72,,0.2494,0.2319,True,0.07,8.01,0.4978,نگه‌داری,0.0044,0.019006,7.5,0.714,False,0.8,True,0.039,0.105,False,none,0.501,0.499,True,0,0,0,0.7,2,2 واقعی + 2 پروکسی,
2026-10-05 03:50:33,1791172233,binance-peg-dogecoin,DOGE,Binance-Peg Dogecoin,0.095792,245597883,1450087,3.6935,0.6062,54.98,,0.0944,0.0924,True,0.07,2.53,0.5211,خرید,0.0422,0.00486,5.05,0.654,False,0.55,True,0.01,-0.147,False,none,0.377,0.623,True,0,0,0,0.9,4,2 واقعی + 2 پروکسی,1183
2026-10-05 03:50:33,1791172233,useless-3,USELESS,Useless Coin,0.238283,238226103,15400838,-1.1793,-12.2016,48.77,,0.2363,0.2597,False,0.09,-0.08,0.4256,فروش,0.1489,0.040349,17.02,0.297,False,0.6,True,0.11,-0.048,False,none,0.651,0.349,True,0,0,0,0.2,3,2 واقعی + 2 پروکسی,
2026-10-05 03:50:33,1791172233,fartcoin,FARTCOIN,Fartcoin,0.185722,185569324,35643198,6.2065,-3.5192,51.77,,0.1796,0.1762,True,0.12,10.93,0.5444,خرید,0.0889,0.01544,8.31,0.617,False,0.45,True,0.108,-0.202,False,none,0.686,0.314,True,0,0,0,0.9,4,2 واقعی + 2 پروکسی,1178
2026-10-05 03:50:33,1791172233,build-on,B,BUILDon,0.181333,181333941,3844257,2.62,-4.3989,48.63,,0.1758,0.1909,False,0.87,2.88,0.5,نگه‌داری,0.0,0.019048,10.51,0.355,False,0.7,False,0.3,,False,none,0.477,0.523,False,0,0,0,,,0 واقعی + 4 پروکسی,
2026-10-05 03:50:33,1791172233,non-playable-coin,NPC,Non-Playable Coin,0.02148102,172914690,2165440,-1.7469,-1.0405,49.03,,0.0216,0.0224,False,0.06,-8.45,0.4533,نگه‌داری,0.0933,0.00224,10.44,0.236,False,0.6,True,0.14,0.069,False,none,0.369,0.631,True,0,0,0,0.1,4,2 واقعی + 2 پروکسی,
2026-10-05 03:50:33,1791172233,cash-cat,CASHCAT,Cash Cat,0.161979,160007961,7075560,0.1179,-1.5746,41.91,,0.1644,0.1751,False,0.04,-11.09,0.4256,فروش,0.1489,0.026653,16.46,0.295,False,0.6,True,0.186,-0.088,False,none,0.582,0.418,True,0,0,0,0.2,3,2 واقعی + 2 پروکسی,
2026-10-05 03:50:33,1791172233,artificial-inu-3,AI,Artificial Inu,0.11403,113158093,23856158,-11.4128,-44.0027,53.75,,0.0206,0.0204,True,0.04,4.79,0.5044,نگه‌داری,0.0089,0.00097,4.62,0.665,False,0.7,True,0.048,-0.014,False,none,0.508,0.492,True,0,0,0,0.9,4,2 واقعی + 2 پروکسی,1194
2026-10-05 03:50:33,1791172233,marscoin-4,MARSCOIN,MarsCoin,0.110238,110167512,19590888,0.2905,-6.6433,39.1,,0.1202,0.1177,True,0.06,-30.61,0.48,نگه‌داری,0.04,0.023816,21.71,0.363,False,0.9,True,0.091,0.323,False,none,0.52,0.48,True,0,0,0,0.7,2,2 واقعی + 2 پروکسی,
2026-10-05 03:50:33,1791172233,melania-meme,MELANIA,Melania Meme,0.104646,104672361,7448543,0.6336,0.1367,45.11,,0.104,0.104,False,0.02,3.13,0.46,نگه‌داری,0.08,0.005581,5.31,0.555,False,0.6,True,0.153,-0.08,False,none,0.341,0.659,True,0,0,0,0.7,2,2 واقعی + 2 پروکسی,
2026-10-05 03:50:33,1791172233,purr-2,PURR,Purr,0.169004,100519165,1404351,-0.6886,11.6268,63.78,,0.1605,0.1388,True,0.41,19.49,0.4767,نگه‌داری,0.0467,0.028827,17.04,0.867,False,0.7,False,0.3,,False,none,0.525,0.475,False,0,0,0,,,0 واقعی + 4 پروکسی,
2026-10-05 03:50:33,1791172233,ordinals,ORDI,ORDI,4.59,96276432,11521476,0.9626,-3.09,52.01,,4.5889,4.5735,True,0.03,-0.15,0.5144,نگه‌داری,0.0289,0.302602,6.59,0.486,False,0.6,True,0.109,-0.029,False,none,0.822,0.178,True,0,0,0,0.8,3,2 واقعی + 2 پروکسی,1190
2026-10-05 03:50:33,1791172233,niu-lai,牛来,牛来 (Niu Lai),0.081987,81983676,16423366,0.9631,-18.601,39.82,,0.0915,0.1025,False,0.64,-29.24,0.4422,نگه‌داری,0.1156,0.017889,21.87,0.034,False,0.7,True,0.049,0.049,False,none,0.303,0.697,True,0,0,0,0.7,2,2 واقعی + 2 پروکسی,
2026-10-05 03:50:33,1791172233,baby-doge-coin,BABYDOGE,Baby Doge Coin,0.0,77381152,2535309,2.226,-0.6667,52.56,,0.0,0.0,True,0.11,-0.24,0.4811,نگه‌داری,0.0378,0.0,4.86,0.669,False,0.3,True,0.477,-0.323,True,high_sweep,0.608,0.392,True,0,0,0,0.8,3,2 واقعی + 2 پروکسی,
2026-10-05 03:50:33,1791172233,banana-for-scale-2,BANANAS31,Banana For Scale,0.00757318,75731052,2742795,2.2151,-4.0576,41.88,,0.0076,0.0077,False,0.79,-2.44,0.4544,نگه‌داری,0.0911,,,0.347,False,0.7,True,0.066,-0.098,,,0.58,0.42,True,0,0,0,0.7,2,2 واقعی + 1 پروکسی,
2026-10-05 03:50:33,1791172233,turbo,TURBO,Turbo,0.00105423,72731938,5340440,2.2387,-0.1397,52.54,,0.001,0.001,True,0.11,4.47,0.5211,خرید,0.0422,6.5e-05,6.16,0.643,False,0.8,True,0.095,0.282,False,none,0.379,0.621,True,0,0,0,0.9,4,2 واقعی + 2 پروکسی,1184
2026-10-05 03:50:33,1791172233,book-of-meme,BOME,BOOK OF MEME,0.00103943,71700002,8051822,3.6984,3.0636,56.64,,0.001,0.001,True,0.13,5.9,0.4978,نگه‌داری,0.0044,7.2e-05,6.96,0.669,False,0.6,True,0.116,-0.015,False,none,0.419,0.581,True,0,0,0,0.8,3,2 واقعی + 2 پروکسی,
2026-10-05 03:50:33,1791172233,mubarak,MUBARAK,Mubarak,0.069632,69611899,62292292,5.6248,30.2911,66.89,,0.0637,0.0514,True,0.06,19.81,0.5044,نگه‌داری,0.0089,0.009075,12.9,0.816,False,0.6,True,0.171,-0.005,False,none,0.681,0.319,True,0,0,0,0.8,3,2 واقعی + 2 پروکسی,1192
2026-10-05 03:50:33,1791172233,the-black-bull,ANSEM,The Black Bull,0.163844,68306364,6325180,11.6902,2.5803,45.28,,0.1458,0.1531,False,0.19,7.01,0.4156,فروش,0.1689,0.029497,18.06,0.648,False,0.7,True,0.369,0.121,True,high_sweep,0.478,0.522,True,0,0,0,0.7,2,2 واقعی + 2 پروکسی,
2026-10-05 03:50:33,1791172233,comedian,BAN,Comedian,0.066466,66457158,4326621,-1.4463,-0.0053,49.56,,0.0652,0.0661,False,0.0,4.04,0.4433,نگه‌داری,0.1133,0.003385,5.04,0.647,False,0.3,True,0.361,-0.336,False,none,0.507,0.493,True,0,0,0,0.7,2,2 واقعی + 2 پروکسی,
2026-10-05 03:50:33,1791172233,based-brett,BRETT,Brett,0.00590896,58507384,3610463,0.9675,-0.3274,53.85,,0.0058,0.0056,True,0.09,5.51,0.5211,خرید,0.0422,0.000462,7.81,0.7,False,0.6,True,0.237,-0.014,False,none,0.482,0.518,True,0,0,0,0.9,4,2 واقعی + 2 پروکسی,1185
2026-10-05 03:50:33,1791172233,peanut-the-squirrel,PNUT,Peanut the Squirrel,0.054708,54703159,5009075,1.6697,0.971,53.55,,0.0539,0.053,True,0.12,3.21,0.5211,خرید,0.0422,0.003073,5.62,0.606,False,0.6,True,0.367,0.022,False,none,0.518,0.482,True,0,0,0,0.9,4,2 واقعی + 2 پروکسی,1186
2026-10-05 03:50:33,1791172233,popcat,POPCAT,Popcat,0.054018,52894347,9802059,1.2,-1.1528,49.42,,0.0532,0.0528,True,0.02,3.14,0.5378,خرید,0.0756,0.003399,6.31,0.545,False,0.6,True,0.204,0.023,False,none,0.6,0.4,True,0,0,0,0.9,4,2 واقعی + 2 پروکسی,1179
2026-10-05 03:50:33,1791172233,snek,SNEK,Snek,0.00070615,52712772,1092817,9.5991,23.0273,69.67,,0.0006,0.0006,True,0.23,20.45,0.5044,نگه‌داری,0.0089,5.5e-05,7.87,0.912,False,0.8,True,1.0,0.706,True,high_sweep,0.402,0.598,True,0,0,0,0.9,4,2 واقعی + 2 پروکسی,1193
2026-10-05 03:50:33,1791172233,toshi,TOSHI,Toshi,0.00012526,52692539,2570985,-0.0442,-0.2776,47.49,,0.0001,0.0001,True,0.03,2.46,0.5378,خرید,0.0756,8e-06,6.39,0.567,False,0.8,True,0.16,0.443,False,none,0.785,0.215,True,0,0,0,0.8,3,2 واقعی + 2 پروکسی,1180
2026-10-05 03:50:33,1791172233,notcoin,NOT,Notcoin,0.00050121,49820666,3531755,0.0437,-1.7592,53.97,,0.0005,0.0005,True,0.03,0.72,0.5211,خرید,0.0422,2.8e-05,5.67,0.613,False,0.55,True,0.08,-0.166,False,none,0.44,0.56,True,0,0,0,0.8,3,2 واقعی + 2 پروکسی,1187
2026-10-05 03:50:33,1791172233,cat-in-a-dogs-world,MEW,cat in a dogs world,0.000528,46923380,4116921,-1.6987,7.1536,60.91,,0.0005,0.0005,True,0.09,10.99,0.5211,خرید,0.0422,3.2e-05,6.13,0.751,False,0.6,True,0.19,0.073,False,none,0.283,0.717,True,0,0,0,0.8,3,2 واقعی + 2 پروکسی,1188
2026-10-05 03:50:33,1791172233,neiro-3,NEIRO,Neiro,9.332e-05,39243660,6649051,4.2769,4.1069,52.73,,0.0001,0.0001,True,0.73,3.48,0.5211,خرید,0.0422,5e-06,5.31,0.614,False,0.4,True,0.043,-0.345,False,none,0.452,0.548,True,0,0,0,0.8,3,2 واقعی + 2 پروکسی,1189
2026-10-05 03:50:33,1791172233,dogelon-mars,ELON,Dogelon Mars,3e-08,33155584,2419430,1.5658,1.7153,52.59,,0.0,0.0,True,0.15,0.45,0.5044,نگه‌داری,0.0089,0.0,4.06,0.623,False,0.7,True,0.241,0.189,True,high_sweep,0.532,0.468,True,0,0,0,0.9,4,2 واقعی + 2 پروکسی,
2026-10-05 03:50:33,1791172233,czs-dog,BROCCOLI,CZ's Dog,0.02723469,26312790,5279554,3.1674,-1.3508,58.82,,0.0266,0.0242,True,0.52,5.07,0.4756,نگه‌داری,0.0489,,,0.659,False,0.7,False,0.3,,,,0.618,0.382,False,0,0,0,,,0 واقعی + 3 پروکسی,
2026-10-05 03:50:33,1791172233,dogs-2,DOGS,Dogs,4.805e-05,24819105,2414729,0.3619,-4.8596,50.82,,0.0,0.0,False,0.09,0.59,0.46,نگه‌داری,0.08,3e-06,7.26,0.439,False,0.8,True,0.063,0.189,False,none,0.847,0.153,True,0,0,0,0.7,2,2 واقعی + 2 پروکسی,
2026-10-05 03:50:33,1791172233,pipedog,PIPEDOG,pipedog,0.00139977,17274618,2344983,-0.8542,-24.9455,14.1,,0.0015,0.0019,False,0.22,-20.72,0.5011,نگه‌داری,0.0022,0.000155,11.08,0.136,False,0.45,True,0.214,-0.162,False,none,0.508,0.492,True,0,0,0,0.2,3,2 واقعی + 2 پروکسی,
2026-10-05 03:50:33,1791172233,chill-guy,CHILLGUY,Just a chill guy,0.01291722,12917661,3584484,-2.8209,-3.9979,41.31,,0.0133,0.0133,False,0.02,0.16,0.5,نگه‌داری,0.0,0.001112,8.61,0.339,False,0.45,True,0.233,-0.135,False,none,0.428,0.572,True,0,0,0,0.1,4,2 واقعی + 2 پروکسی,
2026-10-05 03:50:33,1791172233,koma-inu,KOMA,Koma Inu,0.02052635,12436806,1241516,2.9167,4.0524,59.81,,0.0201,0.0202,False,0.03,8.02,0.42,فروش,0.16,0.002074,9.99,0.611,False,0.6,True,1.865,0.685,False,none,0.778,0.222,True,0,0,0,0.8,3,2 واقعی + 2 پروکسی,
2026-10-05 03:50:33,1791172233,broccoli-3,BROCCOLI,Broccoli,0.00684824,6843884,1766276,2.4317,-10.8415,44.65,,0.0069,0.007,False,0.96,-7.81,0.4833,نگه‌داری,0.0333,0.000674,9.83,0.411,False,0.7,False,0.3,,False,none,0.568,0.432,False,0,0,0,,,0 واقعی + 4 پروکسی,
2026-10-05 10:16:28,1791195388,shiba-inu,SHIB,Shiba Inu,5.97e-06,3519943171,102481475,4.5237,5.7191,57.42,,0.0,0.0,True,0.32,5.05,0.4978,صبر,0.0044,0.0,5.09,0.728,False,0.7,True,0.017,-0.033,False,none,0.505,0.495,True,0,0,0,0.9,4,2 واقعی + 2 پروکسی,
2026-10-05 10:16:28,1791195388,pump-fun,PUMP,Pump.fun,0.00635713,2951854142,342379205,-0.4863,30.3486,67.51,,0.006,0.0048,True,0.24,29.13,0.5044,صبر,0.0089,0.000616,9.68,0.903,False,0.8,True,0.047,0.116,False,none,0.953,0.047,True,0,0,0,0.7,2,2 واقعی + 2 پروکسی,
2026-10-05 10:16:28,1791195388,pepe,PEPE,Pepe,4.53e-06,1907683038,240006814,5.8113,8.337,59.77,,0.0,0.0,True,0.33,7.5,0.235,خرید,0.0044,0.0,7.01,0.685,False,0.7,True,0.022,-0.084,False,none,0.727,0.273,True,0,0,0,0.9,4,2 واقعی + 2 پروکسی,1237
2026-10-05 10:16:28,1791195388,pudgy-penguins,PENGU,Pudgy Penguins,0.00986572,620162964,220307113,5.4024,2.8643,55.22,,0.0095,0.009,True,0.31,3.82,0.4978,صبر,0.0044,0.000819,8.34,0.675,False,0.7,True,0.061,0.095,False,none,0.381,0.619,True,0,0,0,0.9,4,2 واقعی + 2 پروکسی,
2026-10-05 10:16:28,1791195388,official-trump,TRUMP,Official Trump,2.08,585163575,153704995,2.2305,3.4772,44.59,,2.0633,2.0627,True,0.41,3.28,0.5611,صبر,0.1222,0.144808,6.98,0.515,False,0.7,True,0.096,0.028,False,none,0.516,0.484,True,0,0,0,0.8,3,2 واقعی + 2 پروکسی,
2026-10-05 10:16:28,1791195388,bianrensheng,币安人生,币安人生 (BinanceLife),0.509787,509787494,2437948,1.4686,4.4463,45.89,,0.5022,0.4997,True,0.74,3.2,0.5044,صبر,0.0089,0.017774,3.49,0.7,True,0.7,True,0.02,-0.024,False,none,0.205,0.795,True,1,0,1,0.9,4,2 واقعی + 2 پروکسی,
2026-10-05 10:16:28,1791195388,spx6900,SPX,SPX6900,0.455311,423889021,10875245,2.9424,7.3386,43.6,,0.4378,0.4561,False,0.13,8.44,0.4833,صبر,0.0333,0.037719,8.3,0.489,False,0.55,True,0.066,-0.102,False,none,0.713,0.287,True,0,0,0,0.8,3,2 واقعی + 2 پروکسی,
2026-10-05 10:16:28,1791195388,bonk,BONK,Bonk,4.01e-06,353196762,53906815,5.1969,15.7037,60.91,,0.0,0.0,True,0.27,14.27,0.5044,صبر,0.0089,0.0,7.37,0.825,False,0.7,True,0.05,0.03,False,none,0.482,0.518,True,0,0,0,0.9,4,2 واقعی + 2 پروکسی,
2026-10-05 10:16:28,1791195388,floki,FLOKI,FLOKI,2.958e-05,285259499,46172167,8.1394,8.4475,59.36,,0.0,0.0,True,0.85,9.57,0.5044,صبر,0.0089,2e-06,5.93,0.806,False,0.6,True,0.17,0.094,True,high_sweep,0.604,0.396,True,0,0,0,0.9,4,2 واقعی + 2 پروکسی,
2026-10-05 10:16:28,1791195388,ape-and-pepe,APEPE,Ape and Pepe,1.32e-06,276676966,11040449,-0.2529,0.8266,60.33,,0.0,0.0,True,0.73,-0.13,0.4411,صبر,0.1178,0.0,4.31,0.808,False,0.9,False,0.1,,False,none,0.648,0.352,False,0,0,0,,,0 واقعی + 4 پروکسی,
2026-10-05 10:16:28,1791195388,dogwifcoin,WIF,dogwifhat,0.262083,261801187,79816106,5.6946,12.7749,63.04,,0.2505,0.2323,True,0.23,11.42,0.5211,صبر,0.0422,0.020041,7.67,0.795,False,0.8,True,0.038,0.225,False,none,0.481,0.519,True,0,0,0,0.9,4,2 واقعی + 2 پروکسی,
2026-10-05 10:16:28,1791195388,binance-peg-dogecoin,DOGE,Binance-Peg Dogecoin,0.096321,246965405,1558359,3.5932,3.5002,54.86,,0.0944,0.0924,True,0.15,2.46,0.5211,صبر,0.0422,0.004932,5.12,0.651,False,0.7,True,0.01,-0.098,False,none,0.543,0.457,True,0,0,0,0.9,4,2 واقعی + 2 پروکسی,
2026-10-05 10:16:28,1791195388,useless-3,USELESS,Useless Coin,0.235636,235621856,14900781,-2.8317,-7.7653,48.33,,0.236,0.2596,False,0.17,-1.05,0.4256,صبر,0.1489,0.040708,17.34,0.279,False,0.8,True,0.068,0.193,False,none,0.466,0.534,True,0,0,0,0.2,3,2 واقعی + 2 پروکسی,
2026-10-05 10:16:28,1791195388,fartcoin,FARTCOIN,Fartcoin,0.187353,187337336,38887190,5.3977,8.2423,52.19,,0.1798,0.1762,True,0.26,11.47,0.5444,صبر,0.0889,0.015804,8.47,0.63,False,0.45,True,0.215,-0.12,False,none,0.501,0.499,True,0,0,0,0.9,4,2 واقعی + 2 پروکسی,
2026-10-05 10:16:28,1791195388,build-on,B,BUILDon,0.178476,178475830,3461878,1.8756,-2.2175,47.45,,0.1754,0.1907,False,0.79,1.36,0.4767,صبر,0.0467,0.018328,10.26,0.316,False,0.7,False,0.3,,False,none,0.476,0.524,False,0,0,0,,,0 واقعی + 4 پروکسی,
2026-10-05 10:16:28,1791195388,non-playable-coin,NPC,Non-Playable Coin,0.02115519,170301928,2901002,-4.632,0.5579,47.68,,0.0216,0.0224,False,0.19,-9.73,0.47,صبر,0.06,0.002265,10.7,0.17,False,0.45,True,0.142,-0.195,False,none,0.378,0.622,True,0,0,0,0.1,4,2 واقعی + 2 پروکسی,
2026-10-05 10:16:28,1791195388,cash-cat,CASHCAT,Cash Cat,0.160089,158147956,7012921,-2.7206,-20.2045,41.31,,0.1641,0.175,False,0.08,-12.36,0.4256,صبر,0.1489,0.026868,16.83,0.264,False,0.45,True,0.126,-0.118,False,none,0.504,0.496,True,0,0,0,0.1,4,2 واقعی + 2 پروکسی,
2026-10-05 10:16:28,1791195388,artificial-inu-3,AI,Artificial Inu,0.111824,110836244,23865373,-9.2343,-51.8923,53.75,,0.0206,0.0204,True,0.2,4.79,0.5044,صبر,0.0089,0.000975,4.64,0.665,False,0.6,True,0.143,-0.007,False,none,0.408,0.592,True,0,0,0,0.9,4,2 واقعی + 2 پروکسی,
2026-10-05 10:16:28,1791195388,marscoin-4,MARSCOIN,MarsCoin,0.109839,109839292,20818229,-2.637,-27.9135,39.13,,0.1203,0.1177,True,0.19,-30.55,0.48,صبر,0.04,0.024088,21.94,0.364,False,0.9,True,0.091,0.337,False,none,0.534,0.466,True,0,0,0,0.7,2,2 واقعی + 2 پروکسی,
2026-10-05 10:16:28,1791195388,melania-meme,MELANIA,Melania Meme,0.105275,105274082,8527582,1.4917,4.2206,45.69,,0.1041,0.1041,True,0.1,3.42,0.5378,صبر,0.0756,0.005691,5.4,0.574,False,0.6,True,0.19,0.04,False,none,0.209,0.791,True,0,0,0,0.8,3,2 واقعی + 2 پروکسی,
2026-10-05 10:16:28,1791195388,purr-2,PURR,Purr,0.165125,98214739,1866542,-4.1942,13.8062,61.42,,0.1598,0.1386,True,0.54,16.42,0.4767,صبر,0.0467,0.031107,18.87,0.819,False,0.7,False,0.3,,False,none,0.522,0.478,False,0,0,0,,,0 واقعی + 4 پروکسی,
2026-10-05 10:16:28,1791195388,ordinals,ORDI,ORDI,4.6,96694649,10372635,1.3834,1.1408,52.06,,4.5891,4.5736,True,0.08,-0.11,0.5144,صبر,0.0289,0.307317,6.69,0.489,False,0.7,True,0.109,0.102,False,none,0.791,0.209,True,0,0,0,0.8,3,2 واقعی + 2 پروکسی,
2026-10-05 10:16:28,1791195388,niu-lai,牛来,牛来 (Niu Lai),0.081615,81614673,15846119,-1.7339,-26.4063,39.71,,0.0915,0.1025,False,0.36,-29.54,0.4422,صبر,0.1156,0.019253,23.63,0.028,False,0.8,True,0.061,0.126,True,high_sweep,0.352,0.648,True,0,0,0,0.2,3,2 واقعی + 2 پروکسی,
2026-10-05 10:16:28,1791195388,baby-doge-coin,BABYDOGE,Baby Doge Coin,0.0,76801824,3559718,0.445,1.3233,51.26,,0.0,0.0,True,0.5,-0.95,0.4811,صبر,0.0378,0.0,4.98,0.627,False,0.3,True,0.24,-0.511,True,high_sweep,0.416,0.584,True,0,0,0,0.7,2,2 واقعی + 2 پروکسی,
2026-10-05 10:16:28,1791195388,banana-for-scale-2,BANANAS31,Banana For Scale,0.00767034,76703429,2971564,3.1096,-1.036,43.92,,0.0076,0.0077,False,0.85,-1.33,0.4833,صبر,0.0333,0.000418,5.46,0.422,False,0.45,True,0.104,-0.124,False,none,0.459,0.541,True,0,0,0,0.8,3,2 واقعی + 2 پروکسی,
2026-10-05 10:16:28,1791195388,mubarak,MUBARAK,Mubarak,0.075401,75401092,85370445,13.4328,35.6033,69.37,,0.0644,0.0516,True,0.43,28.25,0.5044,صبر,0.0089,0.00968,12.85,0.889,False,0.45,True,0.172,-0.153,False,none,0.264,0.736,True,0,0,0,0.8,3,2 واقعی + 2 پروکسی,
2026-10-05 10:16:28,1791195388,turbo,TURBO,Turbo,0.00105179,72573409,6087310,1.1331,4.575,52.39,,0.001,0.001,True,0.29,4.37,0.5211,صبر,0.0422,6.7e-05,6.33,0.639,False,0.45,True,0.19,-0.135,False,none,0.712,0.288,True,0,0,0,0.7,2,2 واقعی + 2 پروکسی,
2026-10-05 10:16:28,1791195388,book-of-meme,BOME,BOOK OF MEME,0.00103673,71534341,9540223,4.4882,4.1097,56.24,,0.001,0.001,True,0.22,5.5,0.4978,صبر,0.0044,7.3e-05,7.05,0.65,False,0.7,True,0.087,0.041,False,none,0.356,0.644,True,0,0,0,0.9,4,2 واقعی + 2 پروکسی,
2026-10-05 10:16:28,1791195388,boner-coin,BONER,Boner Coin,0.069012,69007823,3886424,23.484,43.1383,61.6,,0.0552,0.0504,True,1.79,37.43,0.5,فروش,0.1089,0.011775,17.18,1.07,False,0.7,False,0.3,,False,none,0.614,0.386,False,0,0,0,,,0 واقعی + 4 پروکسی,1236
2026-10-05 10:16:28,1791195388,comedian,BAN,Comedian,0.066311,66308082,4872932,-0.1424,3.0226,48.37,,0.0651,0.0661,False,0.13,3.11,0.46,صبر,0.08,0.003418,5.13,0.572,False,0.45,True,0.302,-0.297,False,none,0.37,0.63,True,0,0,0,0.7,2,2 واقعی + 2 پروکسی,
2026-10-05 13:29:06,1791206946,shiba-inu,SHIB,Shiba Inu,5.96e-06,3509552124,110040696,4.3736,4.8423,57.06,,0.0,0.0,True,0.4,4.8,0.4978,صبر,0.0044,0.0,5.1,0.716,False,0.9,True,0.017,0.369,False,none,0.547,0.453,True,0,0,0,0.8,3,2 واقعی + 2 پروکسی,
2026-10-05 13:29:06,1791206946,pump-fun,PUMP,Pump.fun,0.00640022,2972389040,350658113,1.8991,27.8075,68.27,,0.006,0.0048,True,0.3,30.11,0.5356,صبر,0.0711,0.000616,9.61,0.914,False,0.8,True,0.031,0.136,False,none,0.846,0.154,True,0,0,0,0.8,3,2 واقعی + 2 پروکسی,
2026-10-05 13:29:06,1791206946,memecore,M,MemeCore,1.04,2373778060,2009854,-0.3873,-10.8389,39.91,,1.0423,1.1901,False,1.61,-9.35,0.5011,صبر,0.0022,,,0.242,False,0.7,False,0.3,,,,0.455,0.545,False,0,0,0,,,0 واقعی + 3 پروکسی,
2026-10-05 13:29:06,1791206946,pepe,PEPE,Pepe,4.52e-06,1902042714,264568603,5.7955,6.2311,59.59,,0.0,0.0,True,0.4,7.29,0.4978,صبر,0.0044,0.0,7.02,0.679,False,0.7,True,0.022,-0.046,False,none,0.472,0.528,True,0,0,0,0.8,3,2 واقعی + 2 پروکسی,
2026-10-05 13:29:06,1791206946,pudgy-penguins,PENGU,Pudgy Penguins,0.00980805,616797678,231050429,6.3372,1.862,55.05,,0.0095,0.009,True,0.43,3.61,0.4978,صبر,0.0044,0.000819,8.35,0.67,False,0.8,True,0.01,0.231,False,none,0.816,0.184,True,0,0,0,0.8,3,2 واقعی + 2 پروکسی,
2026-10-05 13:29:06,1791206946,official-trump,TRUMP,Official Trump,2.06,580594800,150851702,1.366,2.6951,43.45,,2.0607,2.0618,False,0.53,2.39,0.4833,صبر,0.0333,0.144808,7.04,0.456,False,0.7,True,0.049,0.02,False,none,0.508,0.492,True,0,0,0,0.2,3,2 واقعی + 2 پروکسی,
2026-10-05 13:29:06,1791206946,spx6900,SPX,SPX6900,0.452553,421447767,10897911,2.1741,6.5155,43.25,,0.4376,0.4561,False,0.15,8.06,0.4833,صبر,0.0333,0.037719,8.33,0.476,False,0.55,True,0.088,-0.112,False,none,0.886,0.114,True,0,0,0,0.7,2,2 واقعی + 2 پروکسی,
2026-10-05 13:29:06,1791206946,bonk,BONK,Bonk,3.99e-06,351237371,55447820,4.8703,14.4123,60.87,,0.0,0.0,True,0.31,14.22,0.5044,صبر,0.0089,0.0,7.37,0.824,False,0.7,True,0.05,-0.06,False,none,0.497,0.503,True,0,0,0,0.8,3,2 واقعی + 2 پروکسی,
2026-10-05 13:29:06,1791206946,floki,FLOKI,FLOKI,2.924e-05,282031052,50680722,7.3455,6.1577,58.5,,0.0,0.0,True,1.26,8.72,0.5444,صبر,0.0889,2e-06,5.98,0.775,False,0.7,True,0.137,0.102,True,high_sweep,0.495,0.505,True,0,0,0,0.8,3,2 واقعی + 2 پروکسی,
2026-10-05 13:29:06,1791206946,ape-and-pepe,APEPE,Ape and Pepe,1.32e-06,276916379,10681754,-0.0076,-0.2896,60.45,,0.0,0.0,True,0.7,-0.07,0.4411,صبر,0.1178,0.0,4.17,0.812,False,0.9,False,0.1,,False,none,0.649,0.351,False,0,0,0,,,0 واقعی + 4 پروکسی,
2026-10-05 13:29:06,1791206946,dogwifcoin,WIF,dogwifhat,0.25932,259235718,78676842,5.2521,11.9303,62.2,,0.2502,0.2322,True,0.26,10.49,0.5211,صبر,0.0422,0.020041,7.73,0.773,False,0.9,True,0.039,0.602,False,none,0.497,0.503,True,0,0,0,0.8,3,2 واقعی + 2 پروکسی,
2026-10-05 13:29:06,1791206946,binance-peg-dogecoin,DOGE,Binance-Peg Dogecoin,0.095976,246108487,1451552,2.9852,2.9914,54.29,,0.0943,0.0924,True,0.17,2.1,0.5211,صبر,0.0422,0.004932,5.14,0.636,False,0.7,True,0.01,-0.038,False,none,0.421,0.579,True,0,0,0,0.8,3,2 واقعی + 2 پروکسی,
2026-10-05 13:29:06,1791206946,useless-3,USELESS,Useless Coin,0.230873,230946624,15612753,-4.4712,-7.4242,47.58,,0.2354,0.2594,False,0.23,-2.75,0.4256,صبر,0.1489,0.040941,17.75,0.25,False,0.8,True,0.043,0.248,False,none,0.465,0.535,True,0,0,0,0.2,3,2 واقعی + 2 پروکسی,
2026-10-05 13:29:06,1791206946,fartcoin,FARTCOIN,Fartcoin,0.186285,186444201,37373509,5.7049,9.0553,52.01,,0.1797,0.1762,True,0.29,11.23,0.5444,صبر,0.0889,0.015804,8.49,0.624,False,0.6,True,0.162,-0.046,False,none,0.475,0.525,True,0,0,0,0.8,3,2 واقعی + 2 پروکسی,
2026-10-05 13:29:06,1791206946,build-on,B,BUILDon,0.17951,179490137,3523149,2.9863,1.6937,47.78,,0.1755,0.1908,False,0.8,1.78,0.4767,صبر,0.0467,0.018177,10.13,0.327,False,0.7,False,0.3,,False,none,0.476,0.524,False,0,0,0,,,0 واقعی + 4 پروکسی,
2026-10-05 13:29:06,1791206946,non-playable-coin,NPC,Non-Playable Coin,0.02105852,169356965,3018874,-4.5995,-0.1176,47.29,,0.0216,0.0223,False,0.24,-10.11,0.4467,صبر,0.1067,0.002282,10.83,0.151,False,0.45,True,0.142,-0.205,False,none,0.141,0.859,True,0,0,0,0.1,4,2 واقعی + 2 پروکسی,
2026-10-05 13:29:06,1791206946,cash-cat,CASHCAT,Cash Cat,0.157871,155908188,6763977,-2.675,-16.9409,40.75,,0.1638,0.1749,False,0.11,-13.56,0.4256,صبر,0.1489,0.026896,17.09,0.236,False,0.6,True,0.19,-0.068,False,none,0.1,0.9,True,0,0,0,0.1,4,2 واقعی + 2 پروکسی,
2026-10-05 13:29:06,1791206946,artificial-inu-3,AI,Artificial Inu,0.118221,117899032,23119105,1.7107,-48.278,54.01,,0.0206,0.0204,True,0.29,4.94,0.5044,صبر,0.0089,0.000975,4.63,0.674,False,0.7,True,0.047,-0.009,False,none,0.258,0.742,True,0,0,0,0.9,4,2 واقعی + 2 پروکسی,
2026-10-05 13:29:06,1791206946,marscoin-4,MARSCOIN,MarsCoin,0.108745,108665108,19163691,-1.5177,-27.5081,38.69,,0.1201,0.1176,True,0.22,-31.37,0.48,صبر,0.04,0.024088,22.2,0.347,False,0.9,True,0.092,0.48,False,none,0.389,0.611,True,0,0,0,0.7,2,2 واقعی + 2 پروکسی,
2026-10-05 13:29:06,1791206946,melania-meme,MELANIA,Melania Meme,0.104824,104906440,8631909,1.5138,2.5014,45.18,,0.104,0.104,False,0.17,3.17,0.46,صبر,0.08,0.005691,5.41,0.558,False,0.7,True,0.095,-0.034,False,none,0.239,0.761,True,0,0,0,0.7,2,2 واقعی + 2 پروکسی,
2026-10-05 13:29:06,1791206946,purr-2,PURR,Purr,0.166492,99021485,2021964,-2.683,13.4791,62.31,,0.1601,0.1387,True,0.59,17.61,0.4767,صبر,0.0467,0.031748,19.07,0.838,False,0.7,False,0.3,,False,none,0.521,0.479,False,0,0,0,,,0 واقعی + 4 پروکسی,
2026-10-05 13:29:06,1791206946,ordinals,ORDI,ORDI,4.58,96207530,12569201,1.6737,0.2308,51.62,,4.5869,4.5729,True,0.1,-0.46,0.5144,صبر,0.0289,0.307317,6.71,0.47,False,0.7,True,0.109,0.144,False,none,0.781,0.219,True,0,0,0,0.7,2,2 واقعی + 2 پروکسی,
2026-10-05 13:29:06,1791206946,niu-lai,牛来,牛来 (Niu Lai),0.080656,80669211,15474036,-2.1713,-26.3772,39.35,,0.0913,0.1024,False,0.62,-30.47,0.4189,صبر,0.1622,0.019638,24.43,0.008,False,0.8,True,0.05,0.107,True,high_sweep,0.405,0.595,True,0,0,0,0.2,3,2 واقعی + 2 پروکسی,
2026-10-05 13:29:06,1791206946,baby-doge-coin,BABYDOGE,Baby Doge Coin,0.0,76638908,3783686,0.6004,0.1902,51.68,,0.0,0.0,True,0.6,-0.71,0.4811,صبر,0.0378,0.0,4.97,0.641,False,0.6,True,0.24,-0.029,True,high_sweep,0.605,0.395,True,0,0,0,0.7,2,2 واقعی + 2 پروکسی,
2026-10-05 13:29:06,1791206946,banana-for-scale-2,BANANAS31,Banana For Scale,0.00761267,76019655,1684927,1.502,-3.0122,42.21,,0.0076,0.0077,False,0.91,-2.27,0.5,صبر,0.0,0.000418,5.51,0.359,False,0.7,True,0.079,-0.062,False,none,0.494,0.506,True,0,0,0,0.7,2,2 واقعی + 2 پروکسی,
2026-10-05 13:29:06,1791206946,mubarak,MUBARAK,Mubarak,0.074563,74659444,85252368,3.5073,28.3736,68.82,,0.0642,0.0516,True,0.53,26.26,0.5044,صبر,0.0089,0.009731,13.12,0.872,False,0.6,True,0.148,0.009,True,high_sweep,0.62,0.38,True,0,0,0,0.9,4,2 واقعی + 2 پروکسی,
2026-10-05 13:29:06,1791206946,turbo,TURBO,Turbo,0.0010569,72902090,6361956,1.7528,3.1962,53.25,,0.001,0.001,True,0.39,4.97,0.5211,صبر,0.0422,6.7e-05,6.3,0.666,False,0.55,True,0.095,-0.175,False,none,0.501,0.499,True,0,0,0,0.9,4,2 واقعی + 2 پروکسی,
2026-10-05 13:29:06,1791206946,book-of-meme,BOME,BOOK OF MEME,0.00102679,70851706,8928571,4.8047,3.1497,55.57,,0.001,0.001,True,0.31,4.86,0.4978,صبر,0.0044,7.3e-05,7.1,0.618,False,0.7,True,0.097,0.018,False,none,0.51,0.49,True,0,0,0,0.8,3,2 واقعی + 2 پروکسی,
2026-10-05 13:29:06,1791206946,boner-coin,BONER,Boner Coin,0.068276,68277521,3531725,4.9434,39.3588,61.48,,0.0551,0.0504,True,1.65,37.07,0.5,فروش,0.1089,0.013087,19.15,1.066,False,0.7,False,0.3,,True,high_sweep,0.615,0.385,False,0,0,0,,,0 واقعی + 4 پروکسی,1239
2026-10-05 23:43:19,1791243799,shiba-inu,SHIB,Shiba Inu,5.88e-06,3462922858,96986946,-0.5714,4.8931,54.79,,0.0,0.0,True,0.61,3.47,0.5211,صبر,0.0422,0.0,5.17,0.653,False,0.7,True,0.017,0.06,False,none,0.464,0.536,True,0,0,0,0.8,3,2 واقعی + 2 پروکسی,
2026-10-05 23:43:19,1791243799,pump-fun,PUMP,Pump.fun,0.00644339,2991121405,300892851,-0.9427,31.0,68.79,,0.006,0.0048,True,0.58,30.76,0.5356,صبر,0.0711,0.000634,9.84,0.921,False,0.7,True,0.031,-0.024,False,none,0.681,0.319,True,0,0,0,0.8,3,2 واقعی + 2 پروکسی,
2026-10-05 23:43:19,1791243799,memecore,M,MemeCore,1.014,2314729229,2422439,-3.0778,-12.9304,38.0,,1.0386,1.1889,False,1.94,-11.64,0.4778,صبر,0.0444,,,0.203,False,0.7,False,0.3,,,,0.451,0.549,False,0,0,0,,,0 واقعی + 3 پروکسی,
2026-10-05 23:43:19,1791243799,pepe,PEPE,Pepe,4.39e-06,1845424284,271866460,-0.0091,6.5034,56.79,,0.0,0.0,True,0.61,4.3,0.5144,صبر,0.0289,0.0,7.22,0.595,False,0.7,True,0.023,0.066,False,none,0.465,0.535,True,0,0,0,0.7,2,2 واقعی + 2 پروکسی,
2026-10-05 23:43:19,1791243799,pudgy-penguins,PENGU,Pudgy Penguins,0.00966531,607564932,245176966,0.9182,4.5657,53.8,,0.0095,0.009,True,0.71,2.16,0.5211,صبر,0.0422,0.000825,8.53,0.637,False,0.8,True,0.01,0.129,False,none,0.824,0.176,True,0,0,0,0.7,2,2 واقعی + 2 پروکسی,
2026-10-05 23:43:19,1791243799,official-trump,TRUMP,Official Trump,2.06,579819008,158061202,-0.3721,4.2744,43.45,,2.0607,2.0618,False,0.97,2.39,0.5067,صبر,0.0133,0.146308,7.11,0.456,False,0.7,True,0.049,0.032,False,none,0.247,0.753,True,0,0,0,0.7,2,2 واقعی + 2 پروکسی,
2026-10-05 23:43:19,1791243799,spx6900,SPX,SPX6900,0.452483,421255678,11414283,1.9334,10.53,43.1,,0.4375,0.456,False,0.22,7.9,0.4833,صبر,0.0333,0.037905,8.38,0.47,False,0.55,True,0.088,-0.161,False,none,0.398,0.602,True,0,0,0,0.7,2,2 واقعی + 2 پروکسی,
2026-10-05 23:43:19,1791243799,bonk,BONK,Bonk,3.84e-06,337860449,59667460,-1.775,11.8302,57.04,,0.0,0.0,True,0.56,10.13,0.5211,صبر,0.0422,0.0,7.89,0.74,False,0.8,True,0.078,0.212,True,high_sweep,0.559,0.441,True,0,0,0,0.8,3,2 واقعی + 2 پروکسی,
2026-10-05 23:43:19,1791243799,floki,FLOKI,FLOKI,2.901e-05,279724554,39916292,-0.009,9.1327,57.48,,0.0,0.0,True,1.69,7.76,0.5444,صبر,0.0889,2e-06,6.07,0.74,False,0.7,True,0.069,0.065,True,high_sweep,0.441,0.559,True,0,0,0,0.8,3,2 واقعی + 2 پروکسی,
2026-10-05 23:43:19,1791243799,ape-and-pepe,APEPE,Ape and Pepe,1.32e-06,277155935,9598859,-0.5953,-0.4886,60.69,,0.0,0.0,True,0.63,0.05,0.4644,صبر,0.0711,0.0,4.17,0.82,False,0.9,False,0.1,,False,none,0.65,0.35,False,0,0,0,,,0 واقعی + 4 پروکسی,
2026-10-05 23:43:19,1791243799,dogwifcoin,WIF,dogwifhat,0.251679,251408801,69686665,-0.7451,11.5633,58.63,,0.2492,0.2318,True,0.44,7.29,0.4978,صبر,0.0044,0.020041,7.96,0.696,False,0.8,True,0.04,0.258,False,none,0.495,0.505,True,0,0,0,0.7,2,2 واقعی + 2 پروکسی,
2026-10-05 23:43:19,1791243799,binance-peg-dogecoin,DOGE,Binance-Peg Dogecoin,0.09534,244452387,1119829,-0.5975,2.5298,53.51,,0.0943,0.0924,True,0.36,1.68,0.5211,صبر,0.0422,0.005001,5.24,0.619,False,0.55,True,0.01,-0.175,False,none,0.614,0.386,True,0,0,0,0.8,3,2 واقعی + 2 پروکسی,
2026-10-05 23:43:19,1791243799,useless-3,USELESS,Useless Coin,0.237913,237899073,21205378,-1.0686,2.409,48.96,,0.2364,0.2598,False,0.51,0.35,0.4489,صبر,0.1022,0.041457,17.42,0.304,False,0.7,True,0.067,-0.024,False,none,0.334,0.666,True,0,0,0,0.8,3,2 واقعی + 2 پروکسی,
2026-10-05 23:43:19,1791243799,fartcoin,FARTCOIN,Fartcoin,0.182776,182761064,36276743,-0.6766,12.1431,50.51,,0.1793,0.1761,True,0.45,9.38,0.5378,صبر,0.0756,0.015947,8.71,0.579,False,0.7,True,0.055,0.01,False,none,0.134,0.866,True,0,0,0,0.8,3,2 واقعی + 2 پروکسی,
2026-10-05 23:43:19,1791243799,build-on,B,BUILDon,0.176537,176537450,3526693,1.4911,0.8349,46.51,,0.1751,0.1906,False,0.8,0.19,0.5,صبر,0.0,0.018419,10.43,0.287,False,0.7,False,0.3,,False,none,0.476,0.524,False,0,0,0,,,0 واقعی + 4 پروکسی,
2026-10-05 23:43:19,1791243799,non-playable-coin,NPC,Non-Playable Coin,0.02058998,165751917,3713431,-4.3849,-10.6771,45.34,,0.0215,0.0223,False,0.7,-12.12,0.4467,صبر,0.1067,0.002329,11.31,0.058,False,0.9,True,0.049,0.529,True,low_sweep,0.294,0.706,True,0,0,0,0.2,3,2 واقعی + 2 پروکسی,
2026-10-05 23:43:19,1791243799,cash-cat,CASHCAT,Cash Cat,0.158759,156833907,7139301,-3.6466,-10.786,41.0,,0.1639,0.175,False,0.29,-13.01,0.4256,صبر,0.1489,0.02711,17.12,0.248,False,0.45,True,0.126,-0.116,False,none,0.76,0.24,True,0,0,0,0.2,3,2 واقعی + 2 پروکسی,
2026-10-05 23:43:19,1791243799,artificial-inu-3,AI,Artificial Inu,0.115404,114382792,17128165,-10.7584,-47.7872,56.34,,0.0206,0.0204,True,0.45,6.38,0.4811,صبر,0.0378,0.001011,4.74,0.758,False,0.7,True,0.094,0.081,False,none,0.668,0.332,True,0,0,0,0.9,4,2 واقعی + 2 پروکسی,
2026-10-05 23:43:19,1791243799,marscoin-4,MARSCOIN,MarsCoin,0.104799,104799366,23963670,-2.772,-32.2583,37.94,,0.1196,0.1175,True,0.38,-33.52,0.48,صبر,0.04,0.024488,23.3,0.302,False,0.8,True,0.095,0.225,True,low_sweep,0.704,0.296,True,0,0,0,0.7,2,2 واقعی + 2 پروکسی,
2026-10-05 23:43:19,1791243799,melania-meme,MELANIA,Melania Meme,0.103381,103380187,9310932,-0.9999,2.892,42.37,,0.1038,0.104,False,0.78,1.59,0.4833,صبر,0.0333,0.005788,5.59,0.458,False,0.6,True,0.126,-0.048,False,none,0.58,0.42,True,0,0,0,0.7,2,2 واقعی + 2 پروکسی,
2026-10-05 23:43:19,1791243799,ordinals,ORDI,ORDI,4.61,96864473,15652121,1.6978,3.236,52.36,,4.5907,4.5741,True,0.17,0.13,0.5378,صبر,0.0756,0.308174,6.69,0.502,False,0.8,True,0.087,0.129,False,none,0.519,0.481,True,0,0,0,0.9,4,2 واقعی + 2 پروکسی,
2026-10-05 23:43:19,1791243799,purr-2,PURR,Purr,0.159889,95099833,2804092,-6.31,14.3847,58.93,,0.1591,0.1384,True,0.81,12.9,0.5167,صبر,0.0333,0.033088,20.7,0.761,False,0.7,False,0.3,,False,none,0.516,0.484,False,0,0,0,,,0 واقعی + 4 پروکسی,
2026-10-05 23:43:19,1791243799,niu-lai,牛来,牛来 (Niu Lai),0.076676,76675644,16453991,-6.6775,-33.5924,38.18,,0.0908,0.1022,False,0.66,-33.6,0.4189,صبر,0.1622,0.020503,26.71,-0.052,False,0.7,True,0.052,0.046,False,none,0.245,0.755,True,1,0,1,0.2,3,2 واقعی + 2 پروکسی,
2026-10-05 23:43:19,1791243799,baby-doge-coin,BABYDOGE,Baby Doge Coin,0.0,76353920,4027857,-1.4918,0.2873,51.26,,0.0,0.0,True,0.73,-0.95,0.4978,صبر,0.0044,0.0,5.07,0.627,False,0.7,True,0.241,0.177,True,high_sweep,0.719,0.281,True,0,0,0,0.8,3,2 واقعی + 2 پروکسی,
2026-10-05 23:43:19,1791243799,mubarak,MUBARAK,Mubarak,0.075317,75316812,59709369,14.9193,28.4135,69.37,,0.0644,0.0516,True,0.68,28.25,0.5044,صبر,0.0089,0.009731,12.92,0.889,False,0.7,True,0.093,-0.055,True,high_sweep,0.52,0.48,True,0,0,0,0.8,3,2 واقعی + 2 پروکسی,
2026-10-05 23:43:19,1791243799,banana-for-scale-2,BANANAS31,Banana For Scale,0.00748465,74846501,3243091,-0.7312,-1.8817,40.06,,0.0076,0.0077,False,0.93,-3.6,0.5,صبر,0.0,0.000398,5.32,0.273,False,0.7,True,0.08,-0.068,True,low_sweep,0.514,0.486,True,0,0,0,0.7,2,2 واقعی + 2 پروکسی,
2026-10-05 23:43:19,1791243799,turbo,TURBO,Turbo,0.00105624,72880368,6442352,0.5616,6.7924,53.38,,0.001,0.001,True,0.51,5.06,0.5211,صبر,0.0422,6.7e-05,6.29,0.671,False,0.7,True,0.095,-0.096,False,none,0.256,0.744,True,0,0,0,0.9,4,2 واقعی + 2 پروکسی,
2026-10-05 23:43:19,1791243799,book-of-meme,BOME,BOOK OF MEME,0.00103031,71091113,8208887,0.2347,6.7832,55.88,,0.001,0.001,True,0.55,5.15,0.4978,صبر,0.0044,7.4e-05,7.17,0.632,False,0.7,True,0.087,0.064,False,none,0.817,0.183,True,0,0,0,0.8,3,2 واقعی + 2 پروکسی,
2026-10-05 23:43:19,1791243799,the-black-bull,ANSEM,The Black Bull,0.160427,66884919,4412585,-4.5515,5.5394,44.34,,0.1453,0.1529,False,1.02,4.52,0.4789,صبر,0.0422,0.030611,19.19,0.589,False,0.7,True,0.063,0.007,True,high_sweep,0.474,0.526,True,0,0,0,0.7,2,2 واقعی + 2 پروکسی,
2026-10-06 04:34:18,1791261258,shiba-inu,SHIB,Shiba Inu,5.84e-06,3442061093,85522832,-1.16,4.7148,54.21,,0.0,0.0,True,0.05,1.41,0.5211,صبر,0.0422,0.0,4.99,0.595,False,0.8,True,0.017,0.145,False,none,0.71,0.29,True,0,0,0,0.7,2,2 واقعی + 2 پروکسی,
2026-10-06 04:34:18,1791261258,pump-fun,PUMP,Pump.fun,0.00632481,2935166555,280233865,-0.7341,34.45,65.73,,0.0061,0.005,True,0.07,7.65,0.4811,صبر,0.0378,0.000596,9.42,0.853,False,0.7,True,0.032,-0.014,False,none,0.611,0.389,True,0,0,0,0.7,2,2 واقعی + 2 پروکسی,
2026-10-06 04:34:18,1791261258,pepe,PEPE,Pepe,4.31e-06,1814394473,256127170,-2.0183,3.8222,54.66,,0.0,0.0,True,0.09,1.29,0.5378,صبر,0.0756,0.0,7.09,0.503,False,0.7,True,0.023,0.035,False,none,0.412,0.588,True,0,0,0,0.7,2,2 واقعی + 2 پروکسی,
2026-10-06 04:34:18,1791261258,pudgy-penguins,PENGU,Pudgy Penguins,0.00946376,594900627,219523083,-3.4215,3.9158,52.32,,0.0094,0.0091,True,0.14,-5.13,0.5144,صبر,0.0289,0.000789,8.34,0.559,False,0.9,True,0.063,0.333,False,none,0.632,0.368,True,0,0,0,0.7,2,2 واقعی + 2 پروکسی,
2026-10-06 04:34:18,1791261258,official-trump,TRUMP,Official Trump,2.01,567194710,156334738,-2.5922,2.6563,41.37,,2.0589,2.0681,False,0.07,-0.64,0.4767,صبر,0.0467,0.14123,7.01,0.271,False,0.7,True,0.05,0.022,False,none,0.619,0.381,True,0,0,0,0.1,4,2 واقعی + 2 پروکسی,
2026-10-06 04:34:18,1791261258,bianrensheng,币安人生,币安人生 (BinanceLife),0.502905,502908822,3895550,0.5195,2.8677,46.27,,0.5013,0.5009,True,1.23,-1.19,0.5444,صبر,0.0889,0.016868,3.35,0.514,True,0.8,True,0.02,0.107,False,none,0.132,0.868,True,1,0,1,0.7,2,2 واقعی + 2 پروکسی,
2026-10-06 04:34:18,1791261258,spx6900,SPX,SPX6900,0.42585,396325467,12983451,-4.345,6.2207,39.69,,0.4391,0.4542,False,0.08,2.34,0.5,صبر,0.0,0.037699,8.9,0.236,False,0.7,True,0.094,0.026,False,none,0.514,0.486,True,0,0,0,0.2,3,2 واقعی + 2 پروکسی,
2026-10-06 04:34:18,1791261258,bonk,BONK,Bonk,3.76e-06,330689641,53557479,-4.5827,9.9003,56.45,,0.0,0.0,True,0.06,3.33,0.4978,صبر,0.0044,0.0,7.67,0.662,False,0.55,True,0.053,-0.103,False,none,0.605,0.395,True,0,0,0,0.7,2,2 واقعی + 2 پروکسی,
2026-10-06 04:34:18,1791261258,floki,FLOKI,FLOKI,2.869e-05,276694308,40748235,-0.7343,8.3422,55.37,,0.0,0.0,True,0.13,4.75,0.4978,صبر,0.0044,2e-06,5.88,0.67,False,0.8,True,0.07,0.165,False,none,0.329,0.671,True,0,0,0,0.7,2,2 واقعی + 2 پروکسی,
2026-10-06 04:34:18,1791261258,ape-and-pepe,APEPE,Ape and Pepe,1.32e-06,276181078,10489171,-0.3807,0.5723,58.24,,0.0,0.0,True,0.72,-0.07,0.4578,صبر,0.0844,0.0,3.79,0.767,False,0.9,False,0.1,,False,none,0.626,0.374,False,0,0,0,,,0 واقعی + 4 پروکسی,
2026-10-06 04:34:18,1791261258,dogwifcoin,WIF,dogwifhat,0.247405,247134243,67352687,-1.2299,8.1902,55.58,,0.2501,0.2351,True,0.07,2.83,0.4978,صبر,0.0044,0.019065,7.71,0.628,False,0.7,True,0.04,0.036,False,none,0.571,0.429,True,0,0,0,0.7,2,2 واقعی + 2 پروکسی,
2026-10-06 04:34:18,1791261258,useless-3,USELESS,Useless Coin,0.230484,230437455,20164573,-2.0871,0.5124,46.52,,0.2352,0.2606,False,0.05,-3.77,0.4256,صبر,0.1489,0.039182,17.02,0.241,False,0.8,True,0.087,0.219,False,none,0.717,0.283,True,0,0,0,0.2,3,2 واقعی + 2 پروکسی,
2026-10-06 04:34:18,1791261258,build-on,B,BUILDon,0.173853,173863438,3327985,-3.3811,2.3751,48.03,,0.1748,0.1895,False,0.73,-0.75,0.4533,صبر,0.0933,0.01776,10.22,0.262,False,0.7,False,0.3,,False,none,0.468,0.532,False,0,0,0,,,0 واقعی + 4 پروکسی,
2026-10-06 04:34:18,1791261258,fartcoin,FARTCOIN,Fartcoin,0.172462,172458176,34944627,-5.7659,5.5025,46.77,,0.1783,0.1777,True,0.37,-3.79,0.5311,صبر,0.0622,0.015777,9.15,0.366,False,0.7,True,0.116,0.249,False,none,0.348,0.652,True,0,0,0,0.7,2,2 واقعی + 2 پروکسی,
2026-10-06 04:34:18,1791261258,non-playable-coin,NPC,Non-Playable Coin,0.02052374,165218364,3537372,-4.2924,-9.0831,48.26,,0.0213,0.0224,False,0.17,-4.73,0.47,صبر,0.06,0.002202,10.72,0.066,False,0.9,True,0.049,0.66,False,none,0.101,0.899,True,0,0,0,0.2,3,2 واقعی + 2 پروکسی,
2026-10-06 04:34:18,1791261258,cash-cat,CASHCAT,Cash Cat,0.157376,155470121,6688214,-0.7396,-6.8472,43.41,,0.162,0.1749,False,0.04,-8.05,0.4489,صبر,0.1022,0.025141,15.95,0.26,False,0.6,True,0.127,-0.013,False,none,0.482,0.518,True,0,0,0,0.1,4,2 واقعی + 2 پروکسی,
2026-10-06 04:34:18,1791261258,artificial-inu-3,AI,Artificial Inu,0.112369,111265802,15036468,1.4597,-45.9322,53.37,,0.0207,0.0205,True,0.01,3.24,0.5044,صبر,0.0089,0.000944,4.48,0.66,False,0.55,True,0.048,-0.248,False,none,0.823,0.177,True,0,0,0,0.8,3,2 واقعی + 2 پروکسی,
2026-10-06 04:34:18,1791261258,marscoin-4,MARSCOIN,MarsCoin,0.104344,104351065,23197508,-3.7494,-33.0312,40.49,,0.1144,0.1183,False,0.12,-25.89,0.4256,صبر,0.1489,0.022581,21.67,0.27,False,0.8,True,0.096,0.189,False,none,0.407,0.593,True,0,0,0,0.1,4,2 واقعی + 2 پروکسی,
2026-10-06 04:34:18,1791261258,melania-meme,MELANIA,Melania Meme,0.102048,102050386,8547560,-2.0595,2.1295,39.61,,0.1038,0.1041,False,0.07,0.4,0.5,صبر,0.0,0.00546,5.37,0.295,False,0.7,True,0.167,0.138,True,low_sweep,0.406,0.594,True,0,0,0,0.1,4,2 واقعی + 2 پروکسی,
2026-10-06 04:34:18,1791261258,ordinals,ORDI,ORDI,4.54,95265767,14798595,0.2082,0.5711,49.28,,4.587,4.6032,False,0.01,-0.57,0.4533,صبر,0.0933,0.296817,6.55,0.362,False,0.7,True,0.088,0.047,False,none,0.2,0.8,True,0,0,0,0.7,2,2 واقعی + 2 پروکسی,
2026-10-06 04:34:18,1791261258,purr-2,PURR,Purr,0.156268,92946814,2462009,-4.3275,13.2445,56.45,,0.1616,0.1409,True,0.75,13.15,0.4933,صبر,0.0133,0.032069,20.52,0.697,False,0.7,False,0.3,,False,none,0.502,0.498,False,0,0,0,,,0 واقعی + 4 پروکسی,
2026-10-06 04:34:18,1791261258,niu-lai,牛来,牛来 (Niu Lai),0.077035,77050334,10435532,-5.0501,-32.1272,41.87,,0.0868,0.1002,False,0.71,-26.63,0.4422,صبر,0.1156,0.019841,25.77,0.03,False,0.7,True,0.039,0.049,False,none,0.594,0.406,True,1,1,0,0.1,4,2 واقعی + 2 پروکسی,
2026-10-06 04:34:18,1791261258,baby-doge-coin,BABYDOGE,Baby Doge Coin,0.0,75600169,3331867,-1.3966,0.1438,50.46,,0.0,0.0,True,0.01,-0.48,0.4978,صبر,0.0044,0.0,4.88,0.523,False,0.6,True,0.488,0.044,False,none,0.537,0.463,True,0,0,0,0.7,2,2 واقعی + 2 پروکسی,
2026-10-06 04:34:18,1791261258,mubarak,MUBARAK,Mubarak,0.074957,74869506,55836755,6.6172,26.5361,69.76,,0.0663,0.0538,True,0.02,21.59,0.5044,صبر,0.0089,0.009158,12.17,0.855,False,0.8,True,0.066,0.124,False,none,0.38,0.62,True,0,0,0,0.7,2,2 واقعی + 2 پروکسی,
2026-10-06 04:34:18,1791261258,banana-for-scale-2,BANANAS31,Banana For Scale,0.00733738,73360637,2935402,-1.8226,-3.4268,37.7,,0.0075,0.0077,False,0.92,-5.1,0.5,صبر,0.0,0.000344,4.69,0.126,False,0.7,True,0.082,-0.049,False,none,0.569,0.431,True,0,0,0,0.2,3,2 واقعی + 2 پروکسی,
2026-10-06 04:34:18,1791261258,turbo,TURBO,Turbo,0.00103344,71253621,6172440,-0.7205,5.5391,50.25,,0.001,0.001,True,0.03,3.2,0.5378,صبر,0.0756,6.4e-05,6.17,0.512,False,0.9,True,0.097,0.326,False,none,0.402,0.598,True,0,0,0,0.7,2,2 واقعی + 2 پروکسی,
2026-10-06 04:34:18,1791261258,boner-coin,BONER,Boner Coin,0.066466,66463260,3121796,-2.5232,41.6245,54.87,,0.0574,0.0515,True,1.37,45.25,0.5,فروش,0.1556,0.015394,23.29,0.968,False,0.7,False,0.3,,True,low_sweep,0.477,0.523,False,0,0,0,,,0 واقعی + 4 پروکسی,1242
2026-10-06 04:34:18,1791261258,comedian,BAN,Comedian,0.065439,65445136,5614870,-1.2099,3.9174,46.75,,0.0651,0.066,False,0.04,1.35,0.46,صبر,0.08,0.003331,5.09,0.411,False,0.6,True,0.306,0.046,False,none,0.547,0.453,True,0,0,0,0.2,3,2 واقعی + 2 پروکسی,
2026-10-06 04:34:18,1791261258,book-of-meme,BOME,BOOK OF MEME,0.0009405,64871783,9930262,-8.9233,-1.5766,45.54,,0.001,0.001,False,0.4,-4.96,0.47,صبر,0.06,7.6e-05,8.07,0.109,False,0.6,True,0.117,0.033,False,none,0.599,0.401,True,0,0,0,0.1,4,2 واقعی + 2 پروکسی,
2026-10-06 04:34:18,1791261258,the-black-bull,ANSEM,The Black Bull,0.15067,62819559,3529579,-6.9546,4.3876,44.98,,0.147,0.1539,False,0.18,8.77,0.4556,صبر,0.0889,0.028899,19.27,0.407,False,0.7,True,0.133,0.141,False,none,0.503,0.497,True,0,0,0,0.2,3,2 واقعی + 2 پروکسی,
2026-10-06 05:17:11,1791263831,shiba-inu,SHIB,Shiba Inu,5.86e-06,3454896754,89382080,-0.6682,4.6402,54.89,,0.0,0.0,True,0.06,1.75,0.5044,صبر,0.0089,0.0,4.97,0.616,False,0.8,True,0.017,0.182,False,none,0.637,0.363,True,0,0,0,0.7,2,2 واقعی + 2 پروکسی,
2026-10-06 05:17:11,1791263831,pump-fun,PUMP,Pump.fun,0.00630653,2927394490,272232325,-3.0687,32.1531,65.35,,0.0061,0.005,True,0.08,7.26,0.235,خرید,0.0378,0.000596,9.45,0.847,False,0.7,True,0.016,-0.05,False,none,0.84,0.16,True,0,0,0,0.7,2,2 واقعی + 2 پروکسی,1244
2026-10-06 05:17:11,1791263831,memecore,M,MemeCore,1.018,2325182880,2100555,-3.2984,-7.0753,39.6,,1.0374,1.1834,False,1.68,-1.06,0.21,خرید,0.0022,,,0.227,False,0.7,False,0.3,,,,0.492,0.508,False,0,0,0,,,0 واقعی + 3 پروکسی,1245
2026-10-06 05:17:11,1791263831,pepe,PEPE,Pepe,4.33e-06,1821984186,252386376,-1.1549,3.5006,55.41,,0.0,0.0,True,0.1,1.88,0.5144,صبر,0.0289,0.0,7.05,0.524,False,0.7,True,0.023,0.024,False,none,0.536,0.464,True,0,0,0,0.7,2,2 واقعی + 2 پروکسی,
2026-10-06 05:17:11,1791263831,pudgy-penguins,PENGU,Pudgy Penguins,0.00947773,595682358,214529979,-2.4833,2.8184,52.49,,0.0094,0.0091,True,0.16,-4.97,0.5144,صبر,0.0289,0.000789,8.33,0.563,False,0.9,True,0.011,0.358,False,none,0.742,0.258,True,0,0,0,0.7,2,2 واقعی + 2 پروکسی,
2026-10-06 05:17:11,1791263831,official-trump,TRUMP,Official Trump,2.02,569923288,157324384,-1.486,2.6154,41.78,,2.06,2.0685,False,0.07,-0.25,0.4767,صبر,0.0467,0.14123,6.98,0.299,False,0.55,True,0.049,-0.149,False,none,0.499,0.501,True,0,0,0,0.1,4,2 واقعی + 2 پروکسی,
2026-10-06 05:17:11,1791263831,spx6900,SPX,SPX6900,0.421671,392556554,12985778,-5.1451,3.9422,39.23,,0.4386,0.454,False,0.09,1.57,0.5,صبر,0.0,0.037699,8.97,0.212,False,0.55,True,0.071,-0.125,False,none,0.817,0.183,True,0,0,0,0.2,3,2 واقعی + 2 پروکسی,
2026-10-06 05:17:11,1791263831,bonk,BONK,Bonk,3.77e-06,331333164,51997024,-4.315,9.2949,56.77,,0.0,0.0,True,0.06,3.6,0.4978,صبر,0.0044,0.0,7.65,0.669,False,0.7,True,0.053,-0.008,False,none,0.569,0.431,True,0,0,0,0.7,2,2 واقعی + 2 پروکسی,
2026-10-06 05:17:11,1791263831,floki,FLOKI,FLOKI,2.885e-05,278219465,38761412,-0.1986,8.0967,56.29,,0.0,0.0,True,0.15,5.37,0.4978,صبر,0.0044,2e-06,5.85,0.698,False,0.8,True,0.069,0.243,False,none,0.188,0.812,True,0,0,0,0.7,2,2 واقعی + 2 پروکسی,
2026-10-06 05:17:11,1791263831,ape-and-pepe,APEPE,Ape and Pepe,1.32e-06,276178118,10701887,-0.0371,0.3863,58.27,,0.0,0.0,True,0.73,-0.06,0.4578,صبر,0.0844,0.0,3.79,0.768,False,0.9,False,0.1,,False,none,0.625,0.375,False,0,0,0,,,0 واقعی + 4 پروکسی,
2026-10-06 05:17:11,1791263831,dogwifcoin,WIF,dogwifhat,0.248452,248160764,67520470,-0.6574,7.0457,56.43,,0.2503,0.2352,True,0.08,3.41,0.4978,صبر,0.0044,0.019065,7.67,0.645,False,0.7,True,0.04,0.026,False,none,0.549,0.451,True,0,0,0,0.7,2,2 واقعی + 2 پروکسی,
2026-10-06 05:17:11,1791263831,useless-3,USELESS,Useless Coin,0.230319,230308197,19824417,-1.175,-0.9286,46.49,,0.2352,0.2605,False,0.05,-3.83,0.4256,صبر,0.1489,0.039182,17.03,0.24,False,0.6,True,0.104,0.03,False,none,0.672,0.328,True,0,0,0,0.2,3,2 واقعی + 2 پروکسی,
2026-10-06 05:17:11,1791263831,build-on,B,BUILDon,0.17614,176126944,3378442,-2.6217,2.8169,49.09,,0.1752,0.1896,False,0.77,0.57,0.4767,صبر,0.0467,0.01776,10.08,0.294,False,0.7,False,0.3,,True,low_sweep,0.489,0.511,False,0,0,0,,,0 واقعی + 4 پروکسی,
2026-10-06 05:17:11,1791263831,fartcoin,FARTCOIN,Fartcoin,0.172955,172827907,35387794,-5.3255,5.2423,46.9,,0.1783,0.1777,True,0.4,-3.63,0.5311,صبر,0.0622,0.015777,9.13,0.371,False,0.7,True,0.116,0.275,False,none,0.215,0.785,True,0,0,0,0.7,2,2 واقعی + 2 پروکسی,
2026-10-06 05:17:11,1791263831,non-playable-coin,NPC,Non-Playable Coin,0.02044183,164562228,3439692,-4.5213,-9.8258,47.66,,0.0213,0.0224,False,0.18,-5.34,0.47,صبر,0.06,0.002207,10.82,0.043,False,0.9,True,0.049,0.679,False,none,0.166,0.834,True,0,0,0,0.1,4,2 واقعی + 2 پروکسی,
2026-10-06 05:17:11,1791263831,cash-cat,CASHCAT,Cash Cat,0.157988,156092499,6639518,-0.5067,-7.0533,43.56,,0.1621,0.175,False,0.04,-7.76,0.4489,صبر,0.1022,0.025141,15.9,0.266,False,0.6,True,0.127,0.075,False,none,0.518,0.482,True,0,0,0,0.1,4,2 واقعی + 2 پروکسی,
2026-10-06 05:17:11,1791263831,artificial-inu-3,AI,Artificial Inu,0.10706,106110109,14402584,-3.1742,-47.9503,53.37,,0.0207,0.0205,True,0.01,3.24,0.5044,صبر,0.0089,0.000944,4.48,0.66,False,0.55,True,0.095,-0.157,False,none,0.823,0.177,True,0,0,0,0.8,3,2 واقعی + 2 پروکسی,
2026-10-06 05:17:11,1791263831,marscoin-4,MARSCOIN,MarsCoin,0.10219,102231159,22419362,-4.875,-34.0828,39.92,,0.1141,0.1182,False,0.14,-27.45,0.4256,صبر,0.1489,0.022674,22.23,0.241,False,0.9,True,0.098,0.303,False,none,0.457,0.543,True,0,0,0,0.1,4,2 واقعی + 2 پروکسی,
2026-10-06 05:17:11,1791263831,melania-meme,MELANIA,Melania Meme,0.102188,102174886,8393184,-0.939,1.9541,39.61,,0.1038,0.1041,False,0.07,0.4,0.5,صبر,0.0,0.00546,5.37,0.295,False,0.7,True,0.107,0.255,True,low_sweep,0.406,0.594,True,0,0,0,0.1,4,2 واقعی + 2 پروکسی,
2026-10-06 12:41:43,1791290503,shiba-inu,SHIB,Shiba Inu,5.87e-06,3459128571,71968545,-1.522,2.2396,55.27,,0.0,0.0,True,0.17,1.95,0.4811,صبر,0.0378,0.0,4.99,0.628,False,0.55,True,0.017,-0.218,False,none,0.462,0.538,True,0,0,0,0.9,4,2 واقعی + 2 پروکسی,
2026-10-06 12:41:43,1791290503,pump-fun,PUMP,Pump.fun,0.00632298,2934367974,232378780,-0.9703,25.8519,65.46,,0.0061,0.005,True,0.2,7.38,0.4811,صبر,0.0378,0.0006,9.5,0.849,False,0.8,True,0.032,0.129,False,none,0.435,0.565,True,0,0,0,0.7,2,2 واقعی + 2 پروکسی,
2026-10-06 12:41:43,1791290503,pepe,PEPE,Pepe,4.35e-06,1831956375,204183649,-3.4059,2.2857,55.41,,0.0,0.0,True,0.19,1.88,0.5144,صبر,0.0289,0.0,7.05,0.524,False,0.7,True,0.023,0.077,False,none,0.202,0.798,True,0,0,0,0.8,3,2 واقعی + 2 پروکسی,
2026-10-06 12:41:43,1791290503,pudgy-penguins,PENGU,Pudgy Penguins,0.00953528,600823542,186907891,-3.4006,-0.223,53.29,,0.0094,0.0092,True,0.29,-4.25,0.5144,صبر,0.0289,0.000789,8.27,0.583,False,0.7,True,0.01,0.066,False,none,0.391,0.609,True,0,0,0,0.8,3,2 واقعی + 2 پروکسی,
2026-10-06 12:41:43,1791290503,official-trump,TRUMP,Official Trump,2.02,570060505,192190658,-1.6549,0.062,41.84,,2.0601,2.0685,False,0.14,-0.2,0.4767,صبر,0.0467,0.14123,6.98,0.302,False,0.55,True,0.049,-0.115,False,none,0.553,0.447,True,0,0,0,0.2,3,2 واقعی + 2 پروکسی,
2026-10-06 12:41:43,1791290503,bianrensheng,币安人生,币安人生 (BinanceLife),0.492742,492822281,7043900,-3.4141,-4.2007,42.66,,0.4999,0.5005,False,2.23,-3.17,0.53,صبر,0.06,0.018667,3.79,0.249,True,0.9,True,0.061,0.574,True,low_sweep,0.472,0.528,True,0,0,0,0.2,3,2 واقعی + 2 پروکسی,
2026-10-06 12:41:43,1791290503,spx6900,SPX,SPX6900,0.433358,403308266,11823654,-4.1339,5.1731,41.14,,0.4404,0.4546,False,0.13,4.64,0.5,صبر,0.0,0.037699,8.71,0.311,False,0.7,True,0.069,-0.079,False,none,0.755,0.245,True,0,0,0,0.2,3,2 واقعی + 2 پروکسی,
2026-10-06 12:41:43,1791290503,bonk,BONK,Bonk,3.78e-06,332762431,42760856,-4.8074,4.8544,57.23,,0.0,0.0,True,0.13,3.99,0.4978,صبر,0.0044,0.0,7.62,0.679,False,0.7,True,0.053,-0.002,False,none,0.425,0.575,True,0,0,0,0.7,2,2 واقعی + 2 پروکسی,
2026-10-06 12:41:43,1791290503,floki,FLOKI,FLOKI,2.92e-05,281100823,28910626,-0.2723,6.9907,57.81,,0.0,0.0,True,0.27,6.43,0.4978,صبر,0.0044,2e-06,5.87,0.744,False,0.7,True,0.034,-0.046,False,none,0.775,0.225,True,0,0,0,0.9,4,2 واقعی + 2 پروکسی,
2026-10-06 12:41:43,1791290503,ape-and-pepe,APEPE,Ape and Pepe,1.32e-06,277034216,11587804,0.3011,-0.8367,58.87,,0.0,0.0,True,0.8,0.25,0.4811,صبر,0.0378,0.0,3.89,0.79,False,0.9,False,0.1,,False,none,0.652,0.348,False,0,0,0,,,0 واقعی + 4 پروکسی,
2026-10-06 12:41:43,1791290503,dogwifcoin,WIF,dogwifhat,0.251777,251363662,57711484,-2.2748,6.0799,58.27,,0.2507,0.2353,True,0.16,4.66,0.4978,صبر,0.0044,0.019208,7.63,0.682,False,0.8,True,0.04,0.128,False,none,0.49,0.51,True,0,0,0,0.8,3,2 واقعی + 2 پروکسی,
2026-10-06 12:41:43,1791290503,useless-3,USELESS,Useless Coin,0.230064,230540518,14299367,-0.3032,-0.4404,46.51,,0.2352,0.2606,False,0.17,-3.79,0.4256,صبر,0.1489,0.039712,17.25,0.241,False,0.7,True,0.083,-0.049,False,none,0.535,0.465,True,0,0,0,0.2,3,2 واقعی + 2 پروکسی,
2026-10-06 12:41:43,1791290503,build-on,B,BUILDon,0.177906,177905925,3012203,-1.4293,2.7615,49.89,,0.1754,0.1897,False,0.76,1.53,0.4767,صبر,0.0467,0.017625,9.91,0.318,False,0.7,False,0.3,,True,high_sweep,0.489,0.511,False,0,0,0,,,0 واقعی + 4 پروکسی,
2026-10-06 12:41:43,1791290503,fartcoin,FARTCOIN,Fartcoin,0.175032,175253063,35007018,-6.1735,0.2891,47.91,,0.1786,0.1778,True,0.63,-2.4,0.5144,صبر,0.0289,0.015777,9.02,0.41,False,0.7,True,0.057,-0.035,False,none,0.499,0.501,True,0,0,0,0.7,2,2 واقعی + 2 پروکسی,
2026-10-06 12:41:43,1791290503,non-playable-coin,NPC,Non-Playable Coin,0.02021315,162744764,3253037,-4.1077,-13.932,46.99,,0.0213,0.0224,False,0.64,-6.03,0.47,صبر,0.06,0.002252,11.12,0.017,False,0.55,True,0.099,-0.292,True,low_sweep,0.087,0.913,True,0,0,0,0.1,4,2 واقعی + 2 پروکسی,
2026-10-06 12:41:43,1791290503,cash-cat,CASHCAT,Cash Cat,0.152108,150255122,6829575,-4.6104,-12.7892,41.8,,0.1612,0.1747,False,0.13,-11.32,0.4422,صبر,0.1156,0.025599,16.84,0.19,False,0.6,True,0.132,0.053,False,none,0.595,0.405,True,0,0,0,0.2,3,2 واقعی + 2 پروکسی,
2026-10-06 12:41:43,1791290503,artificial-inu-3,AI,Artificial Inu,0.112663,111685844,13287489,-1.2558,-46.2126,61.32,,0.0209,0.0206,True,0.34,8.19,0.4644,صبر,0.0711,0.001041,4.72,0.976,False,0.7,True,0.136,0.144,False,none,0.594,0.406,True,0,0,0,0.9,4,2 واقعی + 2 پروکسی,
2026-10-06 12:41:43,1791290503,marscoin-4,MARSCOIN,MarsCoin,0.107656,107581322,31249462,-1.0634,-27.8757,41.81,,0.1149,0.1185,False,0.41,-23.19,0.4256,صبر,0.1489,0.023102,21.39,0.323,False,0.6,True,0.185,0.098,True,low_sweep,0.499,0.501,True,0,0,0,0.7,2,2 واقعی + 2 پروکسی,
2026-10-06 12:41:43,1791290503,melania-meme,MELANIA,Melania Meme,0.10288,102863128,7707875,-1.904,0.667,41.33,,0.104,0.1042,False,0.3,1.58,0.5,صبر,0.0,0.005488,5.33,0.377,False,0.6,True,0.166,-0.046,True,low_sweep,0.255,0.745,True,0,0,0,0.7,2,2 واقعی + 2 پروکسی,
2026-10-06 12:41:43,1791290503,ordinals,ORDI,ORDI,4.65,98059995,17716192,1.5979,-1.0881,52.41,,4.602,4.6082,False,0.16,1.73,0.46,صبر,0.08,0.309817,6.68,0.509,False,0.6,True,0.194,-0.087,False,none,0.582,0.418,True,0,0,0,0.8,3,2 واقعی + 2 پروکسی,
2026-10-06 22:15:41,1791324941,shiba-inu,SHIB,Shiba Inu,5.77e-06,3401538509,68866055,-2.3989,0.2174,52.18,,0.0,0.0,True,0.39,0.31,0.5378,صبر,0.0756,0.0,5.13,0.527,False,0.9,True,0.017,0.36,False,none,0.506,0.494,True,0,0,0,0.7,2,2 واقعی + 2 پروکسی,
2026-10-06 22:15:41,1791324941,pump-fun,PUMP,Pump.fun,0.00614994,2854300286,223013104,-4.7593,4.4021,62.9,,0.0061,0.005,True,0.44,4.61,0.4811,صبر,0.0378,0.00061,9.91,0.81,False,0.7,True,0.033,0.033,False,none,0.52,0.48,True,0,0,0,0.2,3,2 واقعی + 2 پروکسی,
2026-10-06 22:15:41,1791324941,pepe,PEPE,Pepe,4.27e-06,1797544084,192054146,-3.7243,-0.0582,53.54,,0.0,0.0,True,0.41,0.38,0.5378,صبر,0.0756,0.0,7.21,0.471,False,0.8,True,0.023,0.207,False,none,0.549,0.451,True,0,0,0,0.2,3,2 واقعی + 2 پروکسی,
2026-10-06 22:15:41,1791324941,pudgy-penguins,PENGU,Pudgy Penguins,0.00919525,578039656,211781353,-5.8616,-8.0116,49.5,,0.0094,0.0091,True,1.03,-7.86,0.5378,صبر,0.0756,0.000818,8.91,0.482,False,0.9,True,0.065,0.34,False,none,0.521,0.479,True,0,0,0,0.2,3,2 واقعی + 2 پروکسی,
2026-10-06 22:15:41,1791324941,official-trump,TRUMP,Official Trump,2.01,565968126,179086557,-2.9884,-1.7642,40.96,,2.0577,2.0677,False,0.28,-1.04,0.4767,صبر,0.0467,0.14123,7.04,0.244,False,0.7,True,0.05,0.098,False,none,0.482,0.518,True,0,0,0,0.1,4,2 واقعی + 2 پروکسی,
2026-10-06 22:15:41,1791324941,bianrensheng,币安人生,币安人生 (BinanceLife),0.492258,492257077,6584798,-3.564,-0.3584,42.5,,0.4998,0.5004,False,2.09,-3.27,0.53,صبر,0.06,0.017574,3.57,0.236,True,0.9,True,0.041,0.307,False,none,0.368,0.632,True,1,0,1,0.2,3,2 واقعی + 2 پروکسی,
2026-10-06 22:15:41,1791324941,spx6900,SPX,SPX6900,0.418325,389528637,13956577,-7.9835,0.0503,38.94,,0.4383,0.4539,False,0.25,1.09,0.5167,صبر,0.0333,0.038563,9.22,0.197,False,0.7,True,0.048,0.023,True,low_sweep,0.583,0.417,True,0,0,0,0.2,3,2 واقعی + 2 پروکسی,
2026-10-06 22:15:41,1791324941,bonk,BONK,Bonk,3.68e-06,323566130,35019592,-4.8289,0.1305,53.89,,0.0,0.0,True,0.23,1.02,0.5211,صبر,0.0422,0.0,7.94,0.601,False,0.55,True,0.054,-0.136,False,none,0.608,0.392,True,0,0,0,0.2,3,2 واقعی + 2 پروکسی,
2026-10-06 22:15:41,1791324941,floki,FLOKI,FLOKI,2.884e-05,278147035,21997804,-1.9315,4.3711,56.4,,0.0,0.0,True,0.57,5.44,0.4978,صبر,0.0044,2e-06,5.98,0.701,False,0.6,True,0.104,0.09,False,none,0.102,0.898,True,0,0,0,0.8,3,2 واقعی + 2 پروکسی,
2026-10-06 22:15:41,1791324941,ape-and-pepe,APEPE,Ape and Pepe,1.31e-06,275294228,10509951,-0.8181,-0.9261,57.57,,0.0,0.0,True,0.61,-0.39,0.4578,صبر,0.0844,0.0,4.15,0.744,False,0.9,False,0.1,,True,low_sweep,0.628,0.372,False,0,0,0,,,0 واقعی + 4 پروکسی,
2026-10-06 22:15:41,1791324941,dogwifcoin,WIF,dogwifhat,0.245243,244846973,52524827,-4.1144,0.9516,54.41,,0.2498,0.235,True,0.29,2.0,0.5211,صبر,0.0422,0.019444,7.93,0.603,False,0.55,True,0.041,-0.155,False,none,0.486,0.514,True,0,0,0,0.2,3,2 واقعی + 2 پروکسی,
2026-10-06 22:15:41,1791324941,binance-peg-dogecoin,DOGE,Binance-Peg Dogecoin,0.093468,239641050,1013412,-2.2994,-1.1947,49.66,,0.0942,0.093,True,0.26,-0.38,0.5144,صبر,0.0289,0.004888,5.23,0.493,False,0.7,True,0.011,0.02,False,none,0.446,0.554,True,0,0,0,0.7,2,2 واقعی + 2 پروکسی,
2026-10-06 22:15:41,1791324941,useless-3,USELESS,Useless Coin,0.227805,227809420,17634201,-6.0357,-5.9824,46.05,,0.2348,0.2604,False,0.43,-4.83,0.4256,صبر,0.1489,0.039987,17.56,0.223,False,0.7,True,0.088,-0.062,False,none,0.824,0.176,True,0,0,0,0.2,3,2 واقعی + 2 پروکسی,
2026-10-06 22:15:41,1791324941,non-playable-coin,NPC,Non-Playable Coin,0.02329494,187532932,4639150,13.0303,7.7413,58.9,,0.0217,0.0225,False,2.08,7.94,0.5,فروش,0.02,0.002478,10.65,0.666,False,0.45,True,0.129,-0.235,True,high_sweep,0.387,0.613,True,0,0,0,0.7,2,2 واقعی + 2 پروکسی,1248
2026-10-06 22:15:41,1791324941,build-on,B,BUILDon,0.174784,174701162,3275439,-1.0321,0.0075,48.4,,0.175,0.1895,False,0.75,-0.28,0.4533,صبر,0.0933,0.01678,9.61,0.273,False,0.7,False,0.3,,False,none,0.468,0.532,False,0,0,0,,,0 واقعی + 4 پروکسی,
2026-10-06 22:15:41,1791324941,fartcoin,FARTCOIN,Fartcoin,0.171109,171190341,35139140,-7.6412,-6.5153,46.15,,0.1781,0.1776,True,1.09,-4.57,0.5544,صبر,0.1089,0.015777,9.22,0.341,False,0.7,True,0.117,0.159,False,none,0.268,0.732,True,0,0,0,0.2,3,2 واقعی + 2 پروکسی,
2026-10-06 22:15:41,1791324941,cash-cat,CASHCAT,Cash Cat,0.137213,135838077,8180233,-14.8062,-23.7076,38.05,,0.1591,0.174,False,0.58,-20.01,0.4422,صبر,0.1156,0.026699,19.47,0.023,False,0.6,True,0.146,0.026,False,none,0.603,0.397,True,0,0,0,0.1,4,2 واقعی + 2 پروکسی,
2026-10-06 22:15:41,1791324941,artificial-inu-3,AI,Artificial Inu,0.10991,108812726,10767834,-3.4429,-44.6969,61.45,,0.0209,0.0206,True,0.59,8.28,0.4644,صبر,0.0711,0.001041,4.71,0.981,False,0.6,True,0.136,-0.03,False,none,0.369,0.631,True,0,0,0,0.9,4,2 واقعی + 2 پروکسی,
2026-10-06 22:15:41,1791324941,marscoin-4,MARSCOIN,MarsCoin,0.103992,104100316,38698986,-2.1976,-27.9977,40.51,,0.1144,0.1183,False,0.76,-25.82,0.4256,صبر,0.1489,0.023495,22.53,0.272,False,0.8,True,0.096,0.217,True,low_sweep,0.788,0.212,True,0,0,0,0.2,3,2 واقعی + 2 پروکسی,
2026-10-06 22:15:41,1791324941,melania-meme,MELANIA,Melania Meme,0.100966,100984547,6690112,-3.0195,-1.0907,38.72,,0.1037,0.1041,False,0.63,-0.25,0.4767,صبر,0.0467,0.005536,5.48,0.252,False,0.7,True,0.188,0.135,False,none,0.345,0.655,True,0,0,0,0.1,4,2 واقعی + 2 پروکسی,
2026-10-07 03:58:20,1791345500,shiba-inu,SHIB,Shiba Inu,5.56e-06,3277429021,79207349,-4.4553,-4.1855,46.47,,0.0,0.0,True,0.18,-3.44,0.5478,صبر,0.0956,0.0,5.46,0.193,False,0.8,True,0.018,0.132,False,none,0.51,0.49,True,0,0,0,0.2,3,2 واقعی + 2 پروکسی,
2026-10-07 03:58:20,1791345500,pump-fun,PUMP,Pump.fun,0.00636871,2956882531,281443490,0.7237,6.2504,64.88,,0.0061,0.0051,True,0.25,7.18,0.4811,صبر,0.0378,0.000597,9.41,0.826,False,0.7,True,0.079,0.034,False,none,0.381,0.619,True,0,0,0,0.7,2,2 واقعی + 2 پروکسی,
2026-10-07 03:58:20,1791345500,memecore,M,MemeCore,1.047,2391153843,1945418,3.2786,-0.3148,42.95,,1.0434,1.1813,False,1.54,0.67,0.21,خرید,0.0489,,,0.285,False,0.7,False,0.3,,,,0.445,0.555,False,0,0,0,,,0 واقعی + 3 پروکسی,1250
2026-10-07 03:58:20,1791345500,pepe,PEPE,Pepe,4.12e-06,1732239871,206458306,-4.0706,-4.3135,49.65,,0.0,0.0,True,0.2,-3.79,0.195,خرید,0.0622,0.0,7.51,0.28,False,0.7,True,0.024,0.067,False,none,0.524,0.476,True,0,0,0,0.2,3,2 واقعی + 2 پروکسی,1251
2026-10-07 03:58:20,1791345500,pudgy-penguins,PENGU,Pudgy Penguins,0.00898257,564739519,218187781,-4.3376,-11.9734,48.73,,0.0093,0.0092,True,0.09,-6.69,0.5311,صبر,0.0622,0.000794,8.85,0.375,False,0.7,True,0.045,-0.041,True,low_sweep,0.547,0.453,True,0,0,0,0.2,3,2 واقعی + 2 پروکسی,
2026-10-07 03:58:20,1791345500,official-trump,TRUMP,Official Trump,1.89,532083446,215968975,-5.6348,-8.9983,36.56,,2.0341,2.0656,False,0.16,-8.18,0.4933,صبر,0.0133,0.147387,7.82,-0.125,False,0.55,True,0.053,-0.129,False,none,0.373,0.627,True,0,0,0,0.1,4,2 واقعی + 2 پروکسی,
2026-10-07 03:58:20,1791345500,spx6900,SPX,SPX6900,0.407335,379292785,12224284,-3.89,-4.0074,38.29,,0.433,0.4517,False,0.16,-8.48,0.4933,صبر,0.0133,0.037661,9.26,0.143,False,0.7,True,0.098,-0.038,False,none,0.708,0.292,True,0,0,0,0.1,4,2 واقعی + 2 پروکسی,
2026-10-07 03:58:20,1791345500,bonk,BONK,Bonk,3.5e-06,307912234,38194367,-5.9923,-7.1182,49.91,,0.0,0.0,True,0.12,-8.05,0.5144,صبر,0.0289,0.0,8.25,0.421,False,0.7,True,0.057,-0.021,False,none,0.734,0.266,True,0,0,0,0.2,3,2 واقعی + 2 پروکسی,
2026-10-07 03:58:20,1791345500,ape-and-pepe,APEPE,Ape and Pepe,1.28e-06,268640414,10023140,-2.6458,-2.9162,52.66,,0.0,0.0,True,0.72,-1.57,0.4978,صبر,0.0044,0.0,3.93,0.521,False,0.9,False,0.1,,False,none,0.63,0.37,False,0,0,0,,,0 واقعی + 4 پروکسی,
2026-10-07 03:58:20,1791345500,floki,FLOKI,FLOKI,2.728e-05,263090039,23234460,-4.3388,-1.8096,48.8,,0.0,0.0,True,0.28,-1.41,0.5311,صبر,0.0622,2e-06,6.34,0.376,False,0.7,True,0.037,0.024,False,none,0.499,0.501,True,0,0,0,0.7,2,2 واقعی + 2 پروکسی,
2026-10-07 03:58:20,1791345500,dogwifcoin,WIF,dogwifhat,0.233198,232969885,53402979,-5.1522,-5.0835,48.84,,0.2476,0.2374,True,0.1,-6.31,0.5311,صبر,0.0622,0.019408,8.33,0.382,False,0.7,True,0.043,-0.064,False,none,0.523,0.477,True,0,0,0,0.2,3,2 واقعی + 2 پروکسی,
2026-10-07 03:58:20,1791345500,binance-peg-dogecoin,DOGE,Binance-Peg Dogecoin,0.090281,231490710,1089677,-4.8117,-4.3568,44.85,,0.0936,0.0935,True,0.19,-4.54,0.5544,صبر,0.1089,0.004966,5.5,0.242,False,0.8,True,0.011,0.102,False,none,0.409,0.591,True,0,0,0,0.2,3,2 واقعی + 2 پروکسی,
2026-10-07 03:58:20,1791345500,useless-3,USELESS,Useless Coin,0.217692,217809189,21290245,-5.3097,-11.4552,40.34,,0.2315,0.2597,False,0.22,-8.48,0.4656,صبر,0.0689,0.037678,17.32,0.178,False,0.8,True,0.069,0.122,True,low_sweep,0.372,0.628,True,0,0,0,0.1,4,2 واقعی + 2 پروکسی,
2026-10-07 03:58:20,1791345500,non-playable-coin,NPC,Non-Playable Coin,0.02184407,175846139,5239982,6.7636,0.4807,52.07,,0.0217,0.0225,False,0.05,-0.36,0.4533,صبر,0.0933,0.002358,10.78,0.335,False,0.3,True,0.183,-0.481,False,none,0.7,0.3,True,0,0,0,0.7,2,2 واقعی + 2 پروکسی,
2026-10-07 03:58:20,1791345500,build-on,B,BUILDon,0.16904,169023569,3467454,-2.7528,-4.5723,40.52,,0.1746,0.1886,False,0.85,-1.26,0.5,صبر,0.0,0.015941,9.43,0.208,False,0.7,False,0.3,,False,none,0.428,0.572,False,0,0,0,,,0 واقعی + 4 پروکسی,
2026-10-07 03:58:20,1791345500,fartcoin,FARTCOIN,Fartcoin,0.161978,161969180,33076753,-5.6545,-10.129,43.39,,0.1759,0.1788,False,0.43,-8.47,0.4933,صبر,0.0133,0.015529,9.59,0.11,False,0.7,True,0.124,0.258,False,none,0.226,0.774,True,0,0,0,0.1,4,2 واقعی + 2 پروکسی,
2026-10-07 03:58:20,1791345500,cash-cat,CASHCAT,Cash Cat,0.134665,133011911,14258311,-14.4771,-23.1221,37.94,,0.1541,0.1716,False,0.38,-20.85,0.4422,صبر,0.1156,0.025767,19.29,0.034,False,0.6,True,0.15,-0.081,False,none,0.902,0.098,True,0,0,0,0.1,4,2 واقعی + 2 پروکسی,
2026-10-07 03:58:20,1791345500,artificial-inu-3,AI,Artificial Inu,0.124655,123521452,14962389,11.6141,-35.6374,52.65,,0.0209,0.0207,True,0.12,2.24,0.5378,صبر,0.0756,0.001084,5.17,0.568,False,0.45,True,0.143,-0.206,False,none,0.461,0.539,True,0,0,0,0.8,3,2 واقعی + 2 پروکسی,
2026-10-07 03:58:20,1791345500,marscoin-4,MARSCOIN,MarsCoin,0.107761,107759756,44551079,3.7089,-27.6222,43.73,,0.1103,0.1191,False,0.15,-21.99,0.4256,صبر,0.1489,0.022152,20.74,0.318,False,0.9,True,0.094,0.486,False,none,0.498,0.502,True,0,0,0,0.2,3,2 واقعی + 2 پروکسی,
2026-10-07 12:34:41,1791376481,shiba-inu,SHIB,Shiba Inu,5.44e-06,3206356434,84172036,-7.3247,-6.3867,43.99,,0.0,0.0,True,0.36,-5.23,0.5711,صبر,0.1422,0.0,5.58,0.073,False,0.8,True,0.018,0.172,False,none,0.521,0.479,True,0,0,0,0.2,3,2 واقعی + 2 پروکسی,
2026-10-07 12:34:41,1791376481,pump-fun,PUMP,Pump.fun,0.00635729,2945619443,479569333,0.6655,10.9466,65.12,,0.0061,0.0051,True,0.67,7.65,0.235,خرید,0.0378,0.000615,9.65,0.832,False,0.8,True,0.016,0.155,False,none,0.74,0.26,True,0,0,0,0.7,2,2 واقعی + 2 پروکسی,1253
2026-10-07 12:34:41,1791376481,memecore,M,MemeCore,1.031,2355038767,2216508,2.772,-0.4765,41.68,,1.0411,1.1806,False,1.76,-0.88,0.21,خرید,0.0022,,,0.261,False,0.7,False,0.3,,,,0.442,0.558,False,0,0,0,,,0 واقعی + 3 پروکسی,1254
2026-10-07 12:34:41,1791376481,pepe,PEPE,Pepe,4.06e-06,1709567654,224118711,-6.6592,-6.4626,48.47,,0.0,0.0,True,0.41,-4.91,0.5311,صبر,0.0622,0.0,7.6,0.235,False,0.7,True,0.025,0.085,False,none,0.282,0.718,True,0,0,0,0.2,3,2 واقعی + 2 پروکسی,
2026-10-07 12:34:41,1791376481,pudgy-penguins,PENGU,Pudgy Penguins,0.00858797,539754471,227560060,-10.0523,-16.148,45.27,,0.0092,0.0092,True,0.26,-10.57,0.5078,صبر,0.0156,0.000803,9.34,0.256,False,0.8,True,0.07,0.266,False,none,0.572,0.428,True,0,0,0,0.2,3,2 واقعی + 2 پروکسی,
2026-10-07 12:34:41,1791376481,official-trump,TRUMP,Official Trump,1.84,519430688,201293108,-8.8284,-10.2073,35.11,,2.029,2.0639,False,0.29,-9.94,0.4933,صبر,0.0133,0.147387,7.97,-0.196,False,0.7,True,0.054,0.03,False,none,0.528,0.472,True,0,0,0,0.1,4,2 واقعی + 2 پروکسی,
2026-10-07 12:34:41,1791376481,spx6900,SPX,SPX6900,0.394882,367537835,10947218,-8.8886,-7.3103,36.64,,0.4313,0.4511,False,0.22,-11.18,0.47,صبر,0.06,0.038004,9.62,0.064,False,0.7,True,0.076,-0.083,False,none,0.196,0.804,True,0,0,0,0.1,4,2 واقعی + 2 پروکسی,
2026-10-07 12:34:41,1791376481,bonk,BONK,Bonk,3.44e-06,302579514,44097749,-9.0988,-13.7376,48.7,,0.0,0.0,True,0.32,-9.29,0.5311,صبر,0.0622,0.0,8.41,0.38,False,0.7,True,0.058,0.011,False,none,0.621,0.379,True,0,0,0,0.2,3,2 واقعی + 2 پروکسی,
2026-10-07 12:34:41,1791376481,ape-and-pepe,APEPE,Ape and Pepe,1.25e-06,263723297,8510859,-4.8824,-4.6605,49.73,,0.0,0.0,True,0.61,-3.35,0.5144,صبر,0.0289,0.0,4.72,0.375,False,0.9,False,0.1,,False,none,0.633,0.367,False,0,0,0,,,0 واقعی + 4 پروکسی,
2026-10-07 12:34:41,1791376481,floki,FLOKI,FLOKI,2.674e-05,257752578,23374829,-8.0807,-5.668,46.71,,0.0,0.0,True,0.76,-3.25,0.5311,صبر,0.0622,2e-06,6.57,0.277,False,0.7,True,0.075,0.037,False,none,0.262,0.738,True,0,0,0,0.2,3,2 واقعی + 2 پروکسی,
2026-10-07 12:34:41,1791376481,dogwifcoin,WIF,dogwifhat,0.229419,229085881,56044411,-8.6254,-10.054,47.08,,0.247,0.2372,True,0.27,-7.84,0.5311,صبر,0.0622,0.01943,8.47,0.322,False,0.8,True,0.044,0.159,False,none,0.52,0.48,True,0,0,0,0.2,3,2 واقعی + 2 پروکسی,
2026-10-07 12:34:41,1791376481,binance-peg-dogecoin,DOGE,Binance-Peg Dogecoin,0.08867,227344538,1469646,-7.2524,-6.617,42.96,,0.0934,0.0934,True,0.41,-5.92,0.5711,صبر,0.1422,0.004966,5.58,0.164,False,0.7,True,0.011,-0.03,False,none,0.458,0.542,True,0,0,0,0.2,3,2 واقعی + 2 پروکسی,
2026-10-07 12:34:41,1791376481,useless-3,USELESS,Useless Coin,0.210365,210399456,24142991,-8.4012,-12.2404,39.28,,0.2306,0.2594,False,0.54,-11.11,0.4422,صبر,0.1156,0.037678,17.83,0.137,False,0.55,True,0.047,-0.187,False,none,0.359,0.641,True,0,0,0,0.1,4,2 واقعی + 2 پروکسی,
2026-10-07 12:34:41,1791376481,non-playable-coin,NPC,Non-Playable Coin,0.02129509,171435674,5715346,5.319,-0.3782,50.0,,0.0216,0.0225,False,0.46,-2.87,0.4533,صبر,0.0933,0.00239,11.21,0.215,False,0.6,True,0.141,-0.061,False,none,0.218,0.782,True,0,0,0,0.2,3,2 واقعی + 2 پروکسی,
2026-10-07 12:34:41,1791376481,build-on,B,BUILDon,0.166628,166591179,3591685,-6.3087,-2.5906,39.62,,0.1743,0.1885,False,0.89,-2.55,0.5167,صبر,0.0333,0.016964,10.17,0.18,False,0.7,False,0.3,,True,low_sweep,0.428,0.572,False,0,0,0,,,0 واقعی + 4 پروکسی,
2026-10-07 12:34:41,1791376481,fartcoin,FARTCOIN,Fartcoin,0.159881,159795232,33254306,-8.6944,-10.9891,42.68,,0.1756,0.1787,False,0.8,-9.49,0.185,خرید,0.0133,0.015529,9.69,0.079,False,0.8,True,0.125,0.482,False,none,0.569,0.431,True,0,0,0,0.1,4,2 واقعی + 2 پروکسی,1255
2026-10-07 12:34:41,1791376481,cash-cat,CASHCAT,Cash Cat,0.126504,124937713,15281331,-16.8538,-27.3474,36.13,,0.1529,0.1712,False,0.77,-25.59,0.4422,صبر,0.1156,0.026138,20.81,-0.042,False,0.7,True,0.239,0.115,False,none,0.821,0.179,True,0,0,0,0.1,4,2 واقعی + 2 پروکسی,
2026-10-07 12:34:41,1791376481,artificial-inu-3,AI,Artificial Inu,0.11694,115929496,14440372,4.0633,-37.3865,49.43,,0.0209,0.0207,True,0.17,0.1,0.5544,صبر,0.1089,0.001084,5.28,0.389,False,0.8,True,0.098,0.225,False,none,0.349,0.651,True,0,0,0,0.7,2,2 واقعی + 2 پروکسی,
2026-10-07 12:34:41,1791376481,marscoin-4,MARSCOIN,MarsCoin,0.09896,98857560,35292378,-8.2678,-29.7485,41.45,,0.1093,0.1187,False,0.41,-27.17,0.4256,صبر,0.1489,0.022259,22.33,0.224,False,0.8,True,0.201,0.536,False,none,0.48,0.52,True,0,0,0,0.1,4,2 واقعی + 2 پروکسی,
2026-10-07 22:37:09,1791412629,shiba-inu,SHIB,Shiba Inu,5.41e-06,3189258999,89026433,-6.2371,-6.4755,43.23,,0.0,0.0,True,0.66,-5.82,0.5711,صبر,0.1422,0.0,5.72,0.037,False,0.7,True,0.018,0.066,False,none,0.622,0.378,True,0,0,0,0.2,3,2 واقعی + 2 پروکسی,
2026-10-07 22:37:09,1791412629,pump-fun,PUMP,Pump.fun,0.0061567,2855808510,555330711,-0.0491,4.1991,62.94,,0.0061,0.0051,True,1.14,3.92,0.5211,صبر,0.0422,0.000615,10.0,0.78,False,0.7,True,0.049,0.035,False,none,0.687,0.313,True,0,0,0,0.2,3,2 واقعی + 2 پروکسی,
2026-10-07 22:37:09,1791412629,memecore,M,MemeCore,1.031,2352457153,2003091,-2.2215,4.988,41.71,,1.0411,1.1806,False,1.59,-0.86,0.21,خرید,0.0022,,,0.262,False,0.7,False,0.3,,,,0.444,0.556,False,0,0,0,,,0 واقعی + 3 پروکسی,1257
2026-10-07 22:37:09,1791412629,pepe,PEPE,Pepe,4.08e-06,1718848874,227141799,-4.3086,-5.5444,48.96,,0.0,0.0,True,0.68,-4.44,0.5311,صبر,0.0622,0.0,7.61,0.254,False,0.7,True,0.024,0.033,False,none,0.491,0.509,True,0,0,0,0.7,2,2 واقعی + 2 پروکسی,
2026-10-07 22:37:09,1791412629,pudgy-penguins,PENGU,Pudgy Penguins,0.00861008,541236261,212131477,-6.1773,-11.89,45.56,,0.0092,0.0092,True,0.44,-10.22,0.5078,صبر,0.0156,0.000815,9.45,0.267,False,0.8,True,0.058,0.156,False,none,0.824,0.176,True,0,0,0,0.7,2,2 واقعی + 2 پروکسی,
2026-10-07 22:37:09,1791412629,official-trump,TRUMP,Official Trump,1.86,523879714,207306773,-7.1889,-9.6975,35.58,,2.0307,2.0644,False,0.48,-9.35,0.4933,صبر,0.0133,0.147387,7.92,-0.174,False,0.7,True,0.054,0.037,False,none,0.521,0.479,True,0,0,0,0.2,3,2 واقعی + 2 پروکسی,
2026-10-07 22:37:09,1791412629,spx6900,SPX,SPX6900,0.388014,361217378,12859571,-7.008,-11.6712,35.73,,0.4303,0.4508,False,0.38,-12.78,0.47,صبر,0.06,0.03949,10.18,0.021,False,0.8,True,0.077,0.177,False,none,0.923,0.077,True,0,0,0,0.1,4,2 واقعی + 2 پروکسی,
2026-10-07 22:37:09,1791412629,bonk,BONK,Bonk,3.5e-06,308210000,49286051,-4.5333,-7.6145,50.12,,0.0,0.0,True,0.51,-7.84,0.5144,صبر,0.0289,0.0,8.37,0.429,False,0.7,True,0.029,-0.012,False,none,0.504,0.496,True,0,0,0,0.7,2,2 واقعی + 2 پروکسی,
2026-10-07 22:37:09,1791412629,ape-and-pepe,APEPE,Ape and Pepe,1.26e-06,264316253,8904804,-3.9663,-3.8434,50.17,,0.0,0.0,True,0.64,-3.07,0.5144,صبر,0.0289,0.0,4.88,0.398,False,0.9,False,0.1,,False,none,0.632,0.368,False,0,0,0,,,0 واقعی + 4 پروکسی,
2026-10-07 22:37:09,1791412629,floki,FLOKI,FLOKI,2.723e-05,262575496,21153711,-5.1378,-1.3894,48.67,,0.0,0.0,True,1.02,-1.52,0.5544,صبر,0.1089,2e-06,6.52,0.37,False,0.6,True,0.11,-0.064,True,low_sweep,0.393,0.607,True,0,0,0,0.8,3,2 واقعی + 2 پروکسی,
2026-10-07 22:37:09,1791412629,dogwifcoin,WIF,dogwifhat,0.230493,230349045,57299890,-6.0363,-7.1836,47.85,,0.2473,0.2373,True,0.45,-7.15,0.5311,صبر,0.0622,0.019551,8.46,0.349,False,0.8,True,0.043,0.151,False,none,0.515,0.485,True,0,0,0,0.7,2,2 واقعی + 2 پروکسی,
2026-10-07 22:37:09,1791412629,binance-peg-dogecoin,DOGE,Binance-Peg Dogecoin,0.088307,226341065,1528041,-5.327,-6.5882,42.6,,0.0934,0.0934,False,0.59,-6.2,0.4933,صبر,0.0133,0.005002,5.64,0.15,False,0.7,True,0.011,0.077,False,none,0.222,0.778,True,0,0,0,0.2,3,2 واقعی + 2 پروکسی,
2026-10-07 22:37:09,1791412629,useless-3,USELESS,Useless Coin,0.202093,202114917,22995759,-11.003,-14.5254,37.89,,0.2294,0.2589,False,0.92,-14.82,0.4656,صبر,0.0689,0.038245,18.88,0.082,False,0.4,True,0.044,-0.397,False,none,0.76,0.24,True,0,0,0,0.1,4,2 واقعی + 2 پروکسی,
2026-10-07 22:37:09,1791412629,non-playable-coin,NPC,Non-Playable Coin,0.02089154,168193135,4259426,-8.3439,-4.1304,48.15,,0.0215,0.0225,False,1.13,-5.28,0.4933,صبر,0.0133,0.002467,11.87,0.109,False,0.45,True,0.192,-0.261,False,none,0.234,0.766,True,0,0,0,0.2,3,2 واقعی + 2 پروکسی,
2026-10-07 22:37:09,1791412629,build-on,B,BUILDon,0.167389,167345551,3920000,-4.0654,-2.31,39.87,,0.1744,0.1885,False,0.97,-2.19,0.5167,صبر,0.0333,0.017961,10.72,0.188,False,0.7,False,0.3,,False,none,0.427,0.573,False,0,0,0,,,0 واقعی + 4 پروکسی,
2026-10-07 22:37:09,1791412629,fartcoin,FARTCOIN,Fartcoin,0.159611,159615750,34031310,-6.6788,-9.9971,42.49,,0.1755,0.1787,False,1.36,-9.77,0.54,صبر,0.08,0.015658,9.8,0.071,False,0.7,True,0.063,-0.059,False,none,0.367,0.633,True,0,0,0,0.1,4,2 واقعی + 2 پروکسی,
2026-10-07 22:37:09,1791412629,cash-cat,CASHCAT,Cash Cat,0.122581,120414683,13972647,-10.2804,-25.8414,35.39,,0.1524,0.171,False,1.26,-27.67,0.4889,صبر,0.0222,0.026645,21.82,-0.072,False,0.6,True,0.164,0.093,False,none,0.369,0.631,True,0,0,0,0.1,4,2 واقعی + 2 پروکسی,
2026-10-07 22:37:09,1791412629,artificial-inu-3,AI,Artificial Inu,0.107237,106267081,12511210,-4.4453,-38.1974,51.5,,0.0209,0.0207,True,0.25,1.51,0.5378,صبر,0.0756,0.0011,5.29,0.507,False,0.7,True,0.096,-0.002,False,none,0.28,0.72,True,0,0,0,0.8,3,2 واقعی + 2 پروکسی,
2026-10-07 22:37:09,1791412629,melania-meme,MELANIA,Melania Meme,0.096674,96601690,6489155,-3.9868,-6.1401,34.25,,0.1028,0.1041,False,0.96,-6.31,0.5167,صبر,0.0333,0.005585,5.77,-0.071,False,0.7,True,0.155,0.179,False,none,0.736,0.264,True,0,0,0,0.2,3,2 واقعی + 2 پروکسی,
2026-10-08 04:11:38,1791432698,shiba-inu,SHIB,Shiba Inu,5.41e-06,3189514869,79702329,-2.0917,-6.0398,45.19,,0.0,0.0,False,0.09,-6.34,0.47,صبر,0.06,0.0,5.41,0.05,False,0.9,True,0.018,0.411,False,none,0.485,0.515,True,0,0,0,0.2,3,2 واقعی + 2 پروکسی,
2026-10-08 04:11:38,1791432698,pump-fun,PUMP,Pump.fun,0.00610348,2830788584,516310745,-2.979,8.7349,62.39,,0.0062,0.0052,True,0.1,4.48,0.4978,صبر,0.0044,0.000587,9.65,0.734,False,0.8,True,0.082,0.111,False,none,0.396,0.604,True,0,0,0,0.2,3,2 واقعی + 2 پروکسی,
2026-10-08 04:11:38,1791432698,memecore,M,MemeCore,1.039,2372960504,1754314,-0.9795,-0.9349,40.56,,1.0422,1.1809,False,1.39,-0.13,0.21,خرید,0.0022,,,0.273,False,0.7,False,0.3,,,,0.418,0.582,False,0,0,0,,,0 واقعی + 3 پروکسی,1259
2026-10-08 04:11:38,1791432698,pepe,PEPE,Pepe,4.06e-06,1706035674,186000867,-1.1546,-6.1412,50.83,,0.0,0.0,False,0.08,-8.36,0.47,صبر,0.06,0.0,7.23,0.193,False,0.7,True,0.025,0.06,False,none,0.483,0.517,True,0,0,0,0.2,3,2 واقعی + 2 پروکسی,
2026-10-08 04:11:38,1791432698,pudgy-penguins,PENGU,Pudgy Penguins,0.00859644,540375461,202018345,-3.6141,-11.5272,47.39,,0.0091,0.0093,False,0.05,-8.69,0.4533,صبر,0.0933,0.000769,8.91,0.234,False,0.8,True,0.058,0.172,False,none,0.468,0.532,True,0,0,0,0.2,3,2 واقعی + 2 پروکسی,
2026-10-08 04:11:38,1791432698,official-trump,TRUMP,Official Trump,1.86,523319316,149946821,-1.286,-17.0264,38.97,,2.0053,2.061,False,0.06,-9.56,0.4933,صبر,0.0133,0.136021,7.3,-0.062,False,0.8,True,0.054,0.124,False,none,0.539,0.461,True,0,0,0,0.2,3,2 واقعی + 2 پروکسی,
2026-10-08 04:11:38,1791432698,spx6900,SPX,SPX6900,0.386911,360208902,14530482,-4.5002,-13.6963,38.08,,0.4235,0.4474,False,0.05,-11.99,0.47,صبر,0.06,0.036664,9.48,0.059,False,0.7,True,0.077,0.055,False,none,0.867,0.133,True,0,0,0,0.1,4,2 واقعی + 2 پروکسی,
2026-10-08 04:11:38,1791432698,bonk,BONK,Bonk,3.46e-06,304243953,42979044,-0.7541,-10.0676,50.93,,0.0,0.0,True,0.11,-7.94,0.5311,صبر,0.0622,0.0,7.99,0.356,False,0.7,True,0.029,-0.07,False,none,0.352,0.648,True,0,0,0,0.7,2,2 واقعی + 2 پروکسی,
2026-10-08 04:11:38,1791432698,floki,FLOKI,FLOKI,2.724e-05,262627750,19534194,0.1843,-1.8079,51.65,,0.0,0.0,True,0.06,-1.58,0.5311,صبر,0.0622,2e-06,6.16,0.356,False,0.7,True,0.073,-0.02,False,none,0.261,0.739,True,0,0,0,0.8,3,2 واقعی + 2 پروکسی,
2026-10-08 04:11:38,1791432698,binance-peg-dogecoin,DOGE,Binance-Peg Dogecoin,0.088557,227059701,1268358,-1.4836,-6.6091,45.05,,0.0926,0.0938,False,0.04,-5.98,0.47,صبر,0.06,0.004701,5.3,0.13,False,0.7,True,0.011,0.082,False,none,0.626,0.374,True,0,0,0,0.2,3,2 واقعی + 2 پروکسی,
2026-10-08 04:11:38,1791432698,dogwifcoin,WIF,dogwifhat,0.227155,226910803,50942513,-2.1789,-9.2703,48.01,,0.2443,0.2393,True,0.04,-8.55,0.5311,صبر,0.0622,0.018651,8.19,0.267,False,0.9,True,0.044,0.326,False,none,0.499,0.501,True,0,0,0,0.7,2,2 واقعی + 2 پروکسی,
2026-10-08 04:11:38,1791432698,useless-3,USELESS,Useless Coin,0.201867,201854550,19253956,-6.5284,-14.0425,41.99,,0.225,0.2561,False,0.06,-14.17,0.4422,صبر,0.1156,0.034576,17.1,0.123,False,0.7,True,0.044,-0.036,False,none,0.397,0.603,True,0,0,0,0.1,4,2 واقعی + 2 پروکسی,
2026-10-08 04:11:38,1791432698,non-playable-coin,NPC,Non-Playable Coin,0.02093666,168542726,3844639,-4.1599,-3.205,49.15,,0.0214,0.0224,False,0.07,-3.62,0.47,صبر,0.06,0.002337,11.27,0.135,False,0.3,True,0.193,-0.303,False,none,0.102,0.898,True,0,0,0,0.1,4,2 واقعی + 2 پروکسی,
2026-10-08 04:11:38,1791432698,build-on,B,BUILDon,0.165392,165392061,2296934,-1.8679,-3.8908,40.26,,0.1741,0.1885,False,0.8,-3.31,0.4933,صبر,0.0133,0.017577,10.61,0.164,False,0.7,False,0.3,,False,none,0.449,0.551,False,0,0,0,,,0 واقعی + 4 پروکسی,
2026-10-08 04:11:38,1791432698,fartcoin,FARTCOIN,Fartcoin,0.159931,159917319,32027593,-0.6355,-10.1398,46.43,,0.1734,0.1794,False,0.06,-9.06,0.47,صبر,0.06,0.014389,8.96,0.089,False,0.7,True,0.062,-0.062,False,none,0.393,0.607,True,0,0,0,0.2,3,2 واقعی + 2 پروکسی,
2026-10-08 04:11:38,1791432698,cash-cat,CASHCAT,Cash Cat,0.129697,128124587,19433122,-2.502,-20.7327,39.81,,0.1469,0.1675,False,0.75,-23.76,0.4422,صبر,0.1156,0.025178,19.43,0.009,False,0.55,True,0.077,-0.103,False,none,0.826,0.174,True,0,0,0,0.7,2,2 واقعی + 2 پروکسی,
2026-10-08 04:11:38,1791432698,artificial-inu-3,AI,Artificial Inu,0.111709,110718794,10215143,-10.183,-28.3865,52.58,,0.021,0.0208,True,0.13,1.67,0.5211,صبر,0.0422,0.001034,4.99,0.451,False,0.7,True,0.048,0.094,False,none,0.208,0.792,True,0,0,0,0.7,2,2 واقعی + 2 پروکسی,
2026-10-08 04:11:38,1791432698,melania-meme,MELANIA,Melania Meme,0.096452,96451419,7699230,-1.266,-11.6528,37.76,,0.1017,0.1042,False,0.0,-7.42,0.4933,صبر,0.0133,0.005038,5.2,0.008,False,0.7,True,0.207,0.158,False,none,0.713,0.287,True,0,0,0,0.2,3,2 واقعی + 2 پروکسی,
2026-10-08 12:44:30,1791463470,shiba-inu,SHIB,Shiba Inu,5.38e-06,3167115131,74161778,-1.4789,-6.3347,44.01,,0.0,0.0,False,0.4,-7.18,0.4933,صبر,0.0133,0.0,5.58,0.0,False,0.8,True,0.019,0.161,True,low_sweep,0.53,0.47,True,0,0,0,0.1,4,2 واقعی + 2 پروکسی,
2026-10-08 12:44:30,1791463470,pump-fun,PUMP,Pump.fun,0.00576166,2672576368,357643933,-9.5276,2.1145,57.61,,0.0061,0.0052,True,0.45,-0.93,0.4744,صبر,0.0511,0.000613,10.62,0.654,False,0.7,True,0.035,0.014,False,none,0.836,0.164,True,0,0,0,0.2,3,2 واقعی + 2 پروکسی,
2026-10-08 12:44:30,1791463470,pepe,PEPE,Pepe,4.01e-06,1684590926,182937949,-1.5859,-7.2022,49.2,,0.0,0.0,False,0.41,-9.75,0.47,صبر,0.06,0.0,7.51,0.133,False,0.8,True,0.025,0.127,True,low_sweep,0.448,0.552,True,0,0,0,0.1,4,2 واقعی + 2 پروکسی,
2026-10-08 12:44:30,1791463470,pudgy-penguins,PENGU,Pudgy Penguins,0.00847469,532841295,193688886,-1.4542,-12.309,45.98,,0.0091,0.0093,False,0.14,-10.25,0.4467,صبر,0.1067,0.000779,9.18,0.186,False,0.8,True,0.059,0.145,False,none,0.296,0.704,True,0,0,0,0.2,3,2 واقعی + 2 پروکسی,
2026-10-08 12:44:30,1791463470,official-trump,TRUMP,Official Trump,1.84,519159141,137231655,-0.3579,-10.4601,37.96,,2.0023,2.06,False,0.22,-10.58,0.47,صبر,0.06,0.139521,7.57,-0.102,False,0.7,True,0.054,-0.02,False,none,0.486,0.514,True,0,0,0,0.1,4,2 واقعی + 2 پروکسی,
2026-10-08 12:44:30,1791463470,bianrensheng,币安人生,币安人生 (BinanceLife),0.50721,507395861,17615791,6.4711,1.0868,51.84,,0.5006,0.5021,False,5.28,1.14,0.27,خرید,0.0733,0.029371,5.79,0.631,True,0.9,True,0.079,0.491,True,high_sweep,0.403,0.597,True,0,0,0,0.2,3,2 واقعی + 2 پروکسی,1262
2026-10-08 12:44:30,1791463470,spx6900,SPX,SPX6900,0.370093,344580180,15010706,-6.9338,-14.2032,35.69,,0.421,0.4466,False,0.2,-15.93,0.47,صبر,0.06,0.0379,10.26,-0.037,False,0.8,True,0.081,0.151,False,none,0.596,0.404,True,0,0,0,0.1,4,2 واقعی + 2 پروکسی,
2026-10-08 12:44:30,1791463470,ape-and-pepe,APEPE,Ape and Pepe,1.51e-06,316281023,21476371,20.0454,17.6214,71.59,,0.0,0.0,True,1.54,15.95,0.5,فروش,0.0044,,,1.374,False,0.9,False,0.1,,,,0.655,0.345,False,0,0,0,,,0 واقعی + 3 پروکسی,1261
2026-10-08 12:44:30,1791463470,bonk,BONK,Bonk,3.39e-06,298415035,40925283,-2.1461,-8.1853,49.14,,0.0,0.0,True,0.31,-9.67,0.5311,صبر,0.0622,0.0,8.29,0.293,False,0.7,True,0.059,0.071,True,low_sweep,0.491,0.509,True,0,0,0,0.2,3,2 واقعی + 2 پروکسی,
2026-10-08 12:44:30,1791463470,floki,FLOKI,FLOKI,2.699e-05,260327926,17619855,0.6415,-1.8936,50.06,,0.0,0.0,True,0.26,-2.77,0.5311,صبر,0.0622,2e-06,6.35,0.286,False,0.7,True,0.074,-0.027,False,none,0.167,0.833,True,0,0,0,0.7,2,2 واقعی + 2 پروکسی,
2026-10-08 12:44:30,1791463470,dogwifcoin,WIF,dogwifhat,0.221551,221256544,46177044,-3.31,-9.6079,45.15,,0.2434,0.239,True,0.17,-11.12,0.5244,صبر,0.0489,0.019079,8.62,0.164,False,0.8,True,0.045,0.288,False,none,0.486,0.514,True,0,0,0,0.2,3,2 واقعی + 2 پروکسی,
2026-10-08 12:44:30,1791463470,useless-3,USELESS,Useless Coin,0.189953,189940261,20911510,-10.42,-16.0983,39.88,,0.2234,0.2556,False,0.56,-19.1,0.4422,صبر,0.1156,0.035394,18.57,0.056,False,0.55,True,0.047,-0.211,False,none,0.309,0.691,True,0,0,0,0.1,4,2 واقعی + 2 پروکسی,
2026-10-08 12:44:30,1791463470,non-playable-coin,NPC,Non-Playable Coin,0.02040543,164262328,2786129,-4.3376,-3.5267,48.08,,0.0214,0.0224,False,0.29,-5.02,0.47,صبر,0.06,0.002359,11.54,0.08,False,0.4,True,0.049,-0.357,False,none,0.31,0.69,True,0,0,0,0.1,4,2 واقعی + 2 پروکسی,
2026-10-08 12:44:30,1791463470,fartcoin,FARTCOIN,Fartcoin,0.157153,157144407,29968546,-1.9006,-9.4492,44.88,,0.1729,0.1793,False,0.24,-10.99,0.47,صبر,0.06,0.014682,9.34,0.033,False,0.7,True,0.063,0.094,False,none,0.567,0.433,True,0,0,0,0.1,4,2 واقعی + 2 پروکسی,
2026-10-08 12:44:30,1791463470,cash-cat,CASHCAT,Cash Cat,0.119558,118178722,13550293,-5.1289,-30.7332,36.41,,0.1454,0.167,False,1.0,-30.06,0.4422,صبر,0.1156,0.025407,21.37,-0.095,False,0.8,True,0.084,0.103,False,none,0.607,0.393,True,0,0,0,0.1,4,2 واقعی + 2 پروکسی,
2026-10-08 12:44:30,1791463470,artificial-inu-3,AI,Artificial Inu,0.111092,110141504,10125051,-6.4558,-33.5551,49.29,,0.0209,0.0208,True,0.45,-0.44,0.5311,صبر,0.0622,0.001065,5.25,0.274,False,0.7,True,0.099,0.035,False,none,0.702,0.298,True,0,0,0,0.2,3,2 واقعی + 2 پروکسی,
2026-10-08 12:44:30,1791463470,melania-meme,MELANIA,Melania Meme,0.096147,96144623,6774851,-0.4965,-7.8735,37.08,,0.1017,0.1042,False,0.12,-7.92,0.4933,صبر,0.0133,0.005175,5.37,-0.018,False,0.7,True,0.167,0.23,False,none,0.4,0.6,True,0,0,0,0.7,2,2 واقعی + 2 پروکسی,
2026-10-08 12:44:30,1791463470,ordinals,ORDI,ORDI,4.35,91450641,19368385,3.3787,-4.9468,47.56,,4.5537,4.6343,False,0.27,-4.43,0.47,صبر,0.06,0.315284,7.23,0.037,False,0.8,True,0.092,0.172,False,none,0.322,0.678,True,0,0,0,0.1,4,2 واقعی + 2 پروکسی,
2026-10-08 12:44:30,1791463470,marscoin-4,MARSCOIN,MarsCoin,0.08984,89838229,20656708,-9.6561,-36.111,41.27,,0.1032,0.1172,False,0.23,-29.33,0.4422,صبر,0.1156,0.020906,23.2,0.133,False,0.8,True,0.111,0.65,False,none,0.516,0.484,True,0,0,0,0.1,4,2 واقعی + 2 پروکسی,
2026-10-08 22:49:34,1791499774,shiba-inu,SHIB,Shiba Inu,5.32e-06,3135200844,92854618,-1.7347,-8.1323,42.85,,0.0,0.0,False,1.13,-8.06,0.5167,صبر,0.0333,0.0,5.94,-0.047,False,0.8,True,0.019,0.271,False,none,0.533,0.467,True,0,0,0,0.2,3,2 واقعی + 2 پروکسی,
2026-10-08 22:49:34,1791499774,pump-fun,PUMP,Pump.fun,0.00568678,2638966764,433554213,-8.1127,-3.0017,56.55,,0.0061,0.0052,True,1.05,-2.25,0.4978,صبر,0.0044,0.000642,11.27,0.634,False,0.7,True,0.035,0.051,False,none,0.678,0.322,True,0,0,0,0.7,2,2 واقعی + 2 پروکسی,
2026-10-08 22:49:34,1791499774,pepe,PEPE,Pepe,3.85e-06,1620784298,306454509,-5.6578,-13.4347,45.7,,0.0,0.0,False,1.58,-13.11,0.4933,صبر,0.0133,0.0,8.39,0.005,False,0.7,True,0.026,0.008,False,none,0.472,0.528,True,0,0,0,0.2,3,2 واقعی + 2 پروکسی,
2026-10-08 22:49:34,1791499774,bianrensheng,币安人生,币安人生 (BinanceLife),0.518284,517839263,20954844,8.3521,3.1537,55.76,,0.5023,0.5026,False,6.28,3.5,0.5135,خرید,0.0511,,,0.948,True,0.8,True,0.038,0.146,,,0.62,0.38,True,0,0,0,0.7,2,2 واقعی + 1 پروکسی,1264
2026-10-08 22:49:34,1791499774,official-trump,TRUMP,Official Trump,1.83,516071031,183547996,-1.6167,-11.6811,37.49,,2.0009,2.0595,False,0.55,-11.07,0.47,صبر,0.06,0.144806,7.9,-0.12,False,0.8,True,0.055,0.154,True,low_sweep,0.473,0.527,True,0,0,0,0.2,3,2 واقعی + 2 پروکسی,
2026-10-08 22:49:34,1791499774,pudgy-penguins,PENGU,Pudgy Penguins,0.0080092,503547139,206997931,-7.0157,-15.5503,42.15,,0.009,0.0092,False,0.42,-15.03,0.47,صبر,0.06,0.00084,10.46,0.052,False,0.8,True,0.037,0.258,False,none,0.336,0.664,True,0,0,0,0.2,3,2 واقعی + 2 پروکسی,
2026-10-08 22:49:34,1791499774,spx6900,SPX,SPX6900,0.36826,342859691,14834619,-4.9108,-16.7598,35.56,,0.4209,0.4465,False,0.61,-16.16,0.47,صبر,0.06,0.039579,10.74,-0.043,False,0.45,True,0.109,-0.133,False,none,0.745,0.255,True,0,0,0,0.2,3,2 واقعی + 2 پروکسی,
2026-10-08 22:49:34,1791499774,bonk,BONK,Bonk,3.28e-06,288461418,49847032,-6.4745,-13.1664,46.09,,0.0,0.0,True,0.73,-12.94,0.5244,صبر,0.0489,0.0,9.18,0.179,False,0.7,True,0.061,0.015,False,none,0.583,0.417,True,0,0,0,0.7,2,2 واقعی + 2 پروکسی,
2026-10-08 22:49:34,1791499774,floki,FLOKI,FLOKI,2.616e-05,252239216,24931469,-3.9817,-5.4118,46.26,,0.0,0.0,True,0.88,-5.94,0.5711,صبر,0.1422,2e-06,7.07,0.112,False,0.7,True,0.038,0.092,False,none,0.508,0.492,True,0,0,0,0.7,2,2 واقعی + 2 پروکسی,
2026-10-08 22:49:34,1791499774,dogwifcoin,WIF,dogwifhat,0.20949,209335796,59779888,-9.057,-16.1322,40.67,,0.2417,0.2384,True,0.55,-15.86,0.5478,صبر,0.0956,0.020515,9.79,-0.001,False,0.8,True,0.048,0.14,False,none,0.512,0.488,True,0,0,0,0.7,2,2 واقعی + 2 پروکسی,
2026-10-08 22:49:34,1791499774,useless-3,USELESS,Useless Coin,0.188136,188141935,24432095,-7.6466,-21.6099,39.42,,0.223,0.2554,False,1.4,-20.25,0.4889,صبر,0.0222,0.036281,19.31,0.041,False,0.7,True,0.048,0.013,False,none,0.27,0.73,True,0,0,0,0.2,3,2 واقعی + 2 پروکسی,
2026-10-08 22:49:34,1791499774,non-playable-coin,NPC,Non-Playable Coin,0.02113995,170176817,3723406,1.1075,-3.5254,50.74,,0.0215,0.0224,False,1.01,-1.63,0.4767,صبر,0.0467,0.002469,11.66,0.221,False,0.7,True,0.095,-0.033,True,low_sweep,0.65,0.35,True,0,0,0,0.2,3,2 واقعی + 2 پروکسی,
2026-10-08 22:49:34,1791499774,fartcoin,FARTCOIN,Fartcoin,0.155797,155792925,41505410,-2.4374,-11.6331,44.48,,0.1728,0.1792,False,1.96,-11.49,0.5167,صبر,0.0333,0.015625,10.0,0.019,False,0.55,True,0.064,-0.175,False,none,0.609,0.391,True,0,0,0,0.2,3,2 واقعی + 2 پروکسی,
2026-10-08 22:49:34,1791499774,build-on,B,BUILDon,0.146602,146595125,4699603,-12.3304,-13.6587,34.0,,0.1714,0.1875,False,1.16,-14.39,0.4656,صبر,0.0689,0.022239,15.17,-0.044,False,0.7,False,0.3,,True,low_sweep,0.445,0.555,False,0,0,0,,,0 واقعی + 4 پروکسی,
2026-10-08 22:49:34,1791499774,cash-cat,CASHCAT,Cash Cat,0.114272,112878091,15414160,-6.5351,-33.2558,35.48,,0.1448,0.1668,False,1.4,-32.53,0.4656,صبر,0.0689,0.026271,22.9,-0.13,False,0.6,True,0.175,0.082,False,none,0.302,0.698,True,0,0,0,0.2,3,2 واقعی + 2 پروکسی,
2026-10-08 22:49:34,1791499774,artificial-inu-3,AI,Artificial Inu,0.097681,96766016,20313393,-9.9708,-37.3451,42.93,,0.0208,0.0207,True,0.62,-5.45,0.5711,صبر,0.1422,0.001156,6.0,-0.067,False,0.55,True,0.051,-0.25,False,none,0.598,0.402,True,0,0,0,0.2,3,2 واقعی + 2 پروکسی,
2026-10-08 22:49:34,1791499774,melania-meme,MELANIA,Melania Meme,0.090225,90211772,7444006,-6.5929,-14.3609,30.25,,0.1007,0.1039,False,1.73,-14.14,0.5167,صبر,0.0333,0.005873,6.53,-0.258,False,0.6,True,0.2,0.077,False,none,0.436,0.564,True,0,0,0,0.2,3,2 واقعی + 2 پروکسی,
2026-10-08 22:49:34,1791499774,marscoin-4,MARSCOIN,MarsCoin,0.089649,89583993,23600988,-5.9969,-30.2259,41.07,,0.1031,0.1172,False,0.4,-29.88,0.4422,صبر,0.1156,0.021064,23.56,0.126,False,0.8,True,0.112,0.504,False,none,0.498,0.502,True,0,0,0,0.1,4,2 واقعی + 2 پروکسی,
2026-10-08 22:49:34,1791499774,ordinals,ORDI,ORDI,4.16,87318885,23284918,-8.5154,-9.3621,42.7,,4.5267,4.6253,False,0.79,-8.57,0.4933,صبر,0.0133,0.343784,8.25,-0.166,False,0.7,True,0.12,0.219,True,low_sweep,0.729,0.271,True,0,0,0,0.2,3,2 واقعی + 2 پروکسی,
2026-10-09 04:17:15,1791519435,shiba-inu,SHIB,Shiba Inu,5.35e-06,3155048860,91830281,-1.1076,-7.6199,46.38,,0.0,0.0,False,0.06,-6.47,0.47,صبر,0.06,0.0,5.61,0.044,False,0.8,True,0.019,0.155,False,none,0.555,0.445,True,0,0,0,0.7,2,2 واقعی + 2 پروکسی,
2026-10-09 04:17:15,1791519435,pump-fun,PUMP,Pump.fun,0.00563073,2609982051,421455617,-6.5638,-2.0938,57.48,,0.0061,0.0052,True,0.05,4.7,0.4978,صبر,0.0044,0.000606,10.75,0.605,False,0.7,True,0.035,-0.002,False,none,0.686,0.314,True,0,0,0,0.7,2,2 واقعی + 2 پروکسی,
2026-10-09 04:17:15,1791519435,pepe,PEPE,Pepe,3.91e-06,1645895706,323699843,-3.6197,-11.8812,49.85,,0.0,0.0,False,0.07,-8.01,0.47,صبر,0.06,0.0,7.93,0.104,False,0.7,True,0.026,0.007,False,none,0.494,0.506,True,0,0,0,0.2,3,2 واقعی + 2 پروکسی,
2026-10-09 04:17:15,1791519435,official-trump,TRUMP,Official Trump,1.85,520175799,184232362,-0.5419,-10.8511,40.74,,1.9613,2.0477,False,0.04,-12.63,0.47,صبر,0.06,0.137664,7.45,0.017,False,0.8,True,0.054,0.135,False,none,0.537,0.463,True,0,0,0,0.7,2,2 واقعی + 2 پروکسی,
2026-10-09 04:17:15,1791519435,pudgy-penguins,PENGU,Pudgy Penguins,0.00810468,509352917,205862205,-5.8151,-15.4108,44.99,,0.0089,0.0093,False,0.08,-8.97,0.4933,صبر,0.0133,0.000806,9.92,0.081,False,0.7,True,0.049,-0.007,False,none,0.662,0.338,True,0,0,0,0.2,3,2 واقعی + 2 پروکسی,
2026-10-09 04:17:15,1791519435,bianrensheng,币安人生,币安人生 (BinanceLife),0.509246,509008632,21029435,6.21,1.1357,54.67,,0.5011,0.5021,False,4.66,3.39,0.2,خرید,0.0289,,,0.7,True,0.9,True,0.059,0.323,,,0.514,0.486,True,0,0,0,0.2,3,2 واقعی + 1 پروکسی,1266
2026-10-09 04:17:15,1791519435,spx6900,SPX,SPX6900,0.369212,343701053,11604134,-4.5953,-16.566,36.48,,0.4126,0.4403,False,0.06,-13.24,0.47,صبر,0.06,0.037399,10.14,0.034,False,0.7,True,0.054,-0.057,False,none,0.788,0.212,True,0,0,0,0.7,2,2 واقعی + 2 پروکسی,
2026-10-09 04:17:15,1791519435,bonk,BONK,Bonk,3.33e-06,293464627,49077163,-3.5032,-12.6443,50.39,,0.0,0.0,True,0.05,-8.14,0.5478,صبر,0.0956,0.0,8.57,0.199,False,0.8,True,0.06,0.141,False,none,0.523,0.477,True,0,0,0,0.7,2,2 واقعی + 2 پروکسی,
2026-10-09 04:17:15,1791519435,floki,FLOKI,FLOKI,2.644e-05,254900400,24400241,-3.0678,-5.6663,50.0,,0.0,0.0,False,0.02,-2.72,0.47,صبر,0.06,2e-06,6.63,0.186,False,0.7,True,0.038,0.084,False,none,0.461,0.539,True,0,0,0,0.2,3,2 واقعی + 2 پروکسی,
2026-10-09 04:17:15,1791519435,binance-peg-dogecoin,DOGE,Binance-Peg Dogecoin,0.084858,217549836,1081929,-4.2244,-9.7652,42.68,,0.0909,0.0934,False,0.04,-8.42,0.4933,صبر,0.0133,0.004985,5.86,0.002,False,0.8,True,0.012,0.104,False,none,0.543,0.457,True,0,0,0,0.2,3,2 واقعی + 2 پروکسی,
2026-10-09 04:17:15,1791519435,dogwifcoin,WIF,dogwifhat,0.21187,211625584,62145798,-6.7666,-16.9031,44.72,,0.2362,0.2382,False,0.08,-14.81,0.47,صبر,0.06,0.019522,9.2,0.049,False,0.8,True,0.047,0.186,False,none,0.484,0.516,True,0,0,0,0.2,3,2 واقعی + 2 پروکسی,
2026-10-09 04:17:15,1791519435,useless-3,USELESS,Useless Coin,0.194994,194967950,29138743,-3.3142,-19.5526,41.26,,0.2188,0.2508,False,0.04,-13.27,0.4422,صبر,0.1156,0.034497,17.77,0.129,False,0.9,True,0.062,0.467,False,none,0.647,0.353,True,0,0,0,0.7,2,2 واقعی + 2 پروکسی,
2026-10-09 04:17:15,1791519435,non-playable-coin,NPC,Non-Playable Coin,0.02149274,173018565,3560890,3.1791,-0.3931,53.02,,0.0215,0.0223,False,0.03,-0.92,0.4533,صبر,0.0933,0.002355,10.95,0.32,False,0.7,True,0.093,-0.04,False,none,0.806,0.194,True,0,0,0,0.7,2,2 واقعی + 2 پروکسی,
2026-10-09 04:17:15,1791519435,fartcoin,FARTCOIN,Fartcoin,0.163626,163658801,45859600,2.489,-8.0663,49.48,,0.1708,0.1793,False,0.16,-8.7,0.47,صبر,0.06,0.015211,9.36,0.161,False,0.6,True,0.123,0.018,False,none,0.168,0.832,True,0,0,0,0.7,2,2 واقعی + 2 پروکسی,
2026-10-09 04:17:15,1791519435,build-on,B,BUILDon,0.149093,149090969,5190046,-10.0069,-12.5281,34.19,,0.1668,0.1852,False,1.32,-16.18,0.5167,صبر,0.0333,0.021237,14.25,0.076,False,0.7,False,0.3,,False,none,0.433,0.567,False,0,0,0,,,0 واقعی + 4 پروکسی,
2026-10-09 04:17:15,1791519435,cash-cat,CASHCAT,Cash Cat,0.113871,112475257,11108931,-12.0603,-33.3373,36.33,,0.1391,0.1614,False,0.09,-25.37,0.4422,صبر,0.1156,0.024635,21.48,-0.025,False,0.55,True,0.087,-0.111,False,none,0.296,0.704,True,0,0,0,0.2,3,2 واقعی + 2 پروکسی,
2026-10-09 04:17:15,1791519435,marscoin-4,MARSCOIN,MarsCoin,0.09214,92212118,23074724,-1.6984,-26.2535,41.17,,0.1013,0.1163,False,0.04,-13.5,0.4422,صبر,0.1156,0.019573,21.07,0.179,False,0.8,True,0.108,0.443,False,none,0.73,0.27,True,0,0,0,0.7,2,2 واقعی + 2 پروکسی,
2026-10-09 04:17:15,1791519435,melania-meme,MELANIA,Melania Meme,0.090357,90383892,7546562,-6.3032,-15.3671,33.13,,0.0988,0.1033,False,0.03,-13.36,0.47,صبر,0.06,0.005499,6.07,-0.089,False,0.7,True,0.166,0.19,False,none,0.553,0.447,True,0,0,0,0.2,3,2 واقعی + 2 پروکسی,
2026-10-09 04:17:15,1791519435,artificial-inu-3,AI,Artificial Inu,0.090626,89824201,19580916,-18.8038,-50.4014,46.15,,0.0207,0.0207,False,0.03,-3.66,0.47,صبر,0.06,0.001079,5.47,0.114,False,0.6,True,0.101,-0.022,False,none,0.478,0.522,True,0,0,0,0.2,3,2 واقعی + 2 پروکسی,
2026-10-09 12:31:18,1791549078,shiba-inu,SHIB,Shiba Inu,5.37e-06,3164890495,86795504,-0.1956,-8.754,46.72,,0.0,0.0,False,0.19,-6.26,0.47,صبر,0.06,0.0,5.67,0.055,False,0.9,True,0.019,0.511,False,none,0.486,0.514,True,0,0,0,0.2,3,2 واقعی + 2 پروکسی,
2026-10-09 12:31:18,1791549078,pump-fun,PUMP,Pump.fun,0.00567534,2631595553,345778836,-1.2052,-2.011,57.76,,0.0061,0.0052,True,0.18,5.2,0.4978,صبر,0.0044,0.000618,10.91,0.612,False,0.8,True,0.035,0.177,False,none,0.539,0.461,True,0,0,0,0.8,3,2 واقعی + 2 پروکسی,
2026-10-09 12:31:18,1791549078,memecore,M,MemeCore,1.002,2291669182,1644037,-4.9621,-3.1017,39.56,,1.0368,1.1602,False,1.37,-5.0,0.5011,صبر,0.0022,,,0.246,False,0.7,False,0.3,,,,0.433,0.567,False,0,0,0,,,0 واقعی + 3 پروکسی,
2026-10-09 12:31:18,1791549078,pepe,PEPE,Pepe,3.91e-06,1643446499,313286912,-2.5965,-13.4122,49.68,,0.0,0.0,False,0.2,-8.18,0.47,صبر,0.06,0.0,8.03,0.098,False,0.7,True,0.051,0.083,False,none,0.432,0.568,True,0,0,0,0.2,3,2 واقعی + 2 پروکسی,
2026-10-09 12:31:18,1791549078,official-trump,TRUMP,Official Trump,1.85,520533033,169472765,0.0757,-13.2067,40.74,,1.9613,2.0477,False,0.13,-12.63,0.47,صبر,0.06,0.13895,7.52,0.017,False,0.7,True,0.054,0.021,False,none,0.552,0.448,True,0,0,0,0.2,3,2 واقعی + 2 پروکسی,
2026-10-09 12:31:18,1791549078,pudgy-penguins,PENGU,Pudgy Penguins,0.00803506,505154168,200107334,-5.3712,-18.4023,44.2,,0.0089,0.0093,False,0.21,-9.83,0.4933,صبر,0.0133,0.000812,10.09,0.059,False,0.7,True,0.05,0.028,False,none,0.623,0.377,True,0,0,0,0.2,3,2 واقعی + 2 پروکسی,
2026-10-09 12:31:18,1791549078,spx6900,SPX,SPX6900,0.374554,348742570,10157810,0.9059,-17.1779,37.94,,0.4135,0.4406,False,0.27,-11.76,0.47,صبر,0.06,0.038063,10.14,0.068,False,0.8,True,0.08,0.141,False,none,0.201,0.799,True,0,0,0,0.7,2,2 واقعی + 2 پروکسی,
2026-10-09 12:31:18,1791549078,bonk,BONK,Bonk,3.34e-06,294046672,44792887,-1.7634,-14.0979,50.31,,0.0,0.0,True,0.17,-8.22,0.5478,صبر,0.0956,0.0,8.71,0.196,False,0.7,True,0.06,-0.032,False,none,0.479,0.521,True,0,0,0,0.7,2,2 واقعی + 2 پروکسی,
2026-10-09 12:31:18,1791549078,floki,FLOKI,FLOKI,2.697e-05,259959844,29651624,-0.0688,-4.5601,51.98,,0.0,0.0,False,0.22,-1.03,0.4533,صبر,0.0933,2e-06,6.79,0.278,False,0.8,True,0.074,0.13,False,none,0.418,0.582,True,0,0,0,0.2,3,2 واقعی + 2 پروکسی,
2026-10-09 12:31:18,1791549078,dogwifcoin,WIF,dogwifhat,0.211701,211532723,62610666,-4.7141,-16.9549,44.48,,0.2361,0.2382,False,0.21,-15.01,0.47,صبر,0.06,0.019793,9.35,0.043,False,0.8,True,0.047,0.214,False,none,0.564,0.436,True,0,0,0,0.2,3,2 واقعی + 2 پروکسی,
2026-10-09 12:31:18,1791549078,useless-3,USELESS,Useless Coin,0.194833,195094153,24934913,2.4201,-22.8782,41.25,,0.2188,0.2508,False,0.24,-13.29,0.4422,صبر,0.1156,0.034796,17.93,0.129,False,0.8,True,0.124,0.31,False,none,0.677,0.323,True,0,0,0,0.2,3,2 واقعی + 2 پروکسی,
2026-10-09 12:31:18,1791549078,non-playable-coin,NPC,Non-Playable Coin,0.02181716,175642113,3701049,6.8527,-3.2104,54.21,,0.0215,0.0223,False,0.09,0.64,0.4767,صبر,0.0467,0.002386,10.92,0.395,False,0.8,True,0.046,0.202,False,none,0.462,0.538,True,0,0,0,0.7,2,2 واقعی + 2 پروکسی,
2026-10-09 12:31:18,1791549078,fartcoin,FARTCOIN,Fartcoin,0.163108,163084784,46377534,3.4872,-12.0641,49.68,,0.1709,0.1794,False,0.44,-8.48,0.47,صبر,0.06,0.01539,9.44,0.168,False,0.7,True,0.061,0.06,False,none,0.24,0.76,True,0,0,0,0.2,3,2 واقعی + 2 پروکسی,
2026-10-09 12:31:18,1791549078,build-on,B,BUILDon,0.147387,147386954,4631332,-7.5851,-15.7407,33.15,,0.1665,0.1851,False,1.18,-17.16,0.4656,صبر,0.0689,0.023381,15.87,0.059,False,0.7,False,0.3,,False,none,0.431,0.569,False,0,0,0,,,0 واقعی + 4 پروکسی,
2026-10-09 12:31:18,1791549078,cash-cat,CASHCAT,Cash Cat,0.114515,113161263,13374079,-4.5594,-34.9636,35.92,,0.1389,0.1614,False,0.28,-26.02,0.4422,صبر,0.1156,0.024906,21.91,-0.033,False,0.6,True,0.176,0.054,False,none,0.53,0.47,True,0,0,0,0.2,3,2 واقعی + 2 پروکسی,
2026-10-09 12:31:18,1791549078,artificial-inu-3,AI,Artificial Inu,0.096942,96216959,20984505,-12.21,-37.3542,46.15,,0.0207,0.0207,False,0.09,-3.66,0.47,صبر,0.06,0.001092,5.54,0.114,False,0.6,True,0.101,0.083,False,none,0.339,0.661,True,0,0,0,0.2,3,2 واقعی + 2 پروکسی,
2026-10-09 12:31:18,1791549078,marscoin-4,MARSCOIN,MarsCoin,0.094925,94854987,21984546,5.5624,-21.8602,42.01,,0.1015,0.1164,False,0.18,-11.73,0.4256,صبر,0.1489,0.019787,20.87,0.201,False,0.7,True,0.106,0.189,False,none,0.503,0.497,True,0,0,0,0.7,2,2 واقعی + 2 پروکسی,
2026-10-09 12:31:18,1791549078,melania-meme,MELANIA,Melania Meme,0.090567,90569681,8759057,-5.6921,-15.9317,33.55,,0.0988,0.1033,False,0.31,-13.17,0.47,صبر,0.06,0.00558,6.15,-0.083,False,0.6,True,0.166,0.049,False,none,0.871,0.129,True,0,0,0,0.2,3,2 واقعی + 2 پروکسی,
